# Contact Transporter — generated by Bada (contact_transporter/main_blueprint.bada)
# door axis (lab frame) = [0.86964, -0.251011, 0.425113]
# Lorentz factor = 64800, rapidity = 11.7722
g gimbal_outer
v -53.1428 32.2342 0
v -52.9061 32.0906 1.03315
v -52.2595 31.6984 1.78947
v -51.3761 31.1626 2.0663
v -50.4928 30.6268 1.78947
v -49.8461 30.2345 1.03315
v -49.6094 30.091 2.53049e-16
v -49.8461 30.2345 -1.03315
v -50.4928 30.6268 -1.78947
v -51.3761 31.1626 -2.0663
v -52.2595 31.6984 -1.78947
v -52.9061 32.0906 -1.03315
v -54.757 29.4087 0
v -54.5131 29.2777 1.03315
v -53.8468 28.9199 1.78947
v -52.9367 28.431 2.0663
v -52.0265 27.9422 1.78947
v -51.3602 27.5844 1.03315
v -51.1163 27.4534 2.53049e-16
v -51.3602 27.5844 -1.03315
v -52.0265 27.9422 -1.78947
v -52.9367 28.431 -2.0663
v -53.8468 28.9199 -1.78947
v -54.5131 29.2777 -1.03315
v -56.2211 26.5027 0
v -55.9707 26.3846 1.03315
v -55.2866 26.0621 1.78947
v -54.3521 25.6216 2.0663
v -53.4176 25.1811 1.78947
v -52.7334 24.8586 1.03315
v -52.483 24.7405 2.53049e-16
v -52.7334 24.8586 -1.03315
v -53.4176 25.1811 -1.78947
v -54.3521 25.6216 -2.0663
v -55.2866 26.0621 -1.78947
v -55.9707 26.3846 -1.03315
v -57.5311 23.524 0
v -57.2749 23.4192 1.03315
v -56.5748 23.1329 1.78947
v -55.6185 22.7419 2.0663
v -54.6622 22.3509 1.78947
v -53.9622 22.0646 1.03315
v -53.7059 21.9599 2.53049e-16
v -53.9622 22.0646 -1.03315
v -54.6622 22.3509 -1.78947
v -55.6185 22.7419 -2.0663
v -56.5748 23.1329 -1.78947
v -57.2749 23.4192 -1.03315
v -58.6834 20.4808 0
v -58.422 20.3896 1.03315
v -57.708 20.1403 1.78947
v -56.7325 19.7999 2.0663
v -55.7571 19.4595 1.78947
v -55.043 19.2102 1.03315
v -54.7816 19.119 2.53049e-16
v -55.043 19.2102 -1.03315
v -55.7571 19.4595 -1.78947
v -56.7325 19.7999 -2.0663
v -57.708 20.1403 -1.78947
v -58.422 20.3896 -1.03315
v -59.6749 17.3815 0
v -59.4091 17.304 1.03315
v -58.6829 17.0925 1.78947
v -57.691 16.8036 2.0663
v -56.6991 16.5147 1.78947
v -55.9729 16.3032 1.03315
v -55.7071 16.2258 2.53049e-16
v -55.9729 16.3032 -1.03315
v -56.6991 16.5147 -1.78947
v -57.691 16.8036 -2.0663
v -58.6829 17.0925 -1.78947
v -59.4091 17.304 -1.03315
v -60.5028 14.2345 0
v -60.2333 14.1711 1.03315
v -59.4971 13.9979 1.78947
v -58.4914 13.7613 2.0663
v -57.4857 13.5247 1.78947
v -56.7495 13.3515 1.03315
v -56.48 13.2881 2.53049e-16
v -56.7495 13.3515 -1.03315
v -57.4857 13.5247 -1.78947
v -58.4914 13.7613 -2.0663
v -59.4971 13.9979 -1.78947
v -60.2333 14.1711 -1.03315
v -61.1648 11.0485 0
v -60.8924 10.9993 1.03315
v -60.1481 10.8649 1.78947
v -59.1314 10.6812 2.0663
v -58.1147 10.4976 1.78947
v -57.3705 10.3631 1.03315
v -57.098 10.3139 2.53049e-16
v -57.3705 10.3631 -1.03315
v -58.1147 10.4976 -1.78947
v -59.1314 10.6812 -2.0663
v -60.1481 10.8649 -1.78947
v -60.8924 10.9993 -1.03315
v -61.6592 7.83225 0
v -61.3846 7.79737 1.03315
v -60.6343 7.70206 1.78947
v -59.6094 7.57187 2.0663
v -58.5845 7.44168 1.78947
v -57.8342 7.34638 1.03315
v -57.5596 7.31149 2.53049e-16
v -57.8342 7.34638 -1.03315
v -58.5845 7.44168 -1.78947
v -59.6094 7.57187 -2.0663
v -60.6343 7.70206 -1.78947
v -61.3846 7.79737 -1.03315
v -61.9846 4.59452 0
v -61.7086 4.57406 1.03315
v -60.9543 4.51815 1.78947
v -59.924 4.44178 2.0663
v -58.8937 4.36541 1.78947
v -58.1394 4.3095 1.03315
v -57.8633 4.28904 2.53049e-16
v -58.1394 4.3095 -1.03315
v -58.8937 4.36541 -1.78947
v -59.924 4.44178 -2.0663
v -60.9543 4.51815 -1.78947
v -61.7086 4.57406 -1.03315
v -62.1401 1.3442 0
v -61.8634 1.33821 1.03315
v -61.1072 1.32186 1.78947
v -60.0743 1.29951 2.0663
v -59.0414 1.27717 1.78947
v -58.2853 1.26081 1.03315
v -58.0085 1.25483 2.53049e-16
v -58.2853 1.26081 -1.03315
v -59.0414 1.27717 -1.78947
v -60.0743 1.29951 -2.0663
v -61.1072 1.32186 -1.78947
v -61.8634 1.33821 -1.03315
v -62.1253 -1.90981 0
v -61.8486 -1.9013 1.03315
v -61.0927 -1.87806 1.78947
v -60.06 -1.84632 2.0663
v -59.0273 -1.81457 1.78947
v -58.2714 -1.79133 1.03315
v -57.9947 -1.78282 2.53049e-16
v -58.2714 -1.79133 -1.03315
v -59.0273 -1.81457 -1.78947
v -60.06 -1.84632 -2.0663
v -61.0927 -1.87806 -1.78947
v -61.8486 -1.9013 -1.03315
v -61.9402 -5.15858 0
v -61.6644 -5.1356 1.03315
v -60.9107 -5.07283 1.78947
v -59.8811 -4.98708 2.0663
v -58.8515 -4.90134 1.78947
v -58.0978 -4.83856 1.03315
v -57.8219 -4.81559 2.53049e-16
v -58.0978 -4.83856 -1.03315
v -58.8515 -4.90134 -1.78947
v -59.8811 -4.98708 -2.0663
v -60.9107 -5.07283 -1.78947
v -61.6644 -5.1356 -1.03315
v -61.5854 -8.39321 0
v -61.3111 -8.35583 1.03315
v -60.5617 -8.2537 1.78947
v -59.538 -8.11418 2.0663
v -58.5143 -7.97467 1.78947
v -57.7649 -7.87254 1.03315
v -57.4906 -7.83515 2.53049e-16
v -57.7649 -7.87254 -1.03315
v -58.5143 -7.97467 -1.78947
v -59.538 -8.11418 -2.0663
v -60.5617 -8.2537 -1.78947
v -61.3111 -8.35583 -1.03315
v -61.0617 -11.6048 0
v -60.7897 -11.5531 1.03315
v -60.0467 -11.4119 1.78947
v -59.0317 -11.219 2.0663
v -58.0168 -11.0261 1.78947
v -57.2737 -10.8849 1.03315
v -57.0018 -10.8332 2.53049e-16
v -57.2737 -10.8849 -1.03315
v -58.0168 -11.0261 -1.78947
v -59.0317 -11.219 -2.0663
v -60.0467 -11.4119 -1.78947
v -60.7897 -11.5531 -1.03315
v -60.3707 -14.7847 0
v -60.1018 -14.7188 1.03315
v -59.3672 -14.5389 1.78947
v -58.3637 -14.2931 2.0663
v -57.3602 -14.0474 1.78947
v -56.6256 -13.8675 1.03315
v -56.3567 -13.8016 2.53049e-16
v -56.6256 -13.8675 -1.03315
v -57.3602 -14.0474 -1.78947
v -58.3637 -14.2931 -2.0663
v -59.3672 -14.5389 -1.78947
v -60.1018 -14.7188 -1.03315
v -59.5142 -17.924 0
v -59.2491 -17.8441 1.03315
v -58.5249 -17.626 1.78947
v -57.5357 -17.3281 2.0663
v -56.5464 -17.0301 1.78947
v -55.8222 -16.812 1.03315
v -55.5571 -16.7322 2.53049e-16
v -55.8222 -16.812 -1.03315
v -56.5464 -17.0301 -1.78947
v -57.5357 -17.3281 -2.0663
v -58.5249 -17.626 -1.78947
v -59.2491 -17.8441 -1.03315
v -58.4945 -21.0141 0
v -58.234 -20.9205 1.03315
v -57.5222 -20.6648 1.78947
v -56.5499 -20.3155 2.0663
v -55.5776 -19.9662 1.78947
v -54.8658 -19.7105 1.03315
v -54.6053 -19.6169 2.53049e-16
v -54.8658 -19.7105 -1.03315
v -55.5776 -19.9662 -1.78947
v -56.5499 -20.3155 -2.0663
v -57.5222 -20.6648 -1.78947
v -58.234 -20.9205 -1.03315
v -57.3146 -24.0467 0
v -57.0593 -23.9396 1.03315
v -56.3619 -23.647 1.78947
v -55.4092 -23.2473 2.0663
v -54.4565 -22.8476 1.78947
v -53.7591 -22.5549 1.03315
v -53.5038 -22.4478 2.53049e-16
v -53.7591 -22.5549 -1.03315
v -54.4565 -22.8476 -1.78947
v -55.4092 -23.2473 -2.0663
v -56.3619 -23.647 -1.78947
v -57.0593 -23.9396 -1.03315
v -55.9775 -27.0133 0
v -55.7282 -26.893 1.03315
v -55.0471 -26.5643 1.78947
v -54.1166 -26.1153 2.0663
v -53.1861 -25.6663 1.78947
v -52.505 -25.3376 1.03315
v -52.2556 -25.2173 2.53049e-16
v -52.505 -25.3376 -1.03315
v -53.1861 -25.6663 -1.78947
v -54.1166 -26.1153 -2.0663
v -55.0471 -26.5643 -1.78947
v -55.7282 -26.893 -1.03315
v -54.487 -29.906 0
v -54.2444 -29.7728 1.03315
v -53.5813 -29.4089 1.78947
v -52.6757 -28.9118 2.0663
v -51.77 -28.4146 1.78947
v -51.1069 -28.0507 1.03315
v -50.8643 -27.9175 2.53049e-16
v -51.1069 -28.0507 -1.03315
v -51.77 -28.4146 -1.78947
v -52.6757 -28.9118 -2.0663
v -53.5813 -29.4089 -1.78947
v -54.2444 -29.7728 -1.03315
v -52.8472 -32.7166 0
v -52.6118 -32.5709 1.03315
v -51.9688 -32.1728 1.78947
v -51.0903 -31.629 2.0663
v -50.2119 -31.0851 1.78947
v -49.5688 -30.687 1.03315
v -49.3335 -30.5413 2.53049e-16
v -49.5688 -30.687 -1.03315
v -50.2119 -31.0851 -1.78947
v -51.0903 -31.629 -2.0663
v -51.9688 -32.1728 -1.78947
v -52.6118 -32.5709 -1.03315
v -51.0625 -35.4376 0
v -50.8351 -35.2797 1.03315
v -50.2138 -34.8485 1.78947
v -49.365 -34.2595 2.0663
v -48.5162 -33.6704 1.78947
v -47.8949 -33.2392 1.03315
v -47.6674 -33.0814 2.53049e-16
v -47.8949 -33.2392 -1.03315
v -48.5162 -33.6704 -1.78947
v -49.365 -34.2595 -2.0663
v -50.2138 -34.8485 -1.78947
v -50.8351 -35.2797 -1.03315
v -49.1379 -38.0614 0
v -48.919 -37.8919 1.03315
v -48.3211 -37.4288 1.78947
v -47.5043 -36.7961 2.0663
v -46.6876 -36.1634 1.78947
v -46.0896 -35.7003 1.03315
v -45.8708 -35.5308 2.53049e-16
v -46.0896 -35.7003 -1.03315
v -46.6876 -36.1634 -1.78947
v -47.5043 -36.7961 -2.0663
v -48.3211 -37.4288 -1.78947
v -48.919 -37.8919 -1.03315
v -47.0786 -40.5809 0
v -46.8689 -40.4002 1.03315
v -46.296 -39.9064 1.78947
v -45.5135 -39.2318 2.0663
v -44.7309 -38.5573 1.78947
v -44.1581 -38.0635 1.03315
v -43.9484 -37.8828 2.53049e-16
v -44.1581 -38.0635 -1.03315
v -44.7309 -38.5573 -1.78947
v -45.5135 -39.2318 -2.0663
v -46.296 -39.9064 -1.78947
v -46.8689 -40.4002 -1.03315
v -44.8902 -42.9892 0
v -44.6903 -42.7978 1.03315
v -44.144 -42.2746 1.78947
v -43.3979 -41.5601 2.0663
v -42.6517 -40.8455 1.78947
v -42.1054 -40.3224 1.03315
v -41.9055 -40.1309 2.53049e-16
v -42.1054 -40.3224 -1.03315
v -42.6517 -40.8455 -1.78947
v -43.3979 -41.5601 -2.0663
v -44.144 -42.2746 -1.78947
v -44.6903 -42.7978 -1.03315
v -42.5788 -45.2797 0
v -42.3892 -45.078 1.03315
v -41.8711 -44.527 1.78947
v -41.1633 -43.7744 2.0663
v -40.4555 -43.0217 1.78947
v -39.9374 -42.4708 1.03315
v -39.7478 -42.2691 2.53049e-16
v -39.9374 -42.4708 -1.03315
v -40.4555 -43.0217 -1.78947
v -41.1633 -43.7744 -2.0663
v -41.8711 -44.527 -1.78947
v -42.3892 -45.078 -1.03315
v -40.1507 -47.446 0
v -39.9719 -47.2347 1.03315
v -39.4833 -46.6574 1.78947
v -38.8159 -45.8687 2.0663
v -38.1485 -45.0801 1.78947
v -37.66 -44.5027 1.03315
v -37.4811 -44.2914 2.53049e-16
v -37.66 -44.5027 -1.03315
v -38.1485 -45.0801 -1.78947
v -38.8159 -45.8687 -2.0663
v -39.4833 -46.6574 -1.78947
v -39.9719 -47.2347 -1.03315
v -37.6125 -49.4823 0
v -37.445 -49.2619 1.03315
v -36.9873 -48.6598 1.78947
v -36.3621 -47.8373 2.0663
v -35.7369 -47.0148 1.78947
v -35.2792 -46.4127 1.03315
v -35.1117 -46.1923 2.53049e-16
v -35.2792 -46.4127 -1.03315
v -35.7369 -47.0148 -1.78947
v -36.3621 -47.8373 -2.0663
v -36.9873 -48.6598 -1.78947
v -37.445 -49.2619 -1.03315
v -34.9713 -51.383 0
v -34.8155 -51.1542 1.03315
v -34.39 -50.5289 1.78947
v -33.8087 -49.6748 2.0663
v -33.2274 -48.8207 1.78947
v -32.8018 -48.1955 1.03315
v -32.6461 -47.9666 2.53049e-16
v -32.8018 -48.1955 -1.03315
v -33.2274 -48.8207 -1.78947
v -33.8087 -49.6748 -2.0663
v -34.39 -50.5289 -1.78947
v -34.8155 -51.1542 -1.03315
v -32.2342 -53.1428 0
v -32.0906 -52.9061 1.03315
v -31.6984 -52.2595 1.78947
v -31.1626 -51.3761 2.0663
v -30.6268 -50.4928 1.78947
v -30.2345 -49.8461 1.03315
v -30.091 -49.6094 2.53049e-16
v -30.2345 -49.8461 -1.03315
v -30.6268 -50.4928 -1.78947
v -31.1626 -51.3761 -2.0663
v -31.6984 -52.2595 -1.78947
v -32.0906 -52.9061 -1.03315
v -29.4087 -54.757 0
v -29.2777 -54.5131 1.03315
v -28.9199 -53.8468 1.78947
v -28.431 -52.9367 2.0663
v -27.9422 -52.0265 1.78947
v -27.5844 -51.3602 1.03315
v -27.4534 -51.1163 2.53049e-16
v -27.5844 -51.3602 -1.03315
v -27.9422 -52.0265 -1.78947
v -28.431 -52.9367 -2.0663
v -28.9199 -53.8468 -1.78947
v -29.2777 -54.5131 -1.03315
v -26.5027 -56.2211 0
v -26.3846 -55.9707 1.03315
v -26.0621 -55.2866 1.78947
v -25.6216 -54.3521 2.0663
v -25.1811 -53.4176 1.78947
v -24.8586 -52.7334 1.03315
v -24.7405 -52.483 2.53049e-16
v -24.8586 -52.7334 -1.03315
v -25.1811 -53.4176 -1.78947
v -25.6216 -54.3521 -2.0663
v -26.0621 -55.2866 -1.78947
v -26.3846 -55.9707 -1.03315
v -23.524 -57.5311 0
v -23.4192 -57.2749 1.03315
v -23.1329 -56.5748 1.78947
v -22.7419 -55.6185 2.0663
v -22.3509 -54.6622 1.78947
v -22.0646 -53.9622 1.03315
v -21.9599 -53.7059 2.53049e-16
v -22.0646 -53.9622 -1.03315
v -22.3509 -54.6622 -1.78947
v -22.7419 -55.6185 -2.0663
v -23.1329 -56.5748 -1.78947
v -23.4192 -57.2749 -1.03315
v -20.4808 -58.6834 0
v -20.3896 -58.422 1.03315
v -20.1403 -57.708 1.78947
v -19.7999 -56.7325 2.0663
v -19.4595 -55.7571 1.78947
v -19.2102 -55.043 1.03315
v -19.119 -54.7816 2.53049e-16
v -19.2102 -55.043 -1.03315
v -19.4595 -55.7571 -1.78947
v -19.7999 -56.7325 -2.0663
v -20.1403 -57.708 -1.78947
v -20.3896 -58.422 -1.03315
v -17.3815 -59.6749 0
v -17.304 -59.4091 1.03315
v -17.0925 -58.6829 1.78947
v -16.8036 -57.691 2.0663
v -16.5147 -56.6991 1.78947
v -16.3032 -55.9729 1.03315
v -16.2258 -55.7071 2.53049e-16
v -16.3032 -55.9729 -1.03315
v -16.5147 -56.6991 -1.78947
v -16.8036 -57.691 -2.0663
v -17.0925 -58.6829 -1.78947
v -17.304 -59.4091 -1.03315
v -14.2345 -60.5028 0
v -14.1711 -60.2333 1.03315
v -13.9979 -59.4971 1.78947
v -13.7613 -58.4914 2.0663
v -13.5247 -57.4857 1.78947
v -13.3515 -56.7495 1.03315
v -13.2881 -56.48 2.53049e-16
v -13.3515 -56.7495 -1.03315
v -13.5247 -57.4857 -1.78947
v -13.7613 -58.4914 -2.0663
v -13.9979 -59.4971 -1.78947
v -14.1711 -60.2333 -1.03315
v -11.0485 -61.1648 0
v -10.9993 -60.8924 1.03315
v -10.8649 -60.1481 1.78947
v -10.6812 -59.1314 2.0663
v -10.4976 -58.1147 1.78947
v -10.3631 -57.3705 1.03315
v -10.3139 -57.098 2.53049e-16
v -10.3631 -57.3705 -1.03315
v -10.4976 -58.1147 -1.78947
v -10.6812 -59.1314 -2.0663
v -10.8649 -60.1481 -1.78947
v -10.9993 -60.8924 -1.03315
v -7.83225 -61.6592 0
v -7.79737 -61.3846 1.03315
v -7.70206 -60.6343 1.78947
v -7.57187 -59.6094 2.0663
v -7.44168 -58.5845 1.78947
v -7.34638 -57.8342 1.03315
v -7.31149 -57.5596 2.53049e-16
v -7.34638 -57.8342 -1.03315
v -7.44168 -58.5845 -1.78947
v -7.57187 -59.6094 -2.0663
v -7.70206 -60.6343 -1.78947
v -7.79737 -61.3846 -1.03315
v -4.59452 -61.9846 0
v -4.57406 -61.7086 1.03315
v -4.51815 -60.9543 1.78947
v -4.44178 -59.924 2.0663
v -4.36541 -58.8937 1.78947
v -4.3095 -58.1394 1.03315
v -4.28904 -57.8633 2.53049e-16
v -4.3095 -58.1394 -1.03315
v -4.36541 -58.8937 -1.78947
v -4.44178 -59.924 -2.0663
v -4.51815 -60.9543 -1.78947
v -4.57406 -61.7086 -1.03315
v -1.3442 -62.1401 0
v -1.33821 -61.8634 1.03315
v -1.32186 -61.1072 1.78947
v -1.29951 -60.0743 2.0663
v -1.27717 -59.0414 1.78947
v -1.26081 -58.2853 1.03315
v -1.25483 -58.0085 2.53049e-16
v -1.26081 -58.2853 -1.03315
v -1.27717 -59.0414 -1.78947
v -1.29951 -60.0743 -2.0663
v -1.32186 -61.1072 -1.78947
v -1.33821 -61.8634 -1.03315
v 1.90981 -62.1253 0
v 1.9013 -61.8486 1.03315
v 1.87806 -61.0927 1.78947
v 1.84632 -60.06 2.0663
v 1.81457 -59.0273 1.78947
v 1.79133 -58.2714 1.03315
v 1.78282 -57.9947 2.53049e-16
v 1.79133 -58.2714 -1.03315
v 1.81457 -59.0273 -1.78947
v 1.84632 -60.06 -2.0663
v 1.87806 -61.0927 -1.78947
v 1.9013 -61.8486 -1.03315
v 5.15858 -61.9402 0
v 5.1356 -61.6644 1.03315
v 5.07283 -60.9107 1.78947
v 4.98708 -59.8811 2.0663
v 4.90134 -58.8515 1.78947
v 4.83856 -58.0978 1.03315
v 4.81559 -57.8219 2.53049e-16
v 4.83856 -58.0978 -1.03315
v 4.90134 -58.8515 -1.78947
v 4.98708 -59.8811 -2.0663
v 5.07283 -60.9107 -1.78947
v 5.1356 -61.6644 -1.03315
v 8.39321 -61.5854 0
v 8.35583 -61.3111 1.03315
v 8.2537 -60.5617 1.78947
v 8.11418 -59.538 2.0663
v 7.97467 -58.5143 1.78947
v 7.87254 -57.7649 1.03315
v 7.83515 -57.4906 2.53049e-16
v 7.87254 -57.7649 -1.03315
v 7.97467 -58.5143 -1.78947
v 8.11418 -59.538 -2.0663
v 8.2537 -60.5617 -1.78947
v 8.35583 -61.3111 -1.03315
v 11.6048 -61.0617 0
v 11.5531 -60.7897 1.03315
v 11.4119 -60.0467 1.78947
v 11.219 -59.0317 2.0663
v 11.0261 -58.0168 1.78947
v 10.8849 -57.2737 1.03315
v 10.8332 -57.0018 2.53049e-16
v 10.8849 -57.2737 -1.03315
v 11.0261 -58.0168 -1.78947
v 11.219 -59.0317 -2.0663
v 11.4119 -60.0467 -1.78947
v 11.5531 -60.7897 -1.03315
v 14.7847 -60.3707 0
v 14.7188 -60.1018 1.03315
v 14.5389 -59.3672 1.78947
v 14.2931 -58.3637 2.0663
v 14.0474 -57.3602 1.78947
v 13.8675 -56.6256 1.03315
v 13.8016 -56.3567 2.53049e-16
v 13.8675 -56.6256 -1.03315
v 14.0474 -57.3602 -1.78947
v 14.2931 -58.3637 -2.0663
v 14.5389 -59.3672 -1.78947
v 14.7188 -60.1018 -1.03315
v 17.924 -59.5142 0
v 17.8441 -59.2491 1.03315
v 17.626 -58.5249 1.78947
v 17.3281 -57.5357 2.0663
v 17.0301 -56.5464 1.78947
v 16.812 -55.8222 1.03315
v 16.7322 -55.5571 2.53049e-16
v 16.812 -55.8222 -1.03315
v 17.0301 -56.5464 -1.78947
v 17.3281 -57.5357 -2.0663
v 17.626 -58.5249 -1.78947
v 17.8441 -59.2491 -1.03315
v 21.0141 -58.4945 0
v 20.9205 -58.234 1.03315
v 20.6648 -57.5222 1.78947
v 20.3155 -56.5499 2.0663
v 19.9662 -55.5776 1.78947
v 19.7105 -54.8658 1.03315
v 19.6169 -54.6053 2.53049e-16
v 19.7105 -54.8658 -1.03315
v 19.9662 -55.5776 -1.78947
v 20.3155 -56.5499 -2.0663
v 20.6648 -57.5222 -1.78947
v 20.9205 -58.234 -1.03315
v 24.0467 -57.3146 0
v 23.9396 -57.0593 1.03315
v 23.647 -56.3619 1.78947
v 23.2473 -55.4092 2.0663
v 22.8476 -54.4565 1.78947
v 22.5549 -53.7591 1.03315
v 22.4478 -53.5038 2.53049e-16
v 22.5549 -53.7591 -1.03315
v 22.8476 -54.4565 -1.78947
v 23.2473 -55.4092 -2.0663
v 23.647 -56.3619 -1.78947
v 23.9396 -57.0593 -1.03315
v 27.0133 -55.9775 0
v 26.893 -55.7282 1.03315
v 26.5643 -55.0471 1.78947
v 26.1153 -54.1166 2.0663
v 25.6663 -53.1861 1.78947
v 25.3376 -52.505 1.03315
v 25.2173 -52.2556 2.53049e-16
v 25.3376 -52.505 -1.03315
v 25.6663 -53.1861 -1.78947
v 26.1153 -54.1166 -2.0663
v 26.5643 -55.0471 -1.78947
v 26.893 -55.7282 -1.03315
v 29.906 -54.487 0
v 29.7728 -54.2444 1.03315
v 29.4089 -53.5813 1.78947
v 28.9118 -52.6757 2.0663
v 28.4146 -51.77 1.78947
v 28.0507 -51.1069 1.03315
v 27.9175 -50.8643 2.53049e-16
v 28.0507 -51.1069 -1.03315
v 28.4146 -51.77 -1.78947
v 28.9118 -52.6757 -2.0663
v 29.4089 -53.5813 -1.78947
v 29.7728 -54.2444 -1.03315
v 32.7166 -52.8472 0
v 32.5709 -52.6118 1.03315
v 32.1728 -51.9688 1.78947
v 31.629 -51.0903 2.0663
v 31.0851 -50.2119 1.78947
v 30.687 -49.5688 1.03315
v 30.5413 -49.3335 2.53049e-16
v 30.687 -49.5688 -1.03315
v 31.0851 -50.2119 -1.78947
v 31.629 -51.0903 -2.0663
v 32.1728 -51.9688 -1.78947
v 32.5709 -52.6118 -1.03315
v 35.4376 -51.0625 0
v 35.2797 -50.8351 1.03315
v 34.8485 -50.2138 1.78947
v 34.2595 -49.365 2.0663
v 33.6704 -48.5162 1.78947
v 33.2392 -47.8949 1.03315
v 33.0814 -47.6674 2.53049e-16
v 33.2392 -47.8949 -1.03315
v 33.6704 -48.5162 -1.78947
v 34.2595 -49.365 -2.0663
v 34.8485 -50.2138 -1.78947
v 35.2797 -50.8351 -1.03315
v 38.0614 -49.1379 0
v 37.8919 -48.919 1.03315
v 37.4288 -48.3211 1.78947
v 36.7961 -47.5043 2.0663
v 36.1634 -46.6876 1.78947
v 35.7003 -46.0896 1.03315
v 35.5308 -45.8708 2.53049e-16
v 35.7003 -46.0896 -1.03315
v 36.1634 -46.6876 -1.78947
v 36.7961 -47.5043 -2.0663
v 37.4288 -48.3211 -1.78947
v 37.8919 -48.919 -1.03315
v 40.5809 -47.0786 0
v 40.4002 -46.8689 1.03315
v 39.9064 -46.296 1.78947
v 39.2318 -45.5135 2.0663
v 38.5573 -44.7309 1.78947
v 38.0635 -44.1581 1.03315
v 37.8828 -43.9484 2.53049e-16
v 38.0635 -44.1581 -1.03315
v 38.5573 -44.7309 -1.78947
v 39.2318 -45.5135 -2.0663
v 39.9064 -46.296 -1.78947
v 40.4002 -46.8689 -1.03315
v 42.9892 -44.8902 0
v 42.7978 -44.6903 1.03315
v 42.2746 -44.144 1.78947
v 41.5601 -43.3979 2.0663
v 40.8455 -42.6517 1.78947
v 40.3224 -42.1054 1.03315
v 40.1309 -41.9055 2.53049e-16
v 40.3224 -42.1054 -1.03315
v 40.8455 -42.6517 -1.78947
v 41.5601 -43.3979 -2.0663
v 42.2746 -44.144 -1.78947
v 42.7978 -44.6903 -1.03315
v 45.2797 -42.5788 0
v 45.078 -42.3892 1.03315
v 44.527 -41.8711 1.78947
v 43.7744 -41.1633 2.0663
v 43.0217 -40.4555 1.78947
v 42.4708 -39.9374 1.03315
v 42.2691 -39.7478 2.53049e-16
v 42.4708 -39.9374 -1.03315
v 43.0217 -40.4555 -1.78947
v 43.7744 -41.1633 -2.0663
v 44.527 -41.8711 -1.78947
v 45.078 -42.3892 -1.03315
v 47.446 -40.1507 0
v 47.2347 -39.9719 1.03315
v 46.6574 -39.4833 1.78947
v 45.8687 -38.8159 2.0663
v 45.0801 -38.1485 1.78947
v 44.5027 -37.66 1.03315
v 44.2914 -37.4811 2.53049e-16
v 44.5027 -37.66 -1.03315
v 45.0801 -38.1485 -1.78947
v 45.8687 -38.8159 -2.0663
v 46.6574 -39.4833 -1.78947
v 47.2347 -39.9719 -1.03315
v 49.4823 -37.6125 0
v 49.2619 -37.445 1.03315
v 48.6598 -36.9873 1.78947
v 47.8373 -36.3621 2.0663
v 47.0148 -35.7369 1.78947
v 46.4127 -35.2792 1.03315
v 46.1923 -35.1117 2.53049e-16
v 46.4127 -35.2792 -1.03315
v 47.0148 -35.7369 -1.78947
v 47.8373 -36.3621 -2.0663
v 48.6598 -36.9873 -1.78947
v 49.2619 -37.445 -1.03315
v 51.383 -34.9713 0
v 51.1542 -34.8155 1.03315
v 50.5289 -34.39 1.78947
v 49.6748 -33.8087 2.0663
v 48.8207 -33.2274 1.78947
v 48.1955 -32.8018 1.03315
v 47.9666 -32.6461 2.53049e-16
v 48.1955 -32.8018 -1.03315
v 48.8207 -33.2274 -1.78947
v 49.6748 -33.8087 -2.0663
v 50.5289 -34.39 -1.78947
v 51.1542 -34.8155 -1.03315
v 53.1428 -32.2342 0
v 52.9061 -32.0906 1.03315
v 52.2595 -31.6984 1.78947
v 51.3761 -31.1626 2.0663
v 50.4928 -30.6268 1.78947
v 49.8461 -30.2345 1.03315
v 49.6094 -30.091 2.53049e-16
v 49.8461 -30.2345 -1.03315
v 50.4928 -30.6268 -1.78947
v 51.3761 -31.1626 -2.0663
v 52.2595 -31.6984 -1.78947
v 52.9061 -32.0906 -1.03315
v 54.757 -29.4087 0
v 54.5131 -29.2777 1.03315
v 53.8468 -28.9199 1.78947
v 52.9367 -28.431 2.0663
v 52.0265 -27.9422 1.78947
v 51.3602 -27.5844 1.03315
v 51.1163 -27.4534 2.53049e-16
v 51.3602 -27.5844 -1.03315
v 52.0265 -27.9422 -1.78947
v 52.9367 -28.431 -2.0663
v 53.8468 -28.9199 -1.78947
v 54.5131 -29.2777 -1.03315
v 56.2211 -26.5027 0
v 55.9707 -26.3846 1.03315
v 55.2866 -26.0621 1.78947
v 54.3521 -25.6216 2.0663
v 53.4176 -25.1811 1.78947
v 52.7334 -24.8586 1.03315
v 52.483 -24.7405 2.53049e-16
v 52.7334 -24.8586 -1.03315
v 53.4176 -25.1811 -1.78947
v 54.3521 -25.6216 -2.0663
v 55.2866 -26.0621 -1.78947
v 55.9707 -26.3846 -1.03315
v 57.5311 -23.524 0
v 57.2749 -23.4192 1.03315
v 56.5748 -23.1329 1.78947
v 55.6185 -22.7419 2.0663
v 54.6622 -22.3509 1.78947
v 53.9622 -22.0646 1.03315
v 53.7059 -21.9599 2.53049e-16
v 53.9622 -22.0646 -1.03315
v 54.6622 -22.3509 -1.78947
v 55.6185 -22.7419 -2.0663
v 56.5748 -23.1329 -1.78947
v 57.2749 -23.4192 -1.03315
v 58.6834 -20.4808 0
v 58.422 -20.3896 1.03315
v 57.708 -20.1403 1.78947
v 56.7325 -19.7999 2.0663
v 55.7571 -19.4595 1.78947
v 55.043 -19.2102 1.03315
v 54.7816 -19.119 2.53049e-16
v 55.043 -19.2102 -1.03315
v 55.7571 -19.4595 -1.78947
v 56.7325 -19.7999 -2.0663
v 57.708 -20.1403 -1.78947
v 58.422 -20.3896 -1.03315
v 59.6749 -17.3815 0
v 59.4091 -17.304 1.03315
v 58.6829 -17.0925 1.78947
v 57.691 -16.8036 2.0663
v 56.6991 -16.5147 1.78947
v 55.9729 -16.3032 1.03315
v 55.7071 -16.2258 2.53049e-16
v 55.9729 -16.3032 -1.03315
v 56.6991 -16.5147 -1.78947
v 57.691 -16.8036 -2.0663
v 58.6829 -17.0925 -1.78947
v 59.4091 -17.304 -1.03315
v 60.5028 -14.2345 0
v 60.2333 -14.1711 1.03315
v 59.4971 -13.9979 1.78947
v 58.4914 -13.7613 2.0663
v 57.4857 -13.5247 1.78947
v 56.7495 -13.3515 1.03315
v 56.48 -13.2881 2.53049e-16
v 56.7495 -13.3515 -1.03315
v 57.4857 -13.5247 -1.78947
v 58.4914 -13.7613 -2.0663
v 59.4971 -13.9979 -1.78947
v 60.2333 -14.1711 -1.03315
v 61.1648 -11.0485 0
v 60.8924 -10.9993 1.03315
v 60.1481 -10.8649 1.78947
v 59.1314 -10.6812 2.0663
v 58.1147 -10.4976 1.78947
v 57.3705 -10.3631 1.03315
v 57.098 -10.3139 2.53049e-16
v 57.3705 -10.3631 -1.03315
v 58.1147 -10.4976 -1.78947
v 59.1314 -10.6812 -2.0663
v 60.1481 -10.8649 -1.78947
v 60.8924 -10.9993 -1.03315
v 61.6592 -7.83225 0
v 61.3846 -7.79737 1.03315
v 60.6343 -7.70206 1.78947
v 59.6094 -7.57187 2.0663
v 58.5845 -7.44168 1.78947
v 57.8342 -7.34638 1.03315
v 57.5596 -7.31149 2.53049e-16
v 57.8342 -7.34638 -1.03315
v 58.5845 -7.44168 -1.78947
v 59.6094 -7.57187 -2.0663
v 60.6343 -7.70206 -1.78947
v 61.3846 -7.79737 -1.03315
v 61.9846 -4.59452 0
v 61.7086 -4.57406 1.03315
v 60.9543 -4.51815 1.78947
v 59.924 -4.44178 2.0663
v 58.8937 -4.36541 1.78947
v 58.1394 -4.3095 1.03315
v 57.8633 -4.28904 2.53049e-16
v 58.1394 -4.3095 -1.03315
v 58.8937 -4.36541 -1.78947
v 59.924 -4.44178 -2.0663
v 60.9543 -4.51815 -1.78947
v 61.7086 -4.57406 -1.03315
v 62.1401 -1.3442 0
v 61.8634 -1.33821 1.03315
v 61.1072 -1.32186 1.78947
v 60.0743 -1.29951 2.0663
v 59.0414 -1.27717 1.78947
v 58.2853 -1.26081 1.03315
v 58.0085 -1.25483 2.53049e-16
v 58.2853 -1.26081 -1.03315
v 59.0414 -1.27717 -1.78947
v 60.0743 -1.29951 -2.0663
v 61.1072 -1.32186 -1.78947
v 61.8634 -1.33821 -1.03315
v 62.1253 1.90981 0
v 61.8486 1.9013 1.03315
v 61.0927 1.87806 1.78947
v 60.06 1.84632 2.0663
v 59.0273 1.81457 1.78947
v 58.2714 1.79133 1.03315
v 57.9947 1.78282 2.53049e-16
v 58.2714 1.79133 -1.03315
v 59.0273 1.81457 -1.78947
v 60.06 1.84632 -2.0663
v 61.0927 1.87806 -1.78947
v 61.8486 1.9013 -1.03315
v 61.9402 5.15858 0
v 61.6644 5.1356 1.03315
v 60.9107 5.07283 1.78947
v 59.8811 4.98708 2.0663
v 58.8515 4.90134 1.78947
v 58.0978 4.83856 1.03315
v 57.8219 4.81559 2.53049e-16
v 58.0978 4.83856 -1.03315
v 58.8515 4.90134 -1.78947
v 59.8811 4.98708 -2.0663
v 60.9107 5.07283 -1.78947
v 61.6644 5.1356 -1.03315
v 61.5854 8.39321 0
v 61.3111 8.35583 1.03315
v 60.5617 8.2537 1.78947
v 59.538 8.11418 2.0663
v 58.5143 7.97467 1.78947
v 57.7649 7.87254 1.03315
v 57.4906 7.83515 2.53049e-16
v 57.7649 7.87254 -1.03315
v 58.5143 7.97467 -1.78947
v 59.538 8.11418 -2.0663
v 60.5617 8.2537 -1.78947
v 61.3111 8.35583 -1.03315
v 61.0617 11.6048 0
v 60.7897 11.5531 1.03315
v 60.0467 11.4119 1.78947
v 59.0317 11.219 2.0663
v 58.0168 11.0261 1.78947
v 57.2737 10.8849 1.03315
v 57.0018 10.8332 2.53049e-16
v 57.2737 10.8849 -1.03315
v 58.0168 11.0261 -1.78947
v 59.0317 11.219 -2.0663
v 60.0467 11.4119 -1.78947
v 60.7897 11.5531 -1.03315
v 60.3707 14.7847 0
v 60.1018 14.7188 1.03315
v 59.3672 14.5389 1.78947
v 58.3637 14.2931 2.0663
v 57.3602 14.0474 1.78947
v 56.6256 13.8675 1.03315
v 56.3567 13.8016 2.53049e-16
v 56.6256 13.8675 -1.03315
v 57.3602 14.0474 -1.78947
v 58.3637 14.2931 -2.0663
v 59.3672 14.5389 -1.78947
v 60.1018 14.7188 -1.03315
v 59.5142 17.924 0
v 59.2491 17.8441 1.03315
v 58.5249 17.626 1.78947
v 57.5357 17.3281 2.0663
v 56.5464 17.0301 1.78947
v 55.8222 16.812 1.03315
v 55.5571 16.7322 2.53049e-16
v 55.8222 16.812 -1.03315
v 56.5464 17.0301 -1.78947
v 57.5357 17.3281 -2.0663
v 58.5249 17.626 -1.78947
v 59.2491 17.8441 -1.03315
v 58.4945 21.0141 0
v 58.234 20.9205 1.03315
v 57.5222 20.6648 1.78947
v 56.5499 20.3155 2.0663
v 55.5776 19.9662 1.78947
v 54.8658 19.7105 1.03315
v 54.6053 19.6169 2.53049e-16
v 54.8658 19.7105 -1.03315
v 55.5776 19.9662 -1.78947
v 56.5499 20.3155 -2.0663
v 57.5222 20.6648 -1.78947
v 58.234 20.9205 -1.03315
v 57.3146 24.0467 0
v 57.0593 23.9396 1.03315
v 56.3619 23.647 1.78947
v 55.4092 23.2473 2.0663
v 54.4565 22.8476 1.78947
v 53.7591 22.5549 1.03315
v 53.5038 22.4478 2.53049e-16
v 53.7591 22.5549 -1.03315
v 54.4565 22.8476 -1.78947
v 55.4092 23.2473 -2.0663
v 56.3619 23.647 -1.78947
v 57.0593 23.9396 -1.03315
v 55.9775 27.0133 0
v 55.7282 26.893 1.03315
v 55.0471 26.5643 1.78947
v 54.1166 26.1153 2.0663
v 53.1861 25.6663 1.78947
v 52.505 25.3376 1.03315
v 52.2556 25.2173 2.53049e-16
v 52.505 25.3376 -1.03315
v 53.1861 25.6663 -1.78947
v 54.1166 26.1153 -2.0663
v 55.0471 26.5643 -1.78947
v 55.7282 26.893 -1.03315
v 54.487 29.906 0
v 54.2444 29.7728 1.03315
v 53.5813 29.4089 1.78947
v 52.6757 28.9118 2.0663
v 51.77 28.4146 1.78947
v 51.1069 28.0507 1.03315
v 50.8643 27.9175 2.53049e-16
v 51.1069 28.0507 -1.03315
v 51.77 28.4146 -1.78947
v 52.6757 28.9118 -2.0663
v 53.5813 29.4089 -1.78947
v 54.2444 29.7728 -1.03315
v 52.8472 32.7166 0
v 52.6118 32.5709 1.03315
v 51.9688 32.1728 1.78947
v 51.0903 31.629 2.0663
v 50.2119 31.0851 1.78947
v 49.5688 30.687 1.03315
v 49.3335 30.5413 2.53049e-16
v 49.5688 30.687 -1.03315
v 50.2119 31.0851 -1.78947
v 51.0903 31.629 -2.0663
v 51.9688 32.1728 -1.78947
v 52.6118 32.5709 -1.03315
v 51.0625 35.4376 0
v 50.8351 35.2797 1.03315
v 50.2138 34.8485 1.78947
v 49.365 34.2595 2.0663
v 48.5162 33.6704 1.78947
v 47.8949 33.2392 1.03315
v 47.6674 33.0814 2.53049e-16
v 47.8949 33.2392 -1.03315
v 48.5162 33.6704 -1.78947
v 49.365 34.2595 -2.0663
v 50.2138 34.8485 -1.78947
v 50.8351 35.2797 -1.03315
v 49.1379 38.0614 0
v 48.919 37.8919 1.03315
v 48.3211 37.4288 1.78947
v 47.5043 36.7961 2.0663
v 46.6876 36.1634 1.78947
v 46.0896 35.7003 1.03315
v 45.8708 35.5308 2.53049e-16
v 46.0896 35.7003 -1.03315
v 46.6876 36.1634 -1.78947
v 47.5043 36.7961 -2.0663
v 48.3211 37.4288 -1.78947
v 48.919 37.8919 -1.03315
v 47.0786 40.5809 0
v 46.8689 40.4002 1.03315
v 46.296 39.9064 1.78947
v 45.5135 39.2318 2.0663
v 44.7309 38.5573 1.78947
v 44.1581 38.0635 1.03315
v 43.9484 37.8828 2.53049e-16
v 44.1581 38.0635 -1.03315
v 44.7309 38.5573 -1.78947
v 45.5135 39.2318 -2.0663
v 46.296 39.9064 -1.78947
v 46.8689 40.4002 -1.03315
v 44.8902 42.9892 0
v 44.6903 42.7978 1.03315
v 44.144 42.2746 1.78947
v 43.3979 41.5601 2.0663
v 42.6517 40.8455 1.78947
v 42.1054 40.3224 1.03315
v 41.9055 40.1309 2.53049e-16
v 42.1054 40.3224 -1.03315
v 42.6517 40.8455 -1.78947
v 43.3979 41.5601 -2.0663
v 44.144 42.2746 -1.78947
v 44.6903 42.7978 -1.03315
v 42.5788 45.2797 0
v 42.3892 45.078 1.03315
v 41.8711 44.527 1.78947
v 41.1633 43.7744 2.0663
v 40.4555 43.0217 1.78947
v 39.9374 42.4708 1.03315
v 39.7478 42.2691 2.53049e-16
v 39.9374 42.4708 -1.03315
v 40.4555 43.0217 -1.78947
v 41.1633 43.7744 -2.0663
v 41.8711 44.527 -1.78947
v 42.3892 45.078 -1.03315
v 40.1507 47.446 0
v 39.9719 47.2347 1.03315
v 39.4833 46.6574 1.78947
v 38.8159 45.8687 2.0663
v 38.1485 45.0801 1.78947
v 37.66 44.5027 1.03315
v 37.4811 44.2914 2.53049e-16
v 37.66 44.5027 -1.03315
v 38.1485 45.0801 -1.78947
v 38.8159 45.8687 -2.0663
v 39.4833 46.6574 -1.78947
v 39.9719 47.2347 -1.03315
v 37.6125 49.4823 0
v 37.445 49.2619 1.03315
v 36.9873 48.6598 1.78947
v 36.3621 47.8373 2.0663
v 35.7369 47.0148 1.78947
v 35.2792 46.4127 1.03315
v 35.1117 46.1923 2.53049e-16
v 35.2792 46.4127 -1.03315
v 35.7369 47.0148 -1.78947
v 36.3621 47.8373 -2.0663
v 36.9873 48.6598 -1.78947
v 37.445 49.2619 -1.03315
v 34.9713 51.383 0
v 34.8155 51.1542 1.03315
v 34.39 50.5289 1.78947
v 33.8087 49.6748 2.0663
v 33.2274 48.8207 1.78947
v 32.8018 48.1955 1.03315
v 32.6461 47.9666 2.53049e-16
v 32.8018 48.1955 -1.03315
v 33.2274 48.8207 -1.78947
v 33.8087 49.6748 -2.0663
v 34.39 50.5289 -1.78947
v 34.8155 51.1542 -1.03315
v 32.2342 53.1428 0
v 32.0906 52.9061 1.03315
v 31.6984 52.2595 1.78947
v 31.1626 51.3761 2.0663
v 30.6268 50.4928 1.78947
v 30.2345 49.8461 1.03315
v 30.091 49.6094 2.53049e-16
v 30.2345 49.8461 -1.03315
v 30.6268 50.4928 -1.78947
v 31.1626 51.3761 -2.0663
v 31.6984 52.2595 -1.78947
v 32.0906 52.9061 -1.03315
v 29.4087 54.757 0
v 29.2777 54.5131 1.03315
v 28.9199 53.8468 1.78947
v 28.431 52.9367 2.0663
v 27.9422 52.0265 1.78947
v 27.5844 51.3602 1.03315
v 27.4534 51.1163 2.53049e-16
v 27.5844 51.3602 -1.03315
v 27.9422 52.0265 -1.78947
v 28.431 52.9367 -2.0663
v 28.9199 53.8468 -1.78947
v 29.2777 54.5131 -1.03315
v 26.5027 56.2211 0
v 26.3846 55.9707 1.03315
v 26.0621 55.2866 1.78947
v 25.6216 54.3521 2.0663
v 25.1811 53.4176 1.78947
v 24.8586 52.7334 1.03315
v 24.7405 52.483 2.53049e-16
v 24.8586 52.7334 -1.03315
v 25.1811 53.4176 -1.78947
v 25.6216 54.3521 -2.0663
v 26.0621 55.2866 -1.78947
v 26.3846 55.9707 -1.03315
v 23.524 57.5311 0
v 23.4192 57.2749 1.03315
v 23.1329 56.5748 1.78947
v 22.7419 55.6185 2.0663
v 22.3509 54.6622 1.78947
v 22.0646 53.9622 1.03315
v 21.9599 53.7059 2.53049e-16
v 22.0646 53.9622 -1.03315
v 22.3509 54.6622 -1.78947
v 22.7419 55.6185 -2.0663
v 23.1329 56.5748 -1.78947
v 23.4192 57.2749 -1.03315
v 20.4808 58.6834 0
v 20.3896 58.422 1.03315
v 20.1403 57.708 1.78947
v 19.7999 56.7325 2.0663
v 19.4595 55.7571 1.78947
v 19.2102 55.043 1.03315
v 19.119 54.7816 2.53049e-16
v 19.2102 55.043 -1.03315
v 19.4595 55.7571 -1.78947
v 19.7999 56.7325 -2.0663
v 20.1403 57.708 -1.78947
v 20.3896 58.422 -1.03315
v 17.3815 59.6749 0
v 17.304 59.4091 1.03315
v 17.0925 58.6829 1.78947
v 16.8036 57.691 2.0663
v 16.5147 56.6991 1.78947
v 16.3032 55.9729 1.03315
v 16.2258 55.7071 2.53049e-16
v 16.3032 55.9729 -1.03315
v 16.5147 56.6991 -1.78947
v 16.8036 57.691 -2.0663
v 17.0925 58.6829 -1.78947
v 17.304 59.4091 -1.03315
v 14.2345 60.5028 0
v 14.1711 60.2333 1.03315
v 13.9979 59.4971 1.78947
v 13.7613 58.4914 2.0663
v 13.5247 57.4857 1.78947
v 13.3515 56.7495 1.03315
v 13.2881 56.48 2.53049e-16
v 13.3515 56.7495 -1.03315
v 13.5247 57.4857 -1.78947
v 13.7613 58.4914 -2.0663
v 13.9979 59.4971 -1.78947
v 14.1711 60.2333 -1.03315
v 11.0485 61.1648 0
v 10.9993 60.8924 1.03315
v 10.8649 60.1481 1.78947
v 10.6812 59.1314 2.0663
v 10.4976 58.1147 1.78947
v 10.3631 57.3705 1.03315
v 10.3139 57.098 2.53049e-16
v 10.3631 57.3705 -1.03315
v 10.4976 58.1147 -1.78947
v 10.6812 59.1314 -2.0663
v 10.8649 60.1481 -1.78947
v 10.9993 60.8924 -1.03315
v 7.83225 61.6592 0
v 7.79737 61.3846 1.03315
v 7.70206 60.6343 1.78947
v 7.57187 59.6094 2.0663
v 7.44168 58.5845 1.78947
v 7.34638 57.8342 1.03315
v 7.31149 57.5596 2.53049e-16
v 7.34638 57.8342 -1.03315
v 7.44168 58.5845 -1.78947
v 7.57187 59.6094 -2.0663
v 7.70206 60.6343 -1.78947
v 7.79737 61.3846 -1.03315
v 4.59452 61.9846 0
v 4.57406 61.7086 1.03315
v 4.51815 60.9543 1.78947
v 4.44178 59.924 2.0663
v 4.36541 58.8937 1.78947
v 4.3095 58.1394 1.03315
v 4.28904 57.8633 2.53049e-16
v 4.3095 58.1394 -1.03315
v 4.36541 58.8937 -1.78947
v 4.44178 59.924 -2.0663
v 4.51815 60.9543 -1.78947
v 4.57406 61.7086 -1.03315
v 1.3442 62.1401 0
v 1.33821 61.8634 1.03315
v 1.32186 61.1072 1.78947
v 1.29951 60.0743 2.0663
v 1.27717 59.0414 1.78947
v 1.26081 58.2853 1.03315
v 1.25483 58.0085 2.53049e-16
v 1.26081 58.2853 -1.03315
v 1.27717 59.0414 -1.78947
v 1.29951 60.0743 -2.0663
v 1.32186 61.1072 -1.78947
v 1.33821 61.8634 -1.03315
v -1.90981 62.1253 0
v -1.9013 61.8486 1.03315
v -1.87806 61.0927 1.78947
v -1.84632 60.06 2.0663
v -1.81457 59.0273 1.78947
v -1.79133 58.2714 1.03315
v -1.78282 57.9947 2.53049e-16
v -1.79133 58.2714 -1.03315
v -1.81457 59.0273 -1.78947
v -1.84632 60.06 -2.0663
v -1.87806 61.0927 -1.78947
v -1.9013 61.8486 -1.03315
v -5.15858 61.9402 0
v -5.1356 61.6644 1.03315
v -5.07283 60.9107 1.78947
v -4.98708 59.8811 2.0663
v -4.90134 58.8515 1.78947
v -4.83856 58.0978 1.03315
v -4.81559 57.8219 2.53049e-16
v -4.83856 58.0978 -1.03315
v -4.90134 58.8515 -1.78947
v -4.98708 59.8811 -2.0663
v -5.07283 60.9107 -1.78947
v -5.1356 61.6644 -1.03315
v -8.39321 61.5854 0
v -8.35583 61.3111 1.03315
v -8.2537 60.5617 1.78947
v -8.11418 59.538 2.0663
v -7.97467 58.5143 1.78947
v -7.87254 57.7649 1.03315
v -7.83515 57.4906 2.53049e-16
v -7.87254 57.7649 -1.03315
v -7.97467 58.5143 -1.78947
v -8.11418 59.538 -2.0663
v -8.2537 60.5617 -1.78947
v -8.35583 61.3111 -1.03315
v -11.6048 61.0617 0
v -11.5531 60.7897 1.03315
v -11.4119 60.0467 1.78947
v -11.219 59.0317 2.0663
v -11.0261 58.0168 1.78947
v -10.8849 57.2737 1.03315
v -10.8332 57.0018 2.53049e-16
v -10.8849 57.2737 -1.03315
v -11.0261 58.0168 -1.78947
v -11.219 59.0317 -2.0663
v -11.4119 60.0467 -1.78947
v -11.5531 60.7897 -1.03315
v -14.7847 60.3707 0
v -14.7188 60.1018 1.03315
v -14.5389 59.3672 1.78947
v -14.2931 58.3637 2.0663
v -14.0474 57.3602 1.78947
v -13.8675 56.6256 1.03315
v -13.8016 56.3567 2.53049e-16
v -13.8675 56.6256 -1.03315
v -14.0474 57.3602 -1.78947
v -14.2931 58.3637 -2.0663
v -14.5389 59.3672 -1.78947
v -14.7188 60.1018 -1.03315
v -17.924 59.5142 0
v -17.8441 59.2491 1.03315
v -17.626 58.5249 1.78947
v -17.3281 57.5357 2.0663
v -17.0301 56.5464 1.78947
v -16.812 55.8222 1.03315
v -16.7322 55.5571 2.53049e-16
v -16.812 55.8222 -1.03315
v -17.0301 56.5464 -1.78947
v -17.3281 57.5357 -2.0663
v -17.626 58.5249 -1.78947
v -17.8441 59.2491 -1.03315
v -21.0141 58.4945 0
v -20.9205 58.234 1.03315
v -20.6648 57.5222 1.78947
v -20.3155 56.5499 2.0663
v -19.9662 55.5776 1.78947
v -19.7105 54.8658 1.03315
v -19.6169 54.6053 2.53049e-16
v -19.7105 54.8658 -1.03315
v -19.9662 55.5776 -1.78947
v -20.3155 56.5499 -2.0663
v -20.6648 57.5222 -1.78947
v -20.9205 58.234 -1.03315
v -24.0467 57.3146 0
v -23.9396 57.0593 1.03315
v -23.647 56.3619 1.78947
v -23.2473 55.4092 2.0663
v -22.8476 54.4565 1.78947
v -22.5549 53.7591 1.03315
v -22.4478 53.5038 2.53049e-16
v -22.5549 53.7591 -1.03315
v -22.8476 54.4565 -1.78947
v -23.2473 55.4092 -2.0663
v -23.647 56.3619 -1.78947
v -23.9396 57.0593 -1.03315
v -27.0133 55.9775 0
v -26.893 55.7282 1.03315
v -26.5643 55.0471 1.78947
v -26.1153 54.1166 2.0663
v -25.6663 53.1861 1.78947
v -25.3376 52.505 1.03315
v -25.2173 52.2556 2.53049e-16
v -25.3376 52.505 -1.03315
v -25.6663 53.1861 -1.78947
v -26.1153 54.1166 -2.0663
v -26.5643 55.0471 -1.78947
v -26.893 55.7282 -1.03315
v -29.906 54.487 0
v -29.7728 54.2444 1.03315
v -29.4089 53.5813 1.78947
v -28.9118 52.6757 2.0663
v -28.4146 51.77 1.78947
v -28.0507 51.1069 1.03315
v -27.9175 50.8643 2.53049e-16
v -28.0507 51.1069 -1.03315
v -28.4146 51.77 -1.78947
v -28.9118 52.6757 -2.0663
v -29.4089 53.5813 -1.78947
v -29.7728 54.2444 -1.03315
v -32.7166 52.8472 0
v -32.5709 52.6118 1.03315
v -32.1728 51.9688 1.78947
v -31.629 51.0903 2.0663
v -31.0851 50.2119 1.78947
v -30.687 49.5688 1.03315
v -30.5413 49.3335 2.53049e-16
v -30.687 49.5688 -1.03315
v -31.0851 50.2119 -1.78947
v -31.629 51.0903 -2.0663
v -32.1728 51.9688 -1.78947
v -32.5709 52.6118 -1.03315
v -35.4376 51.0625 0
v -35.2797 50.8351 1.03315
v -34.8485 50.2138 1.78947
v -34.2595 49.365 2.0663
v -33.6704 48.5162 1.78947
v -33.2392 47.8949 1.03315
v -33.0814 47.6674 2.53049e-16
v -33.2392 47.8949 -1.03315
v -33.6704 48.5162 -1.78947
v -34.2595 49.365 -2.0663
v -34.8485 50.2138 -1.78947
v -35.2797 50.8351 -1.03315
v -38.0614 49.1379 0
v -37.8919 48.919 1.03315
v -37.4288 48.3211 1.78947
v -36.7961 47.5043 2.0663
v -36.1634 46.6876 1.78947
v -35.7003 46.0896 1.03315
v -35.5308 45.8708 2.53049e-16
v -35.7003 46.0896 -1.03315
v -36.1634 46.6876 -1.78947
v -36.7961 47.5043 -2.0663
v -37.4288 48.3211 -1.78947
v -37.8919 48.919 -1.03315
v -40.5809 47.0786 0
v -40.4002 46.8689 1.03315
v -39.9064 46.296 1.78947
v -39.2318 45.5135 2.0663
v -38.5573 44.7309 1.78947
v -38.0635 44.1581 1.03315
v -37.8828 43.9484 2.53049e-16
v -38.0635 44.1581 -1.03315
v -38.5573 44.7309 -1.78947
v -39.2318 45.5135 -2.0663
v -39.9064 46.296 -1.78947
v -40.4002 46.8689 -1.03315
v -42.9892 44.8902 0
v -42.7978 44.6903 1.03315
v -42.2746 44.144 1.78947
v -41.5601 43.3979 2.0663
v -40.8455 42.6517 1.78947
v -40.3224 42.1054 1.03315
v -40.1309 41.9055 2.53049e-16
v -40.3224 42.1054 -1.03315
v -40.8455 42.6517 -1.78947
v -41.5601 43.3979 -2.0663
v -42.2746 44.144 -1.78947
v -42.7978 44.6903 -1.03315
v -45.2797 42.5788 0
v -45.078 42.3892 1.03315
v -44.527 41.8711 1.78947
v -43.7744 41.1633 2.0663
v -43.0217 40.4555 1.78947
v -42.4708 39.9374 1.03315
v -42.2691 39.7478 2.53049e-16
v -42.4708 39.9374 -1.03315
v -43.0217 40.4555 -1.78947
v -43.7744 41.1633 -2.0663
v -44.527 41.8711 -1.78947
v -45.078 42.3892 -1.03315
v -47.446 40.1507 0
v -47.2347 39.9719 1.03315
v -46.6574 39.4833 1.78947
v -45.8687 38.8159 2.0663
v -45.0801 38.1485 1.78947
v -44.5027 37.66 1.03315
v -44.2914 37.4811 2.53049e-16
v -44.5027 37.66 -1.03315
v -45.0801 38.1485 -1.78947
v -45.8687 38.8159 -2.0663
v -46.6574 39.4833 -1.78947
v -47.2347 39.9719 -1.03315
v -49.4823 37.6125 0
v -49.2619 37.445 1.03315
v -48.6598 36.9873 1.78947
v -47.8373 36.3621 2.0663
v -47.0148 35.7369 1.78947
v -46.4127 35.2792 1.03315
v -46.1923 35.1117 2.53049e-16
v -46.4127 35.2792 -1.03315
v -47.0148 35.7369 -1.78947
v -47.8373 36.3621 -2.0663
v -48.6598 36.9873 -1.78947
v -49.2619 37.445 -1.03315
v -51.383 34.9713 0
v -51.1542 34.8155 1.03315
v -50.5289 34.39 1.78947
v -49.6748 33.8087 2.0663
v -48.8207 33.2274 1.78947
v -48.1955 32.8018 1.03315
v -47.9666 32.6461 2.53049e-16
v -48.1955 32.8018 -1.03315
v -48.8207 33.2274 -1.78947
v -49.6748 33.8087 -2.0663
v -50.5289 34.39 -1.78947
v -51.1542 34.8155 -1.03315
f 1 13 14 2
f 2 14 15 3
f 3 15 16 4
f 4 16 17 5
f 5 17 18 6
f 6 18 19 7
f 7 19 20 8
f 8 20 21 9
f 9 21 22 10
f 10 22 23 11
f 11 23 24 12
f 12 24 13 1
f 13 25 26 14
f 14 26 27 15
f 15 27 28 16
f 16 28 29 17
f 17 29 30 18
f 18 30 31 19
f 19 31 32 20
f 20 32 33 21
f 21 33 34 22
f 22 34 35 23
f 23 35 36 24
f 24 36 25 13
f 25 37 38 26
f 26 38 39 27
f 27 39 40 28
f 28 40 41 29
f 29 41 42 30
f 30 42 43 31
f 31 43 44 32
f 32 44 45 33
f 33 45 46 34
f 34 46 47 35
f 35 47 48 36
f 36 48 37 25
f 37 49 50 38
f 38 50 51 39
f 39 51 52 40
f 40 52 53 41
f 41 53 54 42
f 42 54 55 43
f 43 55 56 44
f 44 56 57 45
f 45 57 58 46
f 46 58 59 47
f 47 59 60 48
f 48 60 49 37
f 49 61 62 50
f 50 62 63 51
f 51 63 64 52
f 52 64 65 53
f 53 65 66 54
f 54 66 67 55
f 55 67 68 56
f 56 68 69 57
f 57 69 70 58
f 58 70 71 59
f 59 71 72 60
f 60 72 61 49
f 61 73 74 62
f 62 74 75 63
f 63 75 76 64
f 64 76 77 65
f 65 77 78 66
f 66 78 79 67
f 67 79 80 68
f 68 80 81 69
f 69 81 82 70
f 70 82 83 71
f 71 83 84 72
f 72 84 73 61
f 73 85 86 74
f 74 86 87 75
f 75 87 88 76
f 76 88 89 77
f 77 89 90 78
f 78 90 91 79
f 79 91 92 80
f 80 92 93 81
f 81 93 94 82
f 82 94 95 83
f 83 95 96 84
f 84 96 85 73
f 85 97 98 86
f 86 98 99 87
f 87 99 100 88
f 88 100 101 89
f 89 101 102 90
f 90 102 103 91
f 91 103 104 92
f 92 104 105 93
f 93 105 106 94
f 94 106 107 95
f 95 107 108 96
f 96 108 97 85
f 97 109 110 98
f 98 110 111 99
f 99 111 112 100
f 100 112 113 101
f 101 113 114 102
f 102 114 115 103
f 103 115 116 104
f 104 116 117 105
f 105 117 118 106
f 106 118 119 107
f 107 119 120 108
f 108 120 109 97
f 109 121 122 110
f 110 122 123 111
f 111 123 124 112
f 112 124 125 113
f 113 125 126 114
f 114 126 127 115
f 115 127 128 116
f 116 128 129 117
f 117 129 130 118
f 118 130 131 119
f 119 131 132 120
f 120 132 121 109
f 121 133 134 122
f 122 134 135 123
f 123 135 136 124
f 124 136 137 125
f 125 137 138 126
f 126 138 139 127
f 127 139 140 128
f 128 140 141 129
f 129 141 142 130
f 130 142 143 131
f 131 143 144 132
f 132 144 133 121
f 133 145 146 134
f 134 146 147 135
f 135 147 148 136
f 136 148 149 137
f 137 149 150 138
f 138 150 151 139
f 139 151 152 140
f 140 152 153 141
f 141 153 154 142
f 142 154 155 143
f 143 155 156 144
f 144 156 145 133
f 145 157 158 146
f 146 158 159 147
f 147 159 160 148
f 148 160 161 149
f 149 161 162 150
f 150 162 163 151
f 151 163 164 152
f 152 164 165 153
f 153 165 166 154
f 154 166 167 155
f 155 167 168 156
f 156 168 157 145
f 157 169 170 158
f 158 170 171 159
f 159 171 172 160
f 160 172 173 161
f 161 173 174 162
f 162 174 175 163
f 163 175 176 164
f 164 176 177 165
f 165 177 178 166
f 166 178 179 167
f 167 179 180 168
f 168 180 169 157
f 169 181 182 170
f 170 182 183 171
f 171 183 184 172
f 172 184 185 173
f 173 185 186 174
f 174 186 187 175
f 175 187 188 176
f 176 188 189 177
f 177 189 190 178
f 178 190 191 179
f 179 191 192 180
f 180 192 181 169
f 181 193 194 182
f 182 194 195 183
f 183 195 196 184
f 184 196 197 185
f 185 197 198 186
f 186 198 199 187
f 187 199 200 188
f 188 200 201 189
f 189 201 202 190
f 190 202 203 191
f 191 203 204 192
f 192 204 193 181
f 193 205 206 194
f 194 206 207 195
f 195 207 208 196
f 196 208 209 197
f 197 209 210 198
f 198 210 211 199
f 199 211 212 200
f 200 212 213 201
f 201 213 214 202
f 202 214 215 203
f 203 215 216 204
f 204 216 205 193
f 205 217 218 206
f 206 218 219 207
f 207 219 220 208
f 208 220 221 209
f 209 221 222 210
f 210 222 223 211
f 211 223 224 212
f 212 224 225 213
f 213 225 226 214
f 214 226 227 215
f 215 227 228 216
f 216 228 217 205
f 217 229 230 218
f 218 230 231 219
f 219 231 232 220
f 220 232 233 221
f 221 233 234 222
f 222 234 235 223
f 223 235 236 224
f 224 236 237 225
f 225 237 238 226
f 226 238 239 227
f 227 239 240 228
f 228 240 229 217
f 229 241 242 230
f 230 242 243 231
f 231 243 244 232
f 232 244 245 233
f 233 245 246 234
f 234 246 247 235
f 235 247 248 236
f 236 248 249 237
f 237 249 250 238
f 238 250 251 239
f 239 251 252 240
f 240 252 241 229
f 241 253 254 242
f 242 254 255 243
f 243 255 256 244
f 244 256 257 245
f 245 257 258 246
f 246 258 259 247
f 247 259 260 248
f 248 260 261 249
f 249 261 262 250
f 250 262 263 251
f 251 263 264 252
f 252 264 253 241
f 253 265 266 254
f 254 266 267 255
f 255 267 268 256
f 256 268 269 257
f 257 269 270 258
f 258 270 271 259
f 259 271 272 260
f 260 272 273 261
f 261 273 274 262
f 262 274 275 263
f 263 275 276 264
f 264 276 265 253
f 265 277 278 266
f 266 278 279 267
f 267 279 280 268
f 268 280 281 269
f 269 281 282 270
f 270 282 283 271
f 271 283 284 272
f 272 284 285 273
f 273 285 286 274
f 274 286 287 275
f 275 287 288 276
f 276 288 277 265
f 277 289 290 278
f 278 290 291 279
f 279 291 292 280
f 280 292 293 281
f 281 293 294 282
f 282 294 295 283
f 283 295 296 284
f 284 296 297 285
f 285 297 298 286
f 286 298 299 287
f 287 299 300 288
f 288 300 289 277
f 289 301 302 290
f 290 302 303 291
f 291 303 304 292
f 292 304 305 293
f 293 305 306 294
f 294 306 307 295
f 295 307 308 296
f 296 308 309 297
f 297 309 310 298
f 298 310 311 299
f 299 311 312 300
f 300 312 301 289
f 301 313 314 302
f 302 314 315 303
f 303 315 316 304
f 304 316 317 305
f 305 317 318 306
f 306 318 319 307
f 307 319 320 308
f 308 320 321 309
f 309 321 322 310
f 310 322 323 311
f 311 323 324 312
f 312 324 313 301
f 313 325 326 314
f 314 326 327 315
f 315 327 328 316
f 316 328 329 317
f 317 329 330 318
f 318 330 331 319
f 319 331 332 320
f 320 332 333 321
f 321 333 334 322
f 322 334 335 323
f 323 335 336 324
f 324 336 325 313
f 325 337 338 326
f 326 338 339 327
f 327 339 340 328
f 328 340 341 329
f 329 341 342 330
f 330 342 343 331
f 331 343 344 332
f 332 344 345 333
f 333 345 346 334
f 334 346 347 335
f 335 347 348 336
f 336 348 337 325
f 337 349 350 338
f 338 350 351 339
f 339 351 352 340
f 340 352 353 341
f 341 353 354 342
f 342 354 355 343
f 343 355 356 344
f 344 356 357 345
f 345 357 358 346
f 346 358 359 347
f 347 359 360 348
f 348 360 349 337
f 349 361 362 350
f 350 362 363 351
f 351 363 364 352
f 352 364 365 353
f 353 365 366 354
f 354 366 367 355
f 355 367 368 356
f 356 368 369 357
f 357 369 370 358
f 358 370 371 359
f 359 371 372 360
f 360 372 361 349
f 361 373 374 362
f 362 374 375 363
f 363 375 376 364
f 364 376 377 365
f 365 377 378 366
f 366 378 379 367
f 367 379 380 368
f 368 380 381 369
f 369 381 382 370
f 370 382 383 371
f 371 383 384 372
f 372 384 373 361
f 373 385 386 374
f 374 386 387 375
f 375 387 388 376
f 376 388 389 377
f 377 389 390 378
f 378 390 391 379
f 379 391 392 380
f 380 392 393 381
f 381 393 394 382
f 382 394 395 383
f 383 395 396 384
f 384 396 385 373
f 385 397 398 386
f 386 398 399 387
f 387 399 400 388
f 388 400 401 389
f 389 401 402 390
f 390 402 403 391
f 391 403 404 392
f 392 404 405 393
f 393 405 406 394
f 394 406 407 395
f 395 407 408 396
f 396 408 397 385
f 397 409 410 398
f 398 410 411 399
f 399 411 412 400
f 400 412 413 401
f 401 413 414 402
f 402 414 415 403
f 403 415 416 404
f 404 416 417 405
f 405 417 418 406
f 406 418 419 407
f 407 419 420 408
f 408 420 409 397
f 409 421 422 410
f 410 422 423 411
f 411 423 424 412
f 412 424 425 413
f 413 425 426 414
f 414 426 427 415
f 415 427 428 416
f 416 428 429 417
f 417 429 430 418
f 418 430 431 419
f 419 431 432 420
f 420 432 421 409
f 421 433 434 422
f 422 434 435 423
f 423 435 436 424
f 424 436 437 425
f 425 437 438 426
f 426 438 439 427
f 427 439 440 428
f 428 440 441 429
f 429 441 442 430
f 430 442 443 431
f 431 443 444 432
f 432 444 433 421
f 433 445 446 434
f 434 446 447 435
f 435 447 448 436
f 436 448 449 437
f 437 449 450 438
f 438 450 451 439
f 439 451 452 440
f 440 452 453 441
f 441 453 454 442
f 442 454 455 443
f 443 455 456 444
f 444 456 445 433
f 445 457 458 446
f 446 458 459 447
f 447 459 460 448
f 448 460 461 449
f 449 461 462 450
f 450 462 463 451
f 451 463 464 452
f 452 464 465 453
f 453 465 466 454
f 454 466 467 455
f 455 467 468 456
f 456 468 457 445
f 457 469 470 458
f 458 470 471 459
f 459 471 472 460
f 460 472 473 461
f 461 473 474 462
f 462 474 475 463
f 463 475 476 464
f 464 476 477 465
f 465 477 478 466
f 466 478 479 467
f 467 479 480 468
f 468 480 469 457
f 469 481 482 470
f 470 482 483 471
f 471 483 484 472
f 472 484 485 473
f 473 485 486 474
f 474 486 487 475
f 475 487 488 476
f 476 488 489 477
f 477 489 490 478
f 478 490 491 479
f 479 491 492 480
f 480 492 481 469
f 481 493 494 482
f 482 494 495 483
f 483 495 496 484
f 484 496 497 485
f 485 497 498 486
f 486 498 499 487
f 487 499 500 488
f 488 500 501 489
f 489 501 502 490
f 490 502 503 491
f 491 503 504 492
f 492 504 493 481
f 493 505 506 494
f 494 506 507 495
f 495 507 508 496
f 496 508 509 497
f 497 509 510 498
f 498 510 511 499
f 499 511 512 500
f 500 512 513 501
f 501 513 514 502
f 502 514 515 503
f 503 515 516 504
f 504 516 505 493
f 505 517 518 506
f 506 518 519 507
f 507 519 520 508
f 508 520 521 509
f 509 521 522 510
f 510 522 523 511
f 511 523 524 512
f 512 524 525 513
f 513 525 526 514
f 514 526 527 515
f 515 527 528 516
f 516 528 517 505
f 517 529 530 518
f 518 530 531 519
f 519 531 532 520
f 520 532 533 521
f 521 533 534 522
f 522 534 535 523
f 523 535 536 524
f 524 536 537 525
f 525 537 538 526
f 526 538 539 527
f 527 539 540 528
f 528 540 529 517
f 529 541 542 530
f 530 542 543 531
f 531 543 544 532
f 532 544 545 533
f 533 545 546 534
f 534 546 547 535
f 535 547 548 536
f 536 548 549 537
f 537 549 550 538
f 538 550 551 539
f 539 551 552 540
f 540 552 541 529
f 541 553 554 542
f 542 554 555 543
f 543 555 556 544
f 544 556 557 545
f 545 557 558 546
f 546 558 559 547
f 547 559 560 548
f 548 560 561 549
f 549 561 562 550
f 550 562 563 551
f 551 563 564 552
f 552 564 553 541
f 553 565 566 554
f 554 566 567 555
f 555 567 568 556
f 556 568 569 557
f 557 569 570 558
f 558 570 571 559
f 559 571 572 560
f 560 572 573 561
f 561 573 574 562
f 562 574 575 563
f 563 575 576 564
f 564 576 565 553
f 565 577 578 566
f 566 578 579 567
f 567 579 580 568
f 568 580 581 569
f 569 581 582 570
f 570 582 583 571
f 571 583 584 572
f 572 584 585 573
f 573 585 586 574
f 574 586 587 575
f 575 587 588 576
f 576 588 577 565
f 577 589 590 578
f 578 590 591 579
f 579 591 592 580
f 580 592 593 581
f 581 593 594 582
f 582 594 595 583
f 583 595 596 584
f 584 596 597 585
f 585 597 598 586
f 586 598 599 587
f 587 599 600 588
f 588 600 589 577
f 589 601 602 590
f 590 602 603 591
f 591 603 604 592
f 592 604 605 593
f 593 605 606 594
f 594 606 607 595
f 595 607 608 596
f 596 608 609 597
f 597 609 610 598
f 598 610 611 599
f 599 611 612 600
f 600 612 601 589
f 601 613 614 602
f 602 614 615 603
f 603 615 616 604
f 604 616 617 605
f 605 617 618 606
f 606 618 619 607
f 607 619 620 608
f 608 620 621 609
f 609 621 622 610
f 610 622 623 611
f 611 623 624 612
f 612 624 613 601
f 613 625 626 614
f 614 626 627 615
f 615 627 628 616
f 616 628 629 617
f 617 629 630 618
f 618 630 631 619
f 619 631 632 620
f 620 632 633 621
f 621 633 634 622
f 622 634 635 623
f 623 635 636 624
f 624 636 625 613
f 625 637 638 626
f 626 638 639 627
f 627 639 640 628
f 628 640 641 629
f 629 641 642 630
f 630 642 643 631
f 631 643 644 632
f 632 644 645 633
f 633 645 646 634
f 634 646 647 635
f 635 647 648 636
f 636 648 637 625
f 637 649 650 638
f 638 650 651 639
f 639 651 652 640
f 640 652 653 641
f 641 653 654 642
f 642 654 655 643
f 643 655 656 644
f 644 656 657 645
f 645 657 658 646
f 646 658 659 647
f 647 659 660 648
f 648 660 649 637
f 649 661 662 650
f 650 662 663 651
f 651 663 664 652
f 652 664 665 653
f 653 665 666 654
f 654 666 667 655
f 655 667 668 656
f 656 668 669 657
f 657 669 670 658
f 658 670 671 659
f 659 671 672 660
f 660 672 661 649
f 661 673 674 662
f 662 674 675 663
f 663 675 676 664
f 664 676 677 665
f 665 677 678 666
f 666 678 679 667
f 667 679 680 668
f 668 680 681 669
f 669 681 682 670
f 670 682 683 671
f 671 683 684 672
f 672 684 673 661
f 673 685 686 674
f 674 686 687 675
f 675 687 688 676
f 676 688 689 677
f 677 689 690 678
f 678 690 691 679
f 679 691 692 680
f 680 692 693 681
f 681 693 694 682
f 682 694 695 683
f 683 695 696 684
f 684 696 685 673
f 685 697 698 686
f 686 698 699 687
f 687 699 700 688
f 688 700 701 689
f 689 701 702 690
f 690 702 703 691
f 691 703 704 692
f 692 704 705 693
f 693 705 706 694
f 694 706 707 695
f 695 707 708 696
f 696 708 697 685
f 697 709 710 698
f 698 710 711 699
f 699 711 712 700
f 700 712 713 701
f 701 713 714 702
f 702 714 715 703
f 703 715 716 704
f 704 716 717 705
f 705 717 718 706
f 706 718 719 707
f 707 719 720 708
f 708 720 709 697
f 709 721 722 710
f 710 722 723 711
f 711 723 724 712
f 712 724 725 713
f 713 725 726 714
f 714 726 727 715
f 715 727 728 716
f 716 728 729 717
f 717 729 730 718
f 718 730 731 719
f 719 731 732 720
f 720 732 721 709
f 721 733 734 722
f 722 734 735 723
f 723 735 736 724
f 724 736 737 725
f 725 737 738 726
f 726 738 739 727
f 727 739 740 728
f 728 740 741 729
f 729 741 742 730
f 730 742 743 731
f 731 743 744 732
f 732 744 733 721
f 733 745 746 734
f 734 746 747 735
f 735 747 748 736
f 736 748 749 737
f 737 749 750 738
f 738 750 751 739
f 739 751 752 740
f 740 752 753 741
f 741 753 754 742
f 742 754 755 743
f 743 755 756 744
f 744 756 745 733
f 745 757 758 746
f 746 758 759 747
f 747 759 760 748
f 748 760 761 749
f 749 761 762 750
f 750 762 763 751
f 751 763 764 752
f 752 764 765 753
f 753 765 766 754
f 754 766 767 755
f 755 767 768 756
f 756 768 757 745
f 757 769 770 758
f 758 770 771 759
f 759 771 772 760
f 760 772 773 761
f 761 773 774 762
f 762 774 775 763
f 763 775 776 764
f 764 776 777 765
f 765 777 778 766
f 766 778 779 767
f 767 779 780 768
f 768 780 769 757
f 769 781 782 770
f 770 782 783 771
f 771 783 784 772
f 772 784 785 773
f 773 785 786 774
f 774 786 787 775
f 775 787 788 776
f 776 788 789 777
f 777 789 790 778
f 778 790 791 779
f 779 791 792 780
f 780 792 781 769
f 781 793 794 782
f 782 794 795 783
f 783 795 796 784
f 784 796 797 785
f 785 797 798 786
f 786 798 799 787
f 787 799 800 788
f 788 800 801 789
f 789 801 802 790
f 790 802 803 791
f 791 803 804 792
f 792 804 793 781
f 793 805 806 794
f 794 806 807 795
f 795 807 808 796
f 796 808 809 797
f 797 809 810 798
f 798 810 811 799
f 799 811 812 800
f 800 812 813 801
f 801 813 814 802
f 802 814 815 803
f 803 815 816 804
f 804 816 805 793
f 805 817 818 806
f 806 818 819 807
f 807 819 820 808
f 808 820 821 809
f 809 821 822 810
f 810 822 823 811
f 811 823 824 812
f 812 824 825 813
f 813 825 826 814
f 814 826 827 815
f 815 827 828 816
f 816 828 817 805
f 817 829 830 818
f 818 830 831 819
f 819 831 832 820
f 820 832 833 821
f 821 833 834 822
f 822 834 835 823
f 823 835 836 824
f 824 836 837 825
f 825 837 838 826
f 826 838 839 827
f 827 839 840 828
f 828 840 829 817
f 829 841 842 830
f 830 842 843 831
f 831 843 844 832
f 832 844 845 833
f 833 845 846 834
f 834 846 847 835
f 835 847 848 836
f 836 848 849 837
f 837 849 850 838
f 838 850 851 839
f 839 851 852 840
f 840 852 841 829
f 841 853 854 842
f 842 854 855 843
f 843 855 856 844
f 844 856 857 845
f 845 857 858 846
f 846 858 859 847
f 847 859 860 848
f 848 860 861 849
f 849 861 862 850
f 850 862 863 851
f 851 863 864 852
f 852 864 853 841
f 853 865 866 854
f 854 866 867 855
f 855 867 868 856
f 856 868 869 857
f 857 869 870 858
f 858 870 871 859
f 859 871 872 860
f 860 872 873 861
f 861 873 874 862
f 862 874 875 863
f 863 875 876 864
f 864 876 865 853
f 865 877 878 866
f 866 878 879 867
f 867 879 880 868
f 868 880 881 869
f 869 881 882 870
f 870 882 883 871
f 871 883 884 872
f 872 884 885 873
f 873 885 886 874
f 874 886 887 875
f 875 887 888 876
f 876 888 877 865
f 877 889 890 878
f 878 890 891 879
f 879 891 892 880
f 880 892 893 881
f 881 893 894 882
f 882 894 895 883
f 883 895 896 884
f 884 896 897 885
f 885 897 898 886
f 886 898 899 887
f 887 899 900 888
f 888 900 889 877
f 889 901 902 890
f 890 902 903 891
f 891 903 904 892
f 892 904 905 893
f 893 905 906 894
f 894 906 907 895
f 895 907 908 896
f 896 908 909 897
f 897 909 910 898
f 898 910 911 899
f 899 911 912 900
f 900 912 901 889
f 901 913 914 902
f 902 914 915 903
f 903 915 916 904
f 904 916 917 905
f 905 917 918 906
f 906 918 919 907
f 907 919 920 908
f 908 920 921 909
f 909 921 922 910
f 910 922 923 911
f 911 923 924 912
f 912 924 913 901
f 913 925 926 914
f 914 926 927 915
f 915 927 928 916
f 916 928 929 917
f 917 929 930 918
f 918 930 931 919
f 919 931 932 920
f 920 932 933 921
f 921 933 934 922
f 922 934 935 923
f 923 935 936 924
f 924 936 925 913
f 925 937 938 926
f 926 938 939 927
f 927 939 940 928
f 928 940 941 929
f 929 941 942 930
f 930 942 943 931
f 931 943 944 932
f 932 944 945 933
f 933 945 946 934
f 934 946 947 935
f 935 947 948 936
f 936 948 937 925
f 937 949 950 938
f 938 950 951 939
f 939 951 952 940
f 940 952 953 941
f 941 953 954 942
f 942 954 955 943
f 943 955 956 944
f 944 956 957 945
f 945 957 958 946
f 946 958 959 947
f 947 959 960 948
f 948 960 949 937
f 949 961 962 950
f 950 962 963 951
f 951 963 964 952
f 952 964 965 953
f 953 965 966 954
f 954 966 967 955
f 955 967 968 956
f 956 968 969 957
f 957 969 970 958
f 958 970 971 959
f 959 971 972 960
f 960 972 961 949
f 961 973 974 962
f 962 974 975 963
f 963 975 976 964
f 964 976 977 965
f 965 977 978 966
f 966 978 979 967
f 967 979 980 968
f 968 980 981 969
f 969 981 982 970
f 970 982 983 971
f 971 983 984 972
f 972 984 973 961
f 973 985 986 974
f 974 986 987 975
f 975 987 988 976
f 976 988 989 977
f 977 989 990 978
f 978 990 991 979
f 979 991 992 980
f 980 992 993 981
f 981 993 994 982
f 982 994 995 983
f 983 995 996 984
f 984 996 985 973
f 985 997 998 986
f 986 998 999 987
f 987 999 1000 988
f 988 1000 1001 989
f 989 1001 1002 990
f 990 1002 1003 991
f 991 1003 1004 992
f 992 1004 1005 993
f 993 1005 1006 994
f 994 1006 1007 995
f 995 1007 1008 996
f 996 1008 997 985
f 997 1009 1010 998
f 998 1010 1011 999
f 999 1011 1012 1000
f 1000 1012 1013 1001
f 1001 1013 1014 1002
f 1002 1014 1015 1003
f 1003 1015 1016 1004
f 1004 1016 1017 1005
f 1005 1017 1018 1006
f 1006 1018 1019 1007
f 1007 1019 1020 1008
f 1008 1020 1009 997
f 1009 1021 1022 1010
f 1010 1022 1023 1011
f 1011 1023 1024 1012
f 1012 1024 1025 1013
f 1013 1025 1026 1014
f 1014 1026 1027 1015
f 1015 1027 1028 1016
f 1016 1028 1029 1017
f 1017 1029 1030 1018
f 1018 1030 1031 1019
f 1019 1031 1032 1020
f 1020 1032 1021 1009
f 1021 1033 1034 1022
f 1022 1034 1035 1023
f 1023 1035 1036 1024
f 1024 1036 1037 1025
f 1025 1037 1038 1026
f 1026 1038 1039 1027
f 1027 1039 1040 1028
f 1028 1040 1041 1029
f 1029 1041 1042 1030
f 1030 1042 1043 1031
f 1031 1043 1044 1032
f 1032 1044 1033 1021
f 1033 1045 1046 1034
f 1034 1046 1047 1035
f 1035 1047 1048 1036
f 1036 1048 1049 1037
f 1037 1049 1050 1038
f 1038 1050 1051 1039
f 1039 1051 1052 1040
f 1040 1052 1053 1041
f 1041 1053 1054 1042
f 1042 1054 1055 1043
f 1043 1055 1056 1044
f 1044 1056 1045 1033
f 1045 1057 1058 1046
f 1046 1058 1059 1047
f 1047 1059 1060 1048
f 1048 1060 1061 1049
f 1049 1061 1062 1050
f 1050 1062 1063 1051
f 1051 1063 1064 1052
f 1052 1064 1065 1053
f 1053 1065 1066 1054
f 1054 1066 1067 1055
f 1055 1067 1068 1056
f 1056 1068 1057 1045
f 1057 1069 1070 1058
f 1058 1070 1071 1059
f 1059 1071 1072 1060
f 1060 1072 1073 1061
f 1061 1073 1074 1062
f 1062 1074 1075 1063
f 1063 1075 1076 1064
f 1064 1076 1077 1065
f 1065 1077 1078 1066
f 1066 1078 1079 1067
f 1067 1079 1080 1068
f 1068 1080 1069 1057
f 1069 1081 1082 1070
f 1070 1082 1083 1071
f 1071 1083 1084 1072
f 1072 1084 1085 1073
f 1073 1085 1086 1074
f 1074 1086 1087 1075
f 1075 1087 1088 1076
f 1076 1088 1089 1077
f 1077 1089 1090 1078
f 1078 1090 1091 1079
f 1079 1091 1092 1080
f 1080 1092 1081 1069
f 1081 1093 1094 1082
f 1082 1094 1095 1083
f 1083 1095 1096 1084
f 1084 1096 1097 1085
f 1085 1097 1098 1086
f 1086 1098 1099 1087
f 1087 1099 1100 1088
f 1088 1100 1101 1089
f 1089 1101 1102 1090
f 1090 1102 1103 1091
f 1091 1103 1104 1092
f 1092 1104 1093 1081
f 1093 1105 1106 1094
f 1094 1106 1107 1095
f 1095 1107 1108 1096
f 1096 1108 1109 1097
f 1097 1109 1110 1098
f 1098 1110 1111 1099
f 1099 1111 1112 1100
f 1100 1112 1113 1101
f 1101 1113 1114 1102
f 1102 1114 1115 1103
f 1103 1115 1116 1104
f 1104 1116 1105 1093
f 1105 1117 1118 1106
f 1106 1118 1119 1107
f 1107 1119 1120 1108
f 1108 1120 1121 1109
f 1109 1121 1122 1110
f 1110 1122 1123 1111
f 1111 1123 1124 1112
f 1112 1124 1125 1113
f 1113 1125 1126 1114
f 1114 1126 1127 1115
f 1115 1127 1128 1116
f 1116 1128 1117 1105
f 1117 1129 1130 1118
f 1118 1130 1131 1119
f 1119 1131 1132 1120
f 1120 1132 1133 1121
f 1121 1133 1134 1122
f 1122 1134 1135 1123
f 1123 1135 1136 1124
f 1124 1136 1137 1125
f 1125 1137 1138 1126
f 1126 1138 1139 1127
f 1127 1139 1140 1128
f 1128 1140 1129 1117
f 1129 1141 1142 1130
f 1130 1142 1143 1131
f 1131 1143 1144 1132
f 1132 1144 1145 1133
f 1133 1145 1146 1134
f 1134 1146 1147 1135
f 1135 1147 1148 1136
f 1136 1148 1149 1137
f 1137 1149 1150 1138
f 1138 1150 1151 1139
f 1139 1151 1152 1140
f 1140 1152 1141 1129
f 1141 1153 1154 1142
f 1142 1154 1155 1143
f 1143 1155 1156 1144
f 1144 1156 1157 1145
f 1145 1157 1158 1146
f 1146 1158 1159 1147
f 1147 1159 1160 1148
f 1148 1160 1161 1149
f 1149 1161 1162 1150
f 1150 1162 1163 1151
f 1151 1163 1164 1152
f 1152 1164 1153 1141
f 1153 1165 1166 1154
f 1154 1166 1167 1155
f 1155 1167 1168 1156
f 1156 1168 1169 1157
f 1157 1169 1170 1158
f 1158 1170 1171 1159
f 1159 1171 1172 1160
f 1160 1172 1173 1161
f 1161 1173 1174 1162
f 1162 1174 1175 1163
f 1163 1175 1176 1164
f 1164 1176 1165 1153
f 1165 1177 1178 1166
f 1166 1178 1179 1167
f 1167 1179 1180 1168
f 1168 1180 1181 1169
f 1169 1181 1182 1170
f 1170 1182 1183 1171
f 1171 1183 1184 1172
f 1172 1184 1185 1173
f 1173 1185 1186 1174
f 1174 1186 1187 1175
f 1175 1187 1188 1176
f 1176 1188 1177 1165
f 1177 1189 1190 1178
f 1178 1190 1191 1179
f 1179 1191 1192 1180
f 1180 1192 1193 1181
f 1181 1193 1194 1182
f 1182 1194 1195 1183
f 1183 1195 1196 1184
f 1184 1196 1197 1185
f 1185 1197 1198 1186
f 1186 1198 1199 1187
f 1187 1199 1200 1188
f 1188 1200 1189 1177
f 1189 1201 1202 1190
f 1190 1202 1203 1191
f 1191 1203 1204 1192
f 1192 1204 1205 1193
f 1193 1205 1206 1194
f 1194 1206 1207 1195
f 1195 1207 1208 1196
f 1196 1208 1209 1197
f 1197 1209 1210 1198
f 1198 1210 1211 1199
f 1199 1211 1212 1200
f 1200 1212 1201 1189
f 1201 1213 1214 1202
f 1202 1214 1215 1203
f 1203 1215 1216 1204
f 1204 1216 1217 1205
f 1205 1217 1218 1206
f 1206 1218 1219 1207
f 1207 1219 1220 1208
f 1208 1220 1221 1209
f 1209 1221 1222 1210
f 1210 1222 1223 1211
f 1211 1223 1224 1212
f 1212 1224 1213 1201
f 1213 1225 1226 1214
f 1214 1226 1227 1215
f 1215 1227 1228 1216
f 1216 1228 1229 1217
f 1217 1229 1230 1218
f 1218 1230 1231 1219
f 1219 1231 1232 1220
f 1220 1232 1233 1221
f 1221 1233 1234 1222
f 1222 1234 1235 1223
f 1223 1235 1236 1224
f 1224 1236 1225 1213
f 1225 1237 1238 1226
f 1226 1238 1239 1227
f 1227 1239 1240 1228
f 1228 1240 1241 1229
f 1229 1241 1242 1230
f 1230 1242 1243 1231
f 1231 1243 1244 1232
f 1232 1244 1245 1233
f 1233 1245 1246 1234
f 1234 1246 1247 1235
f 1235 1247 1248 1236
f 1236 1248 1237 1225
f 1237 1249 1250 1238
f 1238 1250 1251 1239
f 1239 1251 1252 1240
f 1240 1252 1253 1241
f 1241 1253 1254 1242
f 1242 1254 1255 1243
f 1243 1255 1256 1244
f 1244 1256 1257 1245
f 1245 1257 1258 1246
f 1246 1258 1259 1247
f 1247 1259 1260 1248
f 1248 1260 1249 1237
f 1249 1261 1262 1250
f 1250 1262 1263 1251
f 1251 1263 1264 1252
f 1252 1264 1265 1253
f 1253 1265 1266 1254
f 1254 1266 1267 1255
f 1255 1267 1268 1256
f 1256 1268 1269 1257
f 1257 1269 1270 1258
f 1258 1270 1271 1259
f 1259 1271 1272 1260
f 1260 1272 1261 1249
f 1261 1273 1274 1262
f 1262 1274 1275 1263
f 1263 1275 1276 1264
f 1264 1276 1277 1265
f 1265 1277 1278 1266
f 1266 1278 1279 1267
f 1267 1279 1280 1268
f 1268 1280 1281 1269
f 1269 1281 1282 1270
f 1270 1282 1283 1271
f 1271 1283 1284 1272
f 1272 1284 1273 1261
f 1273 1285 1286 1274
f 1274 1286 1287 1275
f 1275 1287 1288 1276
f 1276 1288 1289 1277
f 1277 1289 1290 1278
f 1278 1290 1291 1279
f 1279 1291 1292 1280
f 1280 1292 1293 1281
f 1281 1293 1294 1282
f 1282 1294 1295 1283
f 1283 1295 1296 1284
f 1284 1296 1285 1273
f 1285 1297 1298 1286
f 1286 1298 1299 1287
f 1287 1299 1300 1288
f 1288 1300 1301 1289
f 1289 1301 1302 1290
f 1290 1302 1303 1291
f 1291 1303 1304 1292
f 1292 1304 1305 1293
f 1293 1305 1306 1294
f 1294 1306 1307 1295
f 1295 1307 1308 1296
f 1296 1308 1297 1285
f 1297 1309 1310 1298
f 1298 1310 1311 1299
f 1299 1311 1312 1300
f 1300 1312 1313 1301
f 1301 1313 1314 1302
f 1302 1314 1315 1303
f 1303 1315 1316 1304
f 1304 1316 1317 1305
f 1305 1317 1318 1306
f 1306 1318 1319 1307
f 1307 1319 1320 1308
f 1308 1320 1309 1297
f 1309 1321 1322 1310
f 1310 1322 1323 1311
f 1311 1323 1324 1312
f 1312 1324 1325 1313
f 1313 1325 1326 1314
f 1314 1326 1327 1315
f 1315 1327 1328 1316
f 1316 1328 1329 1317
f 1317 1329 1330 1318
f 1318 1330 1331 1319
f 1319 1331 1332 1320
f 1320 1332 1321 1309
f 1321 1333 1334 1322
f 1322 1334 1335 1323
f 1323 1335 1336 1324
f 1324 1336 1337 1325
f 1325 1337 1338 1326
f 1326 1338 1339 1327
f 1327 1339 1340 1328
f 1328 1340 1341 1329
f 1329 1341 1342 1330
f 1330 1342 1343 1331
f 1331 1343 1344 1332
f 1332 1344 1333 1321
f 1333 1345 1346 1334
f 1334 1346 1347 1335
f 1335 1347 1348 1336
f 1336 1348 1349 1337
f 1337 1349 1350 1338
f 1338 1350 1351 1339
f 1339 1351 1352 1340
f 1340 1352 1353 1341
f 1341 1353 1354 1342
f 1342 1354 1355 1343
f 1343 1355 1356 1344
f 1344 1356 1345 1333
f 1345 1357 1358 1346
f 1346 1358 1359 1347
f 1347 1359 1360 1348
f 1348 1360 1361 1349
f 1349 1361 1362 1350
f 1350 1362 1363 1351
f 1351 1363 1364 1352
f 1352 1364 1365 1353
f 1353 1365 1366 1354
f 1354 1366 1367 1355
f 1355 1367 1368 1356
f 1356 1368 1357 1345
f 1357 1369 1370 1358
f 1358 1370 1371 1359
f 1359 1371 1372 1360
f 1360 1372 1373 1361
f 1361 1373 1374 1362
f 1362 1374 1375 1363
f 1363 1375 1376 1364
f 1364 1376 1377 1365
f 1365 1377 1378 1366
f 1366 1378 1379 1367
f 1367 1379 1380 1368
f 1368 1380 1369 1357
f 1369 1381 1382 1370
f 1370 1382 1383 1371
f 1371 1383 1384 1372
f 1372 1384 1385 1373
f 1373 1385 1386 1374
f 1374 1386 1387 1375
f 1375 1387 1388 1376
f 1376 1388 1389 1377
f 1377 1389 1390 1378
f 1378 1390 1391 1379
f 1379 1391 1392 1380
f 1380 1392 1381 1369
f 1381 1393 1394 1382
f 1382 1394 1395 1383
f 1383 1395 1396 1384
f 1384 1396 1397 1385
f 1385 1397 1398 1386
f 1386 1398 1399 1387
f 1387 1399 1400 1388
f 1388 1400 1401 1389
f 1389 1401 1402 1390
f 1390 1402 1403 1391
f 1391 1403 1404 1392
f 1392 1404 1393 1381
f 1393 1405 1406 1394
f 1394 1406 1407 1395
f 1395 1407 1408 1396
f 1396 1408 1409 1397
f 1397 1409 1410 1398
f 1398 1410 1411 1399
f 1399 1411 1412 1400
f 1400 1412 1413 1401
f 1401 1413 1414 1402
f 1402 1414 1415 1403
f 1403 1415 1416 1404
f 1404 1416 1405 1393
f 1405 1417 1418 1406
f 1406 1418 1419 1407
f 1407 1419 1420 1408
f 1408 1420 1421 1409
f 1409 1421 1422 1410
f 1410 1422 1423 1411
f 1411 1423 1424 1412
f 1412 1424 1425 1413
f 1413 1425 1426 1414
f 1414 1426 1427 1415
f 1415 1427 1428 1416
f 1416 1428 1417 1405
f 1417 1429 1430 1418
f 1418 1430 1431 1419
f 1419 1431 1432 1420
f 1420 1432 1433 1421
f 1421 1433 1434 1422
f 1422 1434 1435 1423
f 1423 1435 1436 1424
f 1424 1436 1437 1425
f 1425 1437 1438 1426
f 1426 1438 1439 1427
f 1427 1439 1440 1428
f 1428 1440 1429 1417
f 1429 1 2 1430
f 1430 2 3 1431
f 1431 3 4 1432
f 1432 4 5 1433
f 1433 5 6 1434
f 1434 6 7 1435
f 1435 7 8 1436
f 1436 8 9 1437
f 1437 9 10 1438
f 1438 10 11 1439
f 1439 11 12 1440
f 1440 12 1 1429
g gimbal_middle
v -45.2337 16.503 9.52803
v -45.0296 16.0153 10.2008
v -44.472 15.5093 10.6074
v -43.7103 15.1207 10.6387
v -42.9486 14.9536 10.2865
v -42.391 15.0527 9.64504
v -42.1869 15.3915 8.88626
v -42.391 15.8792 8.21346
v -42.9486 16.3851 7.80692
v -43.7103 16.7738 7.77557
v -44.472 16.9409 8.12781
v -45.0296 16.8418 8.76925
v -46.341 14.0107 8.0891
v -46.1319 13.5343 8.76839
v -45.5606 13.059 9.19267
v -44.7803 12.7124 9.24825
v -44 12.5872 8.92025
v -43.4287 12.717 8.29654
v -43.2196 13.067 7.54425
v -43.4287 13.5435 6.86496
v -44 14.0187 6.44069
v -44.7803 14.3654 6.3851
v -45.5606 14.4906 6.71311
v -46.1319 14.3608 7.33682
v -47.2654 11.4632 6.61825
v -47.0521 10.9982 7.30418
v -46.4695 10.5543 7.74659
v -45.6736 10.2506 7.82694
v -44.8777 10.1683 7.5237
v -44.295 10.3295 6.91812
v -44.0818 10.691 6.17248
v -44.295 11.156 5.48655
v -44.8777 11.5999 5.04414
v -45.6736 11.9036 4.96379
v -46.4695 11.9859 5.26703
v -47.0521 11.8247 5.8726
v -48.0032 8.87033 5.12128
v -47.7866 8.41704 5.81396
v -47.1949 8.00517 6.27483
v -46.3866 7.74507 6.38038
v -45.5783 7.70644 6.10235
v -44.9865 7.89962 5.51523
v -44.7699 8.27286 4.77634
v -44.9865 8.72614 4.08366
v -45.5783 9.13801 3.62279
v -46.3866 9.39811 3.51724
v -47.1949 9.43675 3.79527
v -47.7866 9.24356 4.38239
v -48.5516 6.24249 3.60411
v -48.3326 5.80107 4.30363
v -47.7341 5.42159 4.7832
v -46.9165 5.20574 4.9143
v -46.099 5.21136 4.66182
v -45.5005 5.43693 4.0934
v -45.2814 5.82203 3.36135
v -45.5005 6.26345 2.66182
v -46.099 6.64293 2.18226
v -46.9165 6.85878 2.05115
v -47.7341 6.85316 2.30364
v -48.3326 6.62759 2.87206
v -48.9084 3.59003 2.0727
v -48.6878 3.16057 2.77914
v -48.0849 2.81379 3.27758
v -47.2613 2.6426 3.43447
v -46.4377 2.69288 3.20778
v -45.8348 2.95116 2.65823
v -45.6142 3.34822 1.93309
v -45.8348 3.77768 1.22666
v -46.4377 4.12446 0.728217
v -47.2613 4.29564 0.571325
v -48.0849 4.24536 0.798021
v -48.6878 3.98709 1.34756
v -49.0722 0.92339 0.533119
v -48.8508 0.505964 1.2465
v -48.2459 0.192054 1.76392
v -47.4196 0.0657727 1.94674
v -46.5932 0.160956 1.74597
v -45.9883 0.452101 1.2154
v -45.7669 0.861194 0.497211
v -45.9883 1.27862 -0.216171
v -46.5932 1.59253 -0.733591
v -47.4196 1.71881 -0.916409
v -48.2459 1.62363 -0.715637
v -48.8508 1.33248 -0.185073
v -49.0423 -1.74689 -1.00857
v -48.8211 -2.15227 -0.28823
v -48.2165 -2.43326 0.248195
v -47.3907 -2.51458 0.456973
v -46.5649 -2.37443 0.282161
v -45.9603 -2.05037 -0.229398
v -45.7391 -1.62923 -0.940635
v -45.9603 -1.22385 -1.66097
v -46.5649 -0.942856 -2.1974
v -47.3907 -0.861539 -2.40617
v -48.2165 -1.00169 -2.23136
v -48.8211 -1.32575 -1.7198
v -48.8189 -4.41028 -2.54627
v -48.5986 -4.80364 -1.819
v -47.9968 -5.0518 -1.26362
v -47.1748 -5.08827 -1.02895
v -46.3527 -4.90327 -1.17787
v -45.7509 -4.54638 -1.67047
v -45.5307 -4.11322 -2.37477
v -45.7509 -3.71986 -3.10204
v -46.3527 -3.4717 -3.65742
v -47.1748 -3.43523 -3.89209
v -47.9968 -3.62023 -3.74318
v -48.5986 -3.97712 -3.25057
v -48.4028 -7.05626 -4.07393
v -48.1844 -7.43768 -3.33976
v -47.5878 -7.65322 -2.76555
v -46.7727 -7.64514 -2.50516
v -45.9577 -7.41558 -2.62835
v -45.361 -7.02607 -3.10212
v -45.1426 -6.58098 -3.79953
v -45.361 -6.19956 -4.5337
v -45.9577 -5.98401 -5.10791
v -46.7727 -5.9921 -5.3683
v -47.5878 -6.22165 -5.24511
v -48.1844 -6.61116 -4.77134
v -47.7957 -9.67439 -5.58551
v -47.58 -10.044 -4.84452
v -46.9909 -10.2273 -4.25168
v -46.186 -10.1751 -3.96583
v -45.3812 -9.90146 -4.06357
v -44.792 -9.47967 -4.51871
v -44.5764 -9.02276 -5.2093
v -44.792 -8.65316 -5.95028
v -45.3812 -8.46988 -6.54313
v -46.186 -8.52206 -6.82898
v -46.9909 -8.7957 -6.73124
v -47.58 -9.21748 -6.2761
v -46.9999 -12.2543 -7.07505
v -46.7879 -12.6123 -6.32734
v -46.2085 -12.7638 -5.71613
v -45.4171 -12.6682 -5.4052
v -44.6257 -12.3511 -5.47786
v -44.0463 -11.8975 -5.91464
v -43.8342 -11.4289 -6.5985
v -44.0463 -11.071 -7.34621
v -44.6257 -10.9195 -7.95742
v -45.4171 -11.0151 -8.26835
v -46.2085 -11.3322 -8.19569
v -46.7879 -11.7858 -7.75891
v -46.0187 -14.7859 -8.53666
v -45.8111 -15.1325 -7.78236
v -45.2438 -15.2527 -7.15313
v -44.4689 -15.1145 -6.81759
v -43.694 -14.7548 -6.86564
v -43.1267 -14.27 -7.2844
v -42.9191 -13.79 -7.96167
v -43.1267 -13.4435 -8.71597
v -43.694 -13.3232 -9.3452
v -44.4689 -13.4615 -9.68074
v -45.2438 -13.8212 -9.63269
v -45.8111 -14.306 -9.21393
v -44.8559 -17.2592 -9.96459
v -44.6535 -17.5946 -9.20384
v -44.1005 -17.6843 -8.55701
v -43.3452 -17.5044 -8.19743
v -42.5899 -17.1031 -8.22143
v -42.0369 -16.5878 -8.62259
v -41.8346 -16.0967 -9.29341
v -42.0369 -15.7613 -10.0542
v -42.5899 -15.6715 -10.701
v -43.3452 -15.8514 -11.0606
v -44.1005 -16.2528 -11.0366
v -44.6535 -16.768 -10.6354
v -43.516 -19.6643 -11.3532
v -43.3196 -19.9888 -10.5862
v -42.7832 -20.049 -9.92223
v -42.0505 -19.8286 -9.53926
v -41.3177 -19.3867 -9.53988
v -40.7813 -18.8418 -9.92392
v -40.5849 -18.3398 -10.5885
v -40.7813 -18.0153 -11.3555
v -41.3177 -17.9551 -12.0194
v -42.0505 -18.1755 -12.4024
v -42.7832 -18.6174 -12.4018
v -43.3196 -19.1623 -12.0177
v -42.0044 -21.9918 -12.697
v -41.8148 -22.3058 -11.9239
v -41.2971 -22.3373 -11.2434
v -40.5897 -22.0777 -10.8378
v -39.8824 -21.5966 -10.8158
v -39.3647 -21.023 -11.1833
v -39.1751 -20.5105 -11.8418
v -39.3647 -20.1965 -12.6148
v -39.8824 -20.1651 -13.2953
v -40.5897 -20.4247 -13.7009
v -41.2971 -20.9057 -13.723
v -41.8148 -21.4793 -13.3555
v -40.327 -24.2325 -13.9907
v -40.145 -24.5365 -13.2117
v -39.6479 -24.5403 -12.5153
v -38.9689 -24.243 -12.0879
v -38.2898 -23.7242 -12.0441
v -37.7927 -23.1229 -12.3956
v -37.6107 -22.6003 -13.0483
v -37.7927 -22.2964 -13.8272
v -38.2898 -22.2926 -14.5237
v -38.9689 -22.5899 -14.9511
v -39.6479 -23.1087 -14.9949
v -40.145 -23.7099 -14.6433
v -38.4904 -26.3776 -15.2291
v -38.3168 -26.6719 -14.4446
v -37.8423 -26.6492 -13.7329
v -37.1942 -26.3158 -13.2847
v -36.546 -25.7609 -13.22
v -36.0716 -25.1332 -13.5563
v -35.8979 -24.6009 -14.2034
v -36.0716 -24.3067 -14.9879
v -36.546 -24.3293 -15.6996
v -37.1942 -24.6628 -16.1478
v -37.8423 -25.2177 -16.2125
v -38.3168 -25.8454 -15.8762
v -36.502 -28.4186 -16.4075
v -36.3373 -28.7037 -15.6177
v -35.8873 -28.6559 -14.8914
v -35.2727 -28.2881 -14.4234
v -34.658 -27.6988 -14.3389
v -34.2081 -27.0459 -14.6606
v -34.0434 -26.5045 -15.3024
v -34.2081 -26.2194 -16.0922
v -34.658 -26.2672 -16.8184
v -35.2727 -26.635 -17.2865
v -35.8873 -27.2243 -17.371
v -36.3373 -27.8771 -17.0493
v -34.3695 -30.3475 -17.5211
v -34.2144 -30.6238 -16.7263
v -33.7908 -30.5522 -15.9863
v -33.212 -30.1519 -15.4995
v -32.6333 -29.5302 -15.3962
v -32.2096 -28.8536 -15.7042
v -32.0545 -28.3034 -16.341
v -32.2096 -28.027 -17.1358
v -32.6333 -28.0986 -17.8758
v -33.212 -28.4989 -18.3626
v -33.7908 -29.1206 -18.4659
v -34.2144 -29.7973 -18.1578
v -32.1014 -32.1565 -18.5656
v -31.9565 -32.4247 -17.766
v -31.5608 -32.3308 -17.0132
v -31.0203 -31.9001 -16.5088
v -30.4797 -31.2479 -16.3879
v -30.084 -30.5489 -16.6831
v -29.9391 -29.9906 -17.3151
v -30.084 -29.7224 -18.1146
v -30.4797 -29.8163 -18.8675
v -31.0203 -30.247 -19.3719
v -31.5608 -30.8992 -19.4927
v -31.9565 -31.5982 -19.1976
v -29.7065 -33.8387 -19.5368
v -29.5725 -34.0993 -18.7328
v -29.2063 -33.9847 -17.968
v -28.7061 -33.5256 -17.4472
v -28.2059 -32.845 -17.3101
v -27.8397 -32.1254 -17.5932
v -27.7056 -31.5594 -18.2209
v -27.8397 -31.2989 -19.0248
v -28.2059 -31.4135 -19.7896
v -28.7061 -31.8725 -20.3104
v -29.2063 -32.5531 -20.4476
v -29.5725 -33.2727 -20.1644
v -27.1945 -35.3873 -20.4309
v -27.0718 -35.6409 -19.6229
v -26.7365 -35.5072 -18.847
v -26.2786 -35.022 -18.3112
v -25.8207 -34.3154 -18.159
v -25.4855 -33.5767 -18.4311
v -25.3628 -33.0038 -19.0547
v -25.4855 -32.7502 -19.8627
v -25.8207 -32.8839 -20.6385
v -26.2786 -33.369 -21.1744
v -26.7365 -34.0756 -21.3266
v -27.0718 -34.8144 -21.0545
v -24.5751 -36.7962 -21.2443
v -24.4642 -37.0435 -20.4327
v -24.1613 -36.8924 -19.6468
v -23.7474 -36.3835 -19.0973
v -23.3336 -35.6532 -18.9313
v -23.0307 -34.8971 -19.1935
v -22.9198 -34.3178 -19.8134
v -23.0307 -34.0706 -20.625
v -23.3336 -34.2216 -21.4109
v -23.7474 -34.7305 -21.9604
v -24.1613 -35.4609 -22.1264
v -24.4642 -36.217 -21.8643
v -21.8587 -38.06 -21.9739
v -21.7601 -38.3015 -21.159
v -21.4906 -38.1349 -20.3641
v -21.1225 -37.6047 -19.8023
v -20.7545 -36.8531 -19.6241
v -20.485 -36.0814 -19.8772
v -20.3864 -35.4964 -20.4939
v -20.485 -35.2549 -21.3088
v -20.7545 -35.4215 -22.1037
v -21.1225 -35.9517 -22.6655
v -21.4906 -36.7033 -22.8437
v -21.7601 -37.475 -22.5906
v -19.0561 -39.1735 -22.6168
v -18.9701 -39.41 -21.799
v -18.7352 -39.2297 -20.9962
v -18.4143 -38.6808 -20.4236
v -18.0934 -37.9104 -20.2345
v -17.8585 -37.125 -20.4797
v -17.7725 -36.535 -21.0935
v -17.8585 -36.2984 -21.9113
v -18.0934 -36.4788 -22.7141
v -18.4143 -37.0277 -23.2867
v -18.7352 -37.7981 -23.4758
v -18.9701 -38.5835 -23.2306
v -16.1782 -40.1325 -23.1705
v -16.1052 -40.3646 -22.3502
v -15.9058 -40.1725 -21.5405
v -15.6334 -39.6074 -20.9586
v -15.3609 -38.8209 -20.7602
v -15.1615 -38.0236 -20.9986
v -15.0885 -37.4293 -21.6098
v -15.1615 -37.1971 -22.4301
v -15.3609 -37.3893 -23.2398
v -15.6334 -37.9544 -23.8217
v -15.9058 -38.7409 -24.0201
v -16.1052 -39.5381 -23.7817
v -13.2365 -40.933 -23.6327
v -13.1768 -41.1616 -22.8103
v -13.0136 -40.9595 -21.995
v -12.7907 -40.381 -21.4052
v -12.5678 -39.581 -21.1991
v -12.4047 -38.7739 -21.4317
v -12.345 -38.1759 -22.0409
v -12.4047 -37.9474 -22.8633
v -12.5678 -38.1494 -23.6786
v -12.7907 -38.7279 -24.2684
v -13.0136 -39.5279 -24.4745
v -13.1768 -40.3351 -24.2418
v -10.2426 -41.572 -24.0016
v -10.1964 -41.7977 -23.1775
v -10.0701 -41.5878 -22.3577
v -9.89762 -40.9985 -21.7617
v -9.72515 -40.1877 -21.5493
v -9.59889 -39.3727 -21.7775
v -9.55267 -38.7719 -22.385
v -9.59889 -38.5462 -23.209
v -9.72515 -38.7561 -24.0289
v -9.89762 -39.3454 -24.6249
v -10.0701 -40.1562 -24.8372
v -10.1964 -40.9712 -24.6091
v -7.20821 -42.0469 -24.2758
v -7.17569 -42.2705 -23.4505
v -7.08683 -42.0547 -22.6273
v -6.96545 -41.4574 -22.0267
v -6.84408 -40.6387 -21.8097
v -6.75522 -39.8178 -22.0344
v -6.7227 -39.2148 -22.6407
v -6.75522 -38.9913 -23.466
v -6.84408 -39.2071 -24.2893
v -6.96545 -39.8044 -24.8898
v -7.08683 -40.6231 -25.1068
v -7.17569 -41.444 -24.8821
v -4.14541 -42.3559 -24.4542
v -4.1267 -42.5781 -23.6281
v -4.0756 -42.3585 -22.8027
v -4.0058 -41.756 -22.1991
v -3.93599 -40.932 -21.9791
v -3.88489 -40.1074 -22.2016
v -3.86619 -39.503 -22.8071
v -3.88489 -39.2809 -23.6332
v -3.93599 -39.5005 -24.4586
v -4.0058 -40.103 -25.0622
v -4.0756 -40.9269 -25.2822
v -4.1267 -41.7516 -25.0597
v -1.06624 -42.4978 -24.5361
v -1.06143 -42.7193 -23.7096
v -1.04828 -42.498 -22.8832
v -1.03033 -41.8931 -22.2782
v -1.01238 -41.0667 -22.0568
v -0.999232 -40.2403 -22.2784
v -0.994422 -39.6353 -22.8835
v -0.999232 -39.4138 -23.71
v -1.01238 -39.6351 -24.5364
v -1.03033 -40.24 -25.1414
v -1.04828 -41.0664 -25.3627
v -1.06143 -41.8928 -25.1412
v 2.01714 -42.4719 -24.5212
v 2.00803 -42.6935 -23.6947
v 1.98317 -42.4725 -22.8685
v 1.9492 -41.8681 -22.2638
v 1.91524 -41.0421 -22.0427
v 1.89037 -40.2161 -22.2644
v 1.88127 -39.6112 -22.8695
v 1.89037 -39.3896 -23.696
v 1.91524 -39.6106 -24.5222
v 1.9492 -40.215 -25.1269
v 1.98317 -41.0409 -25.348
v 2.00803 -41.867 -25.1263
v 5.09255 -42.2784 -24.4095
v 5.06957 -42.5009 -23.5835
v 5.0068 -42.2823 -22.7586
v 4.92104 -41.6811 -22.1558
v 4.83529 -40.8584 -21.9366
v 4.77251 -40.0347 -22.1597
v 4.74954 -39.4307 -22.7653
v 4.77251 -39.2082 -23.5913
v 4.83529 -39.4269 -24.4161
v 4.92104 -40.028 -25.019
v 5.0068 -40.8507 -25.2382
v 5.06957 -41.6744 -25.0151
v 8.14786 -41.9181 -24.2014
v 8.1111 -42.1422 -23.3764
v 8.01066 -41.928 -22.5541
v 7.87346 -41.3329 -21.9548
v 7.73626 -40.5163 -21.739
v 7.63582 -39.697 -21.9647
v 7.59906 -39.0946 -22.5713
v 7.63582 -38.8705 -23.3963
v 7.73626 -39.0847 -24.2186
v 7.87346 -39.6798 -24.8179
v 8.01066 -40.4964 -25.0337
v 8.1111 -41.3157 -24.808
v 11.171 -41.3923 -23.8978
v 11.1206 -41.6188 -23.0742
v 10.9829 -41.4111 -22.2557
v 10.7948 -40.8248 -21.6614
v 10.6067 -40.0171 -21.4508
v 10.469 -39.2043 -21.6802
v 10.4186 -38.6043 -22.2882
v 10.469 -38.3778 -23.1118
v 10.6067 -38.5855 -23.9304
v 10.7948 -39.1718 -24.5246
v 10.9829 -39.9795 -24.7352
v 11.1206 -40.7923 -24.5058
v 14.1501 -40.7031 -23.5
v 14.0863 -40.9327 -22.6782
v 13.9118 -40.7335 -21.8645
v 13.6736 -40.1589 -21.277
v 13.4353 -39.3627 -21.073
v 13.2609 -38.5585 -21.3074
v 13.197 -37.9615 -21.9171
v 13.2609 -37.7319 -22.7389
v 13.4353 -37.9312 -23.5526
v 13.6736 -38.5058 -24.1401
v 13.9118 -39.302 -24.344
v 14.0863 -40.1062 -24.1097
v 17.0733 -39.8534 -23.0094
v 16.9963 -40.0868 -22.1897
v 16.7858 -39.8981 -21.3821
v 16.4983 -39.3377 -20.8029
v 16.2108 -38.5559 -20.6072
v 16.0004 -37.7621 -20.8476
v 15.9233 -37.169 -21.4595
v 16.0004 -36.9356 -22.2791
v 16.2108 -37.1243 -23.0868
v 16.4983 -37.6847 -23.666
v 16.7858 -38.4665 -23.8617
v 16.9963 -39.2603 -23.6213
v 19.9292 -38.8463 -22.4279
v 19.8393 -39.0843 -21.6109
v 19.5936 -38.908 -20.8105
v 19.258 -38.3646 -20.241
v 18.9224 -37.5997 -20.0552
v 18.6767 -36.8183 -20.3027
v 18.5868 -36.2298 -20.9173
v 18.6767 -35.9918 -21.7343
v 18.9224 -36.1681 -22.5347
v 19.258 -36.7115 -23.1042
v 19.5936 -37.4764 -23.29
v 19.8393 -38.2578 -23.0425
v 22.7064 -37.6859 -21.758
v 22.6039 -37.9292 -20.944
v 22.324 -37.7671 -20.1518
v 21.9417 -37.2433 -19.5937
v 21.5593 -36.498 -19.4191
v 21.2794 -35.7309 -19.6748
v 21.177 -35.1476 -20.2925
v 21.2794 -34.9044 -21.1064
v 21.5593 -35.0664 -21.8986
v 21.9417 -35.5902 -22.4568
v 22.324 -36.3356 -22.6314
v 22.6039 -37.1026 -22.3756
v 25.394 -36.3768 -21.0022
v 25.2794 -36.626 -20.1916
v 24.9663 -36.4801 -19.4087
v 24.5387 -35.9783 -18.8633
v 24.1111 -35.255 -18.7014
v 23.7981 -34.504 -18.9665
v 23.6835 -33.9267 -19.5876
v 23.7981 -33.6775 -20.3981
v 24.1111 -33.8234 -21.181
v 24.5387 -34.3252 -21.7264
v 24.9663 -35.0485 -21.8883
v 25.2794 -35.7995 -21.6232
v 27.9813 -34.9242 -20.1635
v 27.8551 -35.1799 -19.3567
v 27.5101 -35.0519 -18.5842
v 27.039 -34.5745 -18.0529
v 26.5678 -33.8757 -17.9051
v 26.2229 -33.1427 -18.1806
v 26.0966 -32.5718 -18.8054
v 26.2229 -32.3162 -19.6121
v 26.5678 -32.4441 -20.3847
v 27.039 -32.9215 -20.916
v 27.5101 -33.6203 -21.0637
v 27.8551 -34.3534 -20.7883
v 30.4583 -33.3337 -19.2452
v 30.3208 -33.5966 -18.4426
v 29.9454 -33.4882 -17.6814
v 29.4325 -33.0376 -17.1655
v 28.9196 -32.3656 -17.0332
v 28.5441 -31.6521 -17.32
v 28.4067 -31.0885 -17.9489
v 28.5441 -30.8256 -18.7516
v 28.9196 -30.934 -19.5128
v 29.4325 -31.3846 -20.0287
v 29.9454 -32.0566 -20.1609
v 30.3208 -32.77 -19.8742
v 32.815 -31.6117 -18.251
v 32.6669 -31.8823 -17.4529
v 32.2624 -31.7951 -16.7039
v 31.7099 -31.3736 -16.2048
v 31.1573 -30.7305 -16.0892
v 30.7528 -30.0383 -16.3883
v 30.6047 -29.4824 -17.0217
v 30.7528 -29.2118 -17.8198
v 31.1573 -29.299 -18.5688
v 31.7099 -29.7205 -19.0679
v 32.2624 -30.3636 -19.1835
v 32.6669 -31.0558 -18.8844
v 35.0422 -29.7649 -17.1848
v 34.8841 -30.0438 -16.3914
v 34.4521 -29.9794 -15.6556
v 33.8621 -29.589 -15.1744
v 33.272 -28.977 -15.0769
v 32.84 -28.3076 -15.389
v 32.6819 -27.76 -16.0273
v 32.84 -27.4811 -16.8206
v 33.272 -27.5454 -17.5564
v 33.8621 -27.9359 -18.0376
v 34.4521 -28.5479 -18.1352
v 34.8841 -29.2173 -17.823
v 37.1311 -27.8006 -16.0507
v 36.9636 -28.0884 -15.2625
v 36.5059 -28.0482 -14.5406
v 35.8806 -27.6908 -14.0786
v 35.2554 -27.112 -14.0001
v 34.7977 -26.4668 -14.3262
v 34.6302 -25.9281 -14.9696
v 34.7977 -25.6402 -15.7578
v 35.2554 -25.6804 -16.4796
v 35.8806 -26.0378 -16.9417
v 36.5059 -26.6167 -17.0202
v 36.9636 -27.2619 -16.694
v 39.0735 -25.7266 -14.8533
v 38.8972 -26.0238 -14.0705
v 38.4156 -26.0092 -13.3634
v 37.7576 -25.6867 -12.9215
v 37.0997 -25.1428 -12.8631
v 36.618 -24.5231 -13.204
v 36.4417 -23.9938 -13.8528
v 36.618 -23.6966 -14.6356
v 37.0997 -23.7112 -15.3427
v 37.7576 -24.0337 -15.7846
v 38.4156 -24.5776 -15.8429
v 38.8972 -25.1973 -15.502
v 40.8617 -23.5511 -13.5972
v 40.6774 -23.8581 -12.8201
v 40.1737 -23.8703 -12.1285
v 39.4856 -23.5845 -11.7077
v 38.7975 -23.0772 -11.6706
v 38.2938 -22.4843 -12.0269
v 38.1095 -21.9648 -12.6814
v 38.2938 -21.6578 -13.4585
v 38.7975 -21.6456 -14.1501
v 39.4856 -21.9314 -14.5709
v 40.1737 -22.4387 -14.608
v 40.6774 -23.0316 -14.2517
v 42.4886 -21.2826 -12.2875
v 42.2969 -21.5999 -11.5163
v 41.7732 -21.64 -10.8408
v 41.0577 -21.3924 -10.4421
v 40.3423 -20.9233 -10.427
v 39.8185 -20.3584 -10.7996
v 39.6268 -19.8491 -11.4599
v 39.8185 -19.5319 -12.2311
v 40.3423 -19.4917 -12.9066
v 41.0577 -19.7394 -13.3053
v 41.7732 -20.2085 -13.3204
v 42.2969 -20.7734 -12.9479
v 43.9479 -18.9302 -10.9293
v 43.7496 -19.258 -10.1642
v 43.2079 -19.3272 -9.50553
v 42.4678 -19.1192 -9.1297
v 41.7278 -18.6897 -9.13745
v 41.186 -18.1538 -9.52672
v 40.9877 -17.6551 -10.1932
v 41.186 -17.3273 -10.9583
v 41.7278 -17.2581 -11.617
v 42.4678 -17.4661 -11.9928
v 43.2079 -17.8956 -11.9851
v 43.7496 -18.4315 -11.5958
v 45.2337 -16.503 -9.52803
v 45.0296 -16.8418 -8.76925
v 44.472 -16.9409 -8.12781
v 43.7103 -16.7738 -7.77557
v 42.9486 -16.3851 -7.80692
v 42.391 -15.8792 -8.21346
v 42.1869 -15.3915 -8.88626
v 42.391 -15.0527 -9.64504
v 42.9486 -14.9536 -10.2865
v 43.7103 -15.1207 -10.6387
v 44.472 -15.5093 -10.6074
v 45.0296 -16.0153 -10.2008
v 46.341 -14.0107 -8.0891
v 46.1319 -14.3608 -7.33682
v 45.5606 -14.4906 -6.71311
v 44.7803 -14.3654 -6.3851
v 44 -14.0187 -6.44069
v 43.4287 -13.5435 -6.86496
v 43.2196 -13.067 -7.54425
v 43.4287 -12.717 -8.29654
v 44 -12.5872 -8.92025
v 44.7803 -12.7124 -9.24825
v 45.5606 -13.059 -9.19267
v 46.1319 -13.5343 -8.76839
v 47.2654 -11.4632 -6.61825
v 47.0521 -11.8247 -5.8726
v 46.4695 -11.9859 -5.26703
v 45.6736 -11.9036 -4.96379
v 44.8777 -11.5999 -5.04414
v 44.295 -11.156 -5.48655
v 44.0818 -10.691 -6.17248
v 44.295 -10.3295 -6.91812
v 44.8777 -10.1683 -7.5237
v 45.6736 -10.2506 -7.82694
v 46.4695 -10.5543 -7.74659
v 47.0521 -10.9982 -7.30418
v 48.0032 -8.87033 -5.12128
v 47.7866 -9.24356 -4.38239
v 47.1949 -9.43675 -3.79527
v 46.3866 -9.39811 -3.51724
v 45.5783 -9.13801 -3.62279
v 44.9865 -8.72614 -4.08366
v 44.7699 -8.27286 -4.77634
v 44.9865 -7.89962 -5.51523
v 45.5783 -7.70644 -6.10235
v 46.3866 -7.74507 -6.38038
v 47.1949 -8.00517 -6.27483
v 47.7866 -8.41704 -5.81396
v 48.5516 -6.24249 -3.60411
v 48.3326 -6.62759 -2.87206
v 47.7341 -6.85316 -2.30364
v 46.9165 -6.85878 -2.05115
v 46.099 -6.64293 -2.18226
v 45.5005 -6.26345 -2.66182
v 45.2814 -5.82203 -3.36135
v 45.5005 -5.43693 -4.0934
v 46.099 -5.21136 -4.66182
v 46.9165 -5.20574 -4.9143
v 47.7341 -5.42159 -4.7832
v 48.3326 -5.80107 -4.30363
v 48.9084 -3.59003 -2.0727
v 48.6878 -3.98709 -1.34756
v 48.0849 -4.24536 -0.798021
v 47.2613 -4.29564 -0.571325
v 46.4377 -4.12446 -0.728217
v 45.8348 -3.77768 -1.22666
v 45.6142 -3.34822 -1.93309
v 45.8348 -2.95116 -2.65823
v 46.4377 -2.69288 -3.20778
v 47.2613 -2.6426 -3.43447
v 48.0849 -2.81379 -3.27758
v 48.6878 -3.16057 -2.77914
v 49.0722 -0.92339 -0.533119
v 48.8508 -1.33248 0.185073
v 48.2459 -1.62363 0.715637
v 47.4196 -1.71881 0.916409
v 46.5932 -1.59253 0.733591
v 45.9883 -1.27862 0.216171
v 45.7669 -0.861194 -0.497211
v 45.9883 -0.452101 -1.2154
v 46.5932 -0.160956 -1.74597
v 47.4196 -0.0657727 -1.94674
v 48.2459 -0.192054 -1.76392
v 48.8508 -0.505964 -1.2465
v 49.0423 1.74689 1.00857
v 48.8211 1.32575 1.7198
v 48.2165 1.00169 2.23136
v 47.3907 0.861539 2.40617
v 46.5649 0.942856 2.1974
v 45.9603 1.22385 1.66097
v 45.7391 1.62923 0.940635
v 45.9603 2.05037 0.229398
v 46.5649 2.37443 -0.282161
v 47.3907 2.51458 -0.456973
v 48.2165 2.43326 -0.248195
v 48.8211 2.15227 0.28823
v 48.8189 4.41028 2.54627
v 48.5986 3.97712 3.25057
v 47.9968 3.62023 3.74318
v 47.1748 3.43523 3.89209
v 46.3527 3.4717 3.65742
v 45.7509 3.71986 3.10204
v 45.5307 4.11322 2.37477
v 45.7509 4.54638 1.67047
v 46.3527 4.90327 1.17787
v 47.1748 5.08827 1.02895
v 47.9968 5.0518 1.26362
v 48.5986 4.80364 1.819
v 48.4028 7.05626 4.07393
v 48.1844 6.61116 4.77134
v 47.5878 6.22165 5.24511
v 46.7727 5.9921 5.3683
v 45.9577 5.98401 5.10791
v 45.361 6.19956 4.5337
v 45.1426 6.58098 3.79953
v 45.361 7.02607 3.10212
v 45.9577 7.41558 2.62835
v 46.7727 7.64514 2.50516
v 47.5878 7.65322 2.76555
v 48.1844 7.43768 3.33976
v 47.7957 9.67439 5.58551
v 47.58 9.21748 6.2761
v 46.9909 8.7957 6.73124
v 46.186 8.52206 6.82898
v 45.3812 8.46988 6.54313
v 44.792 8.65316 5.95028
v 44.5764 9.02276 5.2093
v 44.792 9.47967 4.51871
v 45.3812 9.90146 4.06357
v 46.186 10.1751 3.96583
v 46.9909 10.2273 4.25168
v 47.58 10.044 4.84452
v 46.9999 12.2543 7.07505
v 46.7879 11.7858 7.75891
v 46.2085 11.3322 8.19569
v 45.4171 11.0151 8.26835
v 44.6257 10.9195 7.95742
v 44.0463 11.071 7.34621
v 43.8342 11.4289 6.5985
v 44.0463 11.8975 5.91464
v 44.6257 12.3511 5.47786
v 45.4171 12.6682 5.4052
v 46.2085 12.7638 5.71613
v 46.7879 12.6123 6.32734
v 46.0187 14.7859 8.53666
v 45.8111 14.306 9.21393
v 45.2438 13.8212 9.63269
v 44.4689 13.4615 9.68074
v 43.694 13.3232 9.3452
v 43.1267 13.4435 8.71597
v 42.9191 13.79 7.96167
v 43.1267 14.27 7.2844
v 43.694 14.7548 6.86564
v 44.4689 15.1145 6.81759
v 45.2438 15.2527 7.15313
v 45.8111 15.1325 7.78236
v 44.8559 17.2592 9.96459
v 44.6535 16.768 10.6354
v 44.1005 16.2528 11.0366
v 43.3452 15.8514 11.0606
v 42.5899 15.6715 10.701
v 42.0369 15.7613 10.0542
v 41.8346 16.0967 9.29341
v 42.0369 16.5878 8.62259
v 42.5899 17.1031 8.22143
v 43.3452 17.5044 8.19743
v 44.1005 17.6843 8.55701
v 44.6535 17.5946 9.20384
v 43.516 19.6643 11.3532
v 43.3196 19.1623 12.0177
v 42.7832 18.6174 12.4018
v 42.0505 18.1755 12.4024
v 41.3177 17.9551 12.0194
v 40.7813 18.0153 11.3555
v 40.5849 18.3398 10.5885
v 40.7813 18.8418 9.92392
v 41.3177 19.3867 9.53988
v 42.0505 19.8286 9.53926
v 42.7832 20.049 9.92223
v 43.3196 19.9888 10.5862
v 42.0044 21.9918 12.697
v 41.8148 21.4793 13.3555
v 41.2971 20.9057 13.723
v 40.5897 20.4247 13.7009
v 39.8824 20.1651 13.2953
v 39.3647 20.1965 12.6148
v 39.1751 20.5105 11.8418
v 39.3647 21.023 11.1833
v 39.8824 21.5966 10.8158
v 40.5897 22.0777 10.8378
v 41.2971 22.3373 11.2434
v 41.8148 22.3058 11.9239
v 40.327 24.2325 13.9907
v 40.145 23.7099 14.6433
v 39.6479 23.1087 14.9949
v 38.9689 22.5899 14.9511
v 38.2898 22.2926 14.5237
v 37.7927 22.2964 13.8272
v 37.6107 22.6003 13.0483
v 37.7927 23.1229 12.3956
v 38.2898 23.7242 12.0441
v 38.9689 24.243 12.0879
v 39.6479 24.5403 12.5153
v 40.145 24.5365 13.2117
v 38.4904 26.3776 15.2291
v 38.3168 25.8454 15.8762
v 37.8423 25.2177 16.2125
v 37.1942 24.6628 16.1478
v 36.546 24.3293 15.6996
v 36.0716 24.3067 14.9879
v 35.8979 24.6009 14.2034
v 36.0716 25.1332 13.5563
v 36.546 25.7609 13.22
v 37.1942 26.3158 13.2847
v 37.8423 26.6492 13.7329
v 38.3168 26.6719 14.4446
v 36.502 28.4186 16.4075
v 36.3373 27.8771 17.0493
v 35.8873 27.2243 17.371
v 35.2727 26.635 17.2865
v 34.658 26.2672 16.8184
v 34.2081 26.2194 16.0922
v 34.0434 26.5045 15.3024
v 34.2081 27.0459 14.6606
v 34.658 27.6988 14.3389
v 35.2727 28.2881 14.4234
v 35.8873 28.6559 14.8914
v 36.3373 28.7037 15.6177
v 34.3695 30.3475 17.5211
v 34.2144 29.7973 18.1578
v 33.7908 29.1206 18.4659
v 33.212 28.4989 18.3626
v 32.6333 28.0986 17.8758
v 32.2096 28.027 17.1358
v 32.0545 28.3034 16.341
v 32.2096 28.8536 15.7042
v 32.6333 29.5302 15.3962
v 33.212 30.1519 15.4995
v 33.7908 30.5522 15.9863
v 34.2144 30.6238 16.7263
v 32.1014 32.1565 18.5656
v 31.9565 31.5982 19.1976
v 31.5608 30.8992 19.4927
v 31.0203 30.247 19.3719
v 30.4797 29.8163 18.8675
v 30.084 29.7224 18.1146
v 29.9391 29.9906 17.3151
v 30.084 30.5489 16.6831
v 30.4797 31.2479 16.3879
v 31.0203 31.9001 16.5088
v 31.5608 32.3308 17.0132
v 31.9565 32.4247 17.766
v 29.7065 33.8387 19.5368
v 29.5725 33.2727 20.1644
v 29.2063 32.5531 20.4476
v 28.7061 31.8725 20.3104
v 28.2059 31.4135 19.7896
v 27.8397 31.2989 19.0248
v 27.7056 31.5594 18.2209
v 27.8397 32.1254 17.5932
v 28.2059 32.845 17.3101
v 28.7061 33.5256 17.4472
v 29.2063 33.9847 17.968
v 29.5725 34.0993 18.7328
v 27.1945 35.3873 20.4309
v 27.0718 34.8144 21.0545
v 26.7365 34.0756 21.3266
v 26.2786 33.369 21.1744
v 25.8207 32.8839 20.6385
v 25.4855 32.7502 19.8627
v 25.3628 33.0038 19.0547
v 25.4855 33.5767 18.4311
v 25.8207 34.3154 18.159
v 26.2786 35.022 18.3112
v 26.7365 35.5072 18.847
v 27.0718 35.6409 19.6229
v 24.5751 36.7962 21.2443
v 24.4642 36.217 21.8643
v 24.1613 35.4609 22.1264
v 23.7474 34.7305 21.9604
v 23.3336 34.2216 21.4109
v 23.0307 34.0706 20.625
v 22.9198 34.3178 19.8134
v 23.0307 34.8971 19.1935
v 23.3336 35.6532 18.9313
v 23.7474 36.3835 19.0973
v 24.1613 36.8924 19.6468
v 24.4642 37.0435 20.4327
v 21.8587 38.06 21.9739
v 21.7601 37.475 22.5906
v 21.4906 36.7033 22.8437
v 21.1225 35.9517 22.6655
v 20.7545 35.4215 22.1037
v 20.485 35.2549 21.3088
v 20.3864 35.4964 20.4939
v 20.485 36.0814 19.8772
v 20.7545 36.8531 19.6241
v 21.1225 37.6047 19.8023
v 21.4906 38.1349 20.3641
v 21.7601 38.3015 21.159
v 19.0561 39.1735 22.6168
v 18.9701 38.5835 23.2306
v 18.7352 37.7981 23.4758
v 18.4143 37.0277 23.2867
v 18.0934 36.4788 22.7141
v 17.8585 36.2984 21.9113
v 17.7725 36.535 21.0935
v 17.8585 37.125 20.4797
v 18.0934 37.9104 20.2345
v 18.4143 38.6808 20.4236
v 18.7352 39.2297 20.9962
v 18.9701 39.41 21.799
v 16.1782 40.1325 23.1705
v 16.1052 39.5381 23.7817
v 15.9058 38.7409 24.0201
v 15.6334 37.9544 23.8217
v 15.3609 37.3893 23.2398
v 15.1615 37.1971 22.4301
v 15.0885 37.4293 21.6098
v 15.1615 38.0236 20.9986
v 15.3609 38.8209 20.7602
v 15.6334 39.6074 20.9586
v 15.9058 40.1725 21.5405
v 16.1052 40.3646 22.3502
v 13.2365 40.933 23.6327
v 13.1768 40.3351 24.2418
v 13.0136 39.5279 24.4745
v 12.7907 38.7279 24.2684
v 12.5678 38.1494 23.6786
v 12.4047 37.9474 22.8633
v 12.345 38.1759 22.0409
v 12.4047 38.7739 21.4317
v 12.5678 39.581 21.1991
v 12.7907 40.381 21.4052
v 13.0136 40.9595 21.995
v 13.1768 41.1616 22.8103
v 10.2426 41.572 24.0016
v 10.1964 40.9712 24.6091
v 10.0701 40.1562 24.8372
v 9.89762 39.3454 24.6249
v 9.72515 38.7561 24.0289
v 9.59889 38.5462 23.209
v 9.55267 38.7719 22.385
v 9.59889 39.3727 21.7775
v 9.72515 40.1877 21.5493
v 9.89762 40.9985 21.7617
v 10.0701 41.5878 22.3577
v 10.1964 41.7977 23.1775
v 7.20821 42.0469 24.2758
v 7.17569 41.444 24.8821
v 7.08683 40.6231 25.1068
v 6.96545 39.8044 24.8898
v 6.84408 39.2071 24.2893
v 6.75522 38.9913 23.466
v 6.7227 39.2148 22.6407
v 6.75522 39.8178 22.0344
v 6.84408 40.6387 21.8097
v 6.96545 41.4574 22.0267
v 7.08683 42.0547 22.6273
v 7.17569 42.2705 23.4505
v 4.14541 42.3559 24.4542
v 4.1267 41.7516 25.0597
v 4.0756 40.9269 25.2822
v 4.0058 40.103 25.0622
v 3.93599 39.5005 24.4586
v 3.88489 39.2809 23.6332
v 3.86619 39.503 22.8071
v 3.88489 40.1074 22.2016
v 3.93599 40.932 21.9791
v 4.0058 41.756 22.1991
v 4.0756 42.3585 22.8027
v 4.1267 42.5781 23.6281
v 1.06624 42.4978 24.5361
v 1.06143 41.8928 25.1412
v 1.04828 41.0664 25.3627
v 1.03033 40.24 25.1414
v 1.01238 39.6351 24.5364
v 0.999232 39.4138 23.71
v 0.994422 39.6353 22.8835
v 0.999232 40.2403 22.2784
v 1.01238 41.0667 22.0568
v 1.03033 41.8931 22.2782
v 1.04828 42.498 22.8832
v 1.06143 42.7193 23.7096
v -2.01714 42.4719 24.5212
v -2.00803 41.867 25.1263
v -1.98317 41.0409 25.348
v -1.9492 40.215 25.1269
v -1.91524 39.6106 24.5222
v -1.89037 39.3896 23.696
v -1.88127 39.6112 22.8695
v -1.89037 40.2161 22.2644
v -1.91524 41.0421 22.0427
v -1.9492 41.8681 22.2638
v -1.98317 42.4725 22.8685
v -2.00803 42.6935 23.6947
v -5.09255 42.2784 24.4095
v -5.06957 41.6744 25.0151
v -5.0068 40.8507 25.2382
v -4.92104 40.028 25.019
v -4.83529 39.4269 24.4161
v -4.77251 39.2082 23.5913
v -4.74954 39.4307 22.7653
v -4.77251 40.0347 22.1597
v -4.83529 40.8584 21.9366
v -4.92104 41.6811 22.1558
v -5.0068 42.2823 22.7586
v -5.06957 42.5009 23.5835
v -8.14786 41.9181 24.2014
v -8.1111 41.3157 24.808
v -8.01066 40.4964 25.0337
v -7.87346 39.6798 24.8179
v -7.73626 39.0847 24.2186
v -7.63582 38.8705 23.3963
v -7.59906 39.0946 22.5713
v -7.63582 39.697 21.9647
v -7.73626 40.5163 21.739
v -7.87346 41.3329 21.9548
v -8.01066 41.928 22.5541
v -8.1111 42.1422 23.3764
v -11.171 41.3923 23.8978
v -11.1206 40.7923 24.5058
v -10.9829 39.9795 24.7352
v -10.7948 39.1718 24.5246
v -10.6067 38.5855 23.9304
v -10.469 38.3778 23.1118
v -10.4186 38.6043 22.2882
v -10.469 39.2043 21.6802
v -10.6067 40.0171 21.4508
v -10.7948 40.8248 21.6614
v -10.9829 41.4111 22.2557
v -11.1206 41.6188 23.0742
v -14.1501 40.7031 23.5
v -14.0863 40.1062 24.1097
v -13.9118 39.302 24.344
v -13.6736 38.5058 24.1401
v -13.4353 37.9312 23.5526
v -13.2609 37.7319 22.7389
v -13.197 37.9615 21.9171
v -13.2609 38.5585 21.3074
v -13.4353 39.3627 21.073
v -13.6736 40.1589 21.277
v -13.9118 40.7335 21.8645
v -14.0863 40.9327 22.6782
v -17.0733 39.8534 23.0094
v -16.9963 39.2603 23.6213
v -16.7858 38.4665 23.8617
v -16.4983 37.6847 23.666
v -16.2108 37.1243 23.0868
v -16.0004 36.9356 22.2791
v -15.9233 37.169 21.4595
v -16.0004 37.7621 20.8476
v -16.2108 38.5559 20.6072
v -16.4983 39.3377 20.8029
v -16.7858 39.8981 21.3821
v -16.9963 40.0868 22.1897
v -19.9292 38.8463 22.4279
v -19.8393 38.2578 23.0425
v -19.5936 37.4764 23.29
v -19.258 36.7115 23.1042
v -18.9224 36.1681 22.5347
v -18.6767 35.9918 21.7343
v -18.5868 36.2298 20.9173
v -18.6767 36.8183 20.3027
v -18.9224 37.5997 20.0552
v -19.258 38.3646 20.241
v -19.5936 38.908 20.8105
v -19.8393 39.0843 21.6109
v -22.7064 37.6859 21.758
v -22.6039 37.1026 22.3756
v -22.324 36.3356 22.6314
v -21.9417 35.5902 22.4568
v -21.5593 35.0664 21.8986
v -21.2794 34.9044 21.1064
v -21.177 35.1476 20.2925
v -21.2794 35.7309 19.6748
v -21.5593 36.498 19.4191
v -21.9417 37.2433 19.5937
v -22.324 37.7671 20.1518
v -22.6039 37.9292 20.944
v -25.394 36.3768 21.0022
v -25.2794 35.7995 21.6232
v -24.9663 35.0485 21.8883
v -24.5387 34.3252 21.7264
v -24.1111 33.8234 21.181
v -23.7981 33.6775 20.3981
v -23.6835 33.9267 19.5876
v -23.7981 34.504 18.9665
v -24.1111 35.255 18.7014
v -24.5387 35.9783 18.8633
v -24.9663 36.4801 19.4087
v -25.2794 36.626 20.1916
v -27.9813 34.9242 20.1635
v -27.8551 34.3534 20.7883
v -27.5101 33.6203 21.0637
v -27.039 32.9215 20.916
v -26.5678 32.4441 20.3847
v -26.2229 32.3162 19.6121
v -26.0966 32.5718 18.8054
v -26.2229 33.1427 18.1806
v -26.5678 33.8757 17.9051
v -27.039 34.5745 18.0529
v -27.5101 35.0519 18.5842
v -27.8551 35.1799 19.3567
v -30.4583 33.3337 19.2452
v -30.3208 32.77 19.8742
v -29.9454 32.0566 20.1609
v -29.4325 31.3846 20.0287
v -28.9196 30.934 19.5128
v -28.5441 30.8256 18.7516
v -28.4067 31.0885 17.9489
v -28.5441 31.6521 17.32
v -28.9196 32.3656 17.0332
v -29.4325 33.0376 17.1655
v -29.9454 33.4882 17.6814
v -30.3208 33.5966 18.4426
v -32.815 31.6117 18.251
v -32.6669 31.0558 18.8844
v -32.2624 30.3636 19.1835
v -31.7099 29.7205 19.0679
v -31.1573 29.299 18.5688
v -30.7528 29.2118 17.8198
v -30.6047 29.4824 17.0217
v -30.7528 30.0383 16.3883
v -31.1573 30.7305 16.0892
v -31.7099 31.3736 16.2048
v -32.2624 31.7951 16.7039
v -32.6669 31.8823 17.4529
v -35.0422 29.7649 17.1848
v -34.8841 29.2173 17.823
v -34.4521 28.5479 18.1352
v -33.8621 27.9359 18.0376
v -33.272 27.5454 17.5564
v -32.84 27.4811 16.8206
v -32.6819 27.76 16.0273
v -32.84 28.3076 15.389
v -33.272 28.977 15.0769
v -33.8621 29.589 15.1744
v -34.4521 29.9794 15.6556
v -34.8841 30.0438 16.3914
v -37.1311 27.8006 16.0507
v -36.9636 27.2619 16.694
v -36.5059 26.6167 17.0202
v -35.8806 26.0378 16.9417
v -35.2554 25.6804 16.4796
v -34.7977 25.6402 15.7578
v -34.6302 25.9281 14.9696
v -34.7977 26.4668 14.3262
v -35.2554 27.112 14.0001
v -35.8806 27.6908 14.0786
v -36.5059 28.0482 14.5406
v -36.9636 28.0884 15.2625
v -39.0735 25.7266 14.8533
v -38.8972 25.1973 15.502
v -38.4156 24.5776 15.8429
v -37.7576 24.0337 15.7846
v -37.0997 23.7112 15.3427
v -36.618 23.6966 14.6356
v -36.4417 23.9938 13.8528
v -36.618 24.5231 13.204
v -37.0997 25.1428 12.8631
v -37.7576 25.6867 12.9215
v -38.4156 26.0092 13.3634
v -38.8972 26.0238 14.0705
v -40.8617 23.5511 13.5972
v -40.6774 23.0316 14.2517
v -40.1737 22.4387 14.608
v -39.4856 21.9314 14.5709
v -38.7975 21.6456 14.1501
v -38.2938 21.6578 13.4585
v -38.1095 21.9648 12.6814
v -38.2938 22.4843 12.0269
v -38.7975 23.0772 11.6706
v -39.4856 23.5845 11.7077
v -40.1737 23.8703 12.1285
v -40.6774 23.8581 12.8201
v -42.4886 21.2826 12.2875
v -42.2969 20.7734 12.9479
v -41.7732 20.2085 13.3204
v -41.0577 19.7394 13.3053
v -40.3423 19.4917 12.9066
v -39.8185 19.5319 12.2311
v -39.6268 19.8491 11.4599
v -39.8185 20.3584 10.7996
v -40.3423 20.9233 10.427
v -41.0577 21.3924 10.4421
v -41.7732 21.64 10.8408
v -42.2969 21.5999 11.5163
v -43.9479 18.9302 10.9293
v -43.7496 18.4315 11.5958
v -43.2079 17.8956 11.9851
v -42.4678 17.4661 11.9928
v -41.7278 17.2581 11.617
v -41.186 17.3273 10.9583
v -40.9877 17.6551 10.1932
v -41.186 18.1538 9.52672
v -41.7278 18.6897 9.13745
v -42.4678 19.1192 9.1297
v -43.2079 19.3272 9.50553
v -43.7496 19.258 10.1642
f 1441 1453 1454 1442
f 1442 1454 1455 1443
f 1443 1455 1456 1444
f 1444 1456 1457 1445
f 1445 1457 1458 1446
f 1446 1458 1459 1447
f 1447 1459 1460 1448
f 1448 1460 1461 1449
f 1449 1461 1462 1450
f 1450 1462 1463 1451
f 1451 1463 1464 1452
f 1452 1464 1453 1441
f 1453 1465 1466 1454
f 1454 1466 1467 1455
f 1455 1467 1468 1456
f 1456 1468 1469 1457
f 1457 1469 1470 1458
f 1458 1470 1471 1459
f 1459 1471 1472 1460
f 1460 1472 1473 1461
f 1461 1473 1474 1462
f 1462 1474 1475 1463
f 1463 1475 1476 1464
f 1464 1476 1465 1453
f 1465 1477 1478 1466
f 1466 1478 1479 1467
f 1467 1479 1480 1468
f 1468 1480 1481 1469
f 1469 1481 1482 1470
f 1470 1482 1483 1471
f 1471 1483 1484 1472
f 1472 1484 1485 1473
f 1473 1485 1486 1474
f 1474 1486 1487 1475
f 1475 1487 1488 1476
f 1476 1488 1477 1465
f 1477 1489 1490 1478
f 1478 1490 1491 1479
f 1479 1491 1492 1480
f 1480 1492 1493 1481
f 1481 1493 1494 1482
f 1482 1494 1495 1483
f 1483 1495 1496 1484
f 1484 1496 1497 1485
f 1485 1497 1498 1486
f 1486 1498 1499 1487
f 1487 1499 1500 1488
f 1488 1500 1489 1477
f 1489 1501 1502 1490
f 1490 1502 1503 1491
f 1491 1503 1504 1492
f 1492 1504 1505 1493
f 1493 1505 1506 1494
f 1494 1506 1507 1495
f 1495 1507 1508 1496
f 1496 1508 1509 1497
f 1497 1509 1510 1498
f 1498 1510 1511 1499
f 1499 1511 1512 1500
f 1500 1512 1501 1489
f 1501 1513 1514 1502
f 1502 1514 1515 1503
f 1503 1515 1516 1504
f 1504 1516 1517 1505
f 1505 1517 1518 1506
f 1506 1518 1519 1507
f 1507 1519 1520 1508
f 1508 1520 1521 1509
f 1509 1521 1522 1510
f 1510 1522 1523 1511
f 1511 1523 1524 1512
f 1512 1524 1513 1501
f 1513 1525 1526 1514
f 1514 1526 1527 1515
f 1515 1527 1528 1516
f 1516 1528 1529 1517
f 1517 1529 1530 1518
f 1518 1530 1531 1519
f 1519 1531 1532 1520
f 1520 1532 1533 1521
f 1521 1533 1534 1522
f 1522 1534 1535 1523
f 1523 1535 1536 1524
f 1524 1536 1525 1513
f 1525 1537 1538 1526
f 1526 1538 1539 1527
f 1527 1539 1540 1528
f 1528 1540 1541 1529
f 1529 1541 1542 1530
f 1530 1542 1543 1531
f 1531 1543 1544 1532
f 1532 1544 1545 1533
f 1533 1545 1546 1534
f 1534 1546 1547 1535
f 1535 1547 1548 1536
f 1536 1548 1537 1525
f 1537 1549 1550 1538
f 1538 1550 1551 1539
f 1539 1551 1552 1540
f 1540 1552 1553 1541
f 1541 1553 1554 1542
f 1542 1554 1555 1543
f 1543 1555 1556 1544
f 1544 1556 1557 1545
f 1545 1557 1558 1546
f 1546 1558 1559 1547
f 1547 1559 1560 1548
f 1548 1560 1549 1537
f 1549 1561 1562 1550
f 1550 1562 1563 1551
f 1551 1563 1564 1552
f 1552 1564 1565 1553
f 1553 1565 1566 1554
f 1554 1566 1567 1555
f 1555 1567 1568 1556
f 1556 1568 1569 1557
f 1557 1569 1570 1558
f 1558 1570 1571 1559
f 1559 1571 1572 1560
f 1560 1572 1561 1549
f 1561 1573 1574 1562
f 1562 1574 1575 1563
f 1563 1575 1576 1564
f 1564 1576 1577 1565
f 1565 1577 1578 1566
f 1566 1578 1579 1567
f 1567 1579 1580 1568
f 1568 1580 1581 1569
f 1569 1581 1582 1570
f 1570 1582 1583 1571
f 1571 1583 1584 1572
f 1572 1584 1573 1561
f 1573 1585 1586 1574
f 1574 1586 1587 1575
f 1575 1587 1588 1576
f 1576 1588 1589 1577
f 1577 1589 1590 1578
f 1578 1590 1591 1579
f 1579 1591 1592 1580
f 1580 1592 1593 1581
f 1581 1593 1594 1582
f 1582 1594 1595 1583
f 1583 1595 1596 1584
f 1584 1596 1585 1573
f 1585 1597 1598 1586
f 1586 1598 1599 1587
f 1587 1599 1600 1588
f 1588 1600 1601 1589
f 1589 1601 1602 1590
f 1590 1602 1603 1591
f 1591 1603 1604 1592
f 1592 1604 1605 1593
f 1593 1605 1606 1594
f 1594 1606 1607 1595
f 1595 1607 1608 1596
f 1596 1608 1597 1585
f 1597 1609 1610 1598
f 1598 1610 1611 1599
f 1599 1611 1612 1600
f 1600 1612 1613 1601
f 1601 1613 1614 1602
f 1602 1614 1615 1603
f 1603 1615 1616 1604
f 1604 1616 1617 1605
f 1605 1617 1618 1606
f 1606 1618 1619 1607
f 1607 1619 1620 1608
f 1608 1620 1609 1597
f 1609 1621 1622 1610
f 1610 1622 1623 1611
f 1611 1623 1624 1612
f 1612 1624 1625 1613
f 1613 1625 1626 1614
f 1614 1626 1627 1615
f 1615 1627 1628 1616
f 1616 1628 1629 1617
f 1617 1629 1630 1618
f 1618 1630 1631 1619
f 1619 1631 1632 1620
f 1620 1632 1621 1609
f 1621 1633 1634 1622
f 1622 1634 1635 1623
f 1623 1635 1636 1624
f 1624 1636 1637 1625
f 1625 1637 1638 1626
f 1626 1638 1639 1627
f 1627 1639 1640 1628
f 1628 1640 1641 1629
f 1629 1641 1642 1630
f 1630 1642 1643 1631
f 1631 1643 1644 1632
f 1632 1644 1633 1621
f 1633 1645 1646 1634
f 1634 1646 1647 1635
f 1635 1647 1648 1636
f 1636 1648 1649 1637
f 1637 1649 1650 1638
f 1638 1650 1651 1639
f 1639 1651 1652 1640
f 1640 1652 1653 1641
f 1641 1653 1654 1642
f 1642 1654 1655 1643
f 1643 1655 1656 1644
f 1644 1656 1645 1633
f 1645 1657 1658 1646
f 1646 1658 1659 1647
f 1647 1659 1660 1648
f 1648 1660 1661 1649
f 1649 1661 1662 1650
f 1650 1662 1663 1651
f 1651 1663 1664 1652
f 1652 1664 1665 1653
f 1653 1665 1666 1654
f 1654 1666 1667 1655
f 1655 1667 1668 1656
f 1656 1668 1657 1645
f 1657 1669 1670 1658
f 1658 1670 1671 1659
f 1659 1671 1672 1660
f 1660 1672 1673 1661
f 1661 1673 1674 1662
f 1662 1674 1675 1663
f 1663 1675 1676 1664
f 1664 1676 1677 1665
f 1665 1677 1678 1666
f 1666 1678 1679 1667
f 1667 1679 1680 1668
f 1668 1680 1669 1657
f 1669 1681 1682 1670
f 1670 1682 1683 1671
f 1671 1683 1684 1672
f 1672 1684 1685 1673
f 1673 1685 1686 1674
f 1674 1686 1687 1675
f 1675 1687 1688 1676
f 1676 1688 1689 1677
f 1677 1689 1690 1678
f 1678 1690 1691 1679
f 1679 1691 1692 1680
f 1680 1692 1681 1669
f 1681 1693 1694 1682
f 1682 1694 1695 1683
f 1683 1695 1696 1684
f 1684 1696 1697 1685
f 1685 1697 1698 1686
f 1686 1698 1699 1687
f 1687 1699 1700 1688
f 1688 1700 1701 1689
f 1689 1701 1702 1690
f 1690 1702 1703 1691
f 1691 1703 1704 1692
f 1692 1704 1693 1681
f 1693 1705 1706 1694
f 1694 1706 1707 1695
f 1695 1707 1708 1696
f 1696 1708 1709 1697
f 1697 1709 1710 1698
f 1698 1710 1711 1699
f 1699 1711 1712 1700
f 1700 1712 1713 1701
f 1701 1713 1714 1702
f 1702 1714 1715 1703
f 1703 1715 1716 1704
f 1704 1716 1705 1693
f 1705 1717 1718 1706
f 1706 1718 1719 1707
f 1707 1719 1720 1708
f 1708 1720 1721 1709
f 1709 1721 1722 1710
f 1710 1722 1723 1711
f 1711 1723 1724 1712
f 1712 1724 1725 1713
f 1713 1725 1726 1714
f 1714 1726 1727 1715
f 1715 1727 1728 1716
f 1716 1728 1717 1705
f 1717 1729 1730 1718
f 1718 1730 1731 1719
f 1719 1731 1732 1720
f 1720 1732 1733 1721
f 1721 1733 1734 1722
f 1722 1734 1735 1723
f 1723 1735 1736 1724
f 1724 1736 1737 1725
f 1725 1737 1738 1726
f 1726 1738 1739 1727
f 1727 1739 1740 1728
f 1728 1740 1729 1717
f 1729 1741 1742 1730
f 1730 1742 1743 1731
f 1731 1743 1744 1732
f 1732 1744 1745 1733
f 1733 1745 1746 1734
f 1734 1746 1747 1735
f 1735 1747 1748 1736
f 1736 1748 1749 1737
f 1737 1749 1750 1738
f 1738 1750 1751 1739
f 1739 1751 1752 1740
f 1740 1752 1741 1729
f 1741 1753 1754 1742
f 1742 1754 1755 1743
f 1743 1755 1756 1744
f 1744 1756 1757 1745
f 1745 1757 1758 1746
f 1746 1758 1759 1747
f 1747 1759 1760 1748
f 1748 1760 1761 1749
f 1749 1761 1762 1750
f 1750 1762 1763 1751
f 1751 1763 1764 1752
f 1752 1764 1753 1741
f 1753 1765 1766 1754
f 1754 1766 1767 1755
f 1755 1767 1768 1756
f 1756 1768 1769 1757
f 1757 1769 1770 1758
f 1758 1770 1771 1759
f 1759 1771 1772 1760
f 1760 1772 1773 1761
f 1761 1773 1774 1762
f 1762 1774 1775 1763
f 1763 1775 1776 1764
f 1764 1776 1765 1753
f 1765 1777 1778 1766
f 1766 1778 1779 1767
f 1767 1779 1780 1768
f 1768 1780 1781 1769
f 1769 1781 1782 1770
f 1770 1782 1783 1771
f 1771 1783 1784 1772
f 1772 1784 1785 1773
f 1773 1785 1786 1774
f 1774 1786 1787 1775
f 1775 1787 1788 1776
f 1776 1788 1777 1765
f 1777 1789 1790 1778
f 1778 1790 1791 1779
f 1779 1791 1792 1780
f 1780 1792 1793 1781
f 1781 1793 1794 1782
f 1782 1794 1795 1783
f 1783 1795 1796 1784
f 1784 1796 1797 1785
f 1785 1797 1798 1786
f 1786 1798 1799 1787
f 1787 1799 1800 1788
f 1788 1800 1789 1777
f 1789 1801 1802 1790
f 1790 1802 1803 1791
f 1791 1803 1804 1792
f 1792 1804 1805 1793
f 1793 1805 1806 1794
f 1794 1806 1807 1795
f 1795 1807 1808 1796
f 1796 1808 1809 1797
f 1797 1809 1810 1798
f 1798 1810 1811 1799
f 1799 1811 1812 1800
f 1800 1812 1801 1789
f 1801 1813 1814 1802
f 1802 1814 1815 1803
f 1803 1815 1816 1804
f 1804 1816 1817 1805
f 1805 1817 1818 1806
f 1806 1818 1819 1807
f 1807 1819 1820 1808
f 1808 1820 1821 1809
f 1809 1821 1822 1810
f 1810 1822 1823 1811
f 1811 1823 1824 1812
f 1812 1824 1813 1801
f 1813 1825 1826 1814
f 1814 1826 1827 1815
f 1815 1827 1828 1816
f 1816 1828 1829 1817
f 1817 1829 1830 1818
f 1818 1830 1831 1819
f 1819 1831 1832 1820
f 1820 1832 1833 1821
f 1821 1833 1834 1822
f 1822 1834 1835 1823
f 1823 1835 1836 1824
f 1824 1836 1825 1813
f 1825 1837 1838 1826
f 1826 1838 1839 1827
f 1827 1839 1840 1828
f 1828 1840 1841 1829
f 1829 1841 1842 1830
f 1830 1842 1843 1831
f 1831 1843 1844 1832
f 1832 1844 1845 1833
f 1833 1845 1846 1834
f 1834 1846 1847 1835
f 1835 1847 1848 1836
f 1836 1848 1837 1825
f 1837 1849 1850 1838
f 1838 1850 1851 1839
f 1839 1851 1852 1840
f 1840 1852 1853 1841
f 1841 1853 1854 1842
f 1842 1854 1855 1843
f 1843 1855 1856 1844
f 1844 1856 1857 1845
f 1845 1857 1858 1846
f 1846 1858 1859 1847
f 1847 1859 1860 1848
f 1848 1860 1849 1837
f 1849 1861 1862 1850
f 1850 1862 1863 1851
f 1851 1863 1864 1852
f 1852 1864 1865 1853
f 1853 1865 1866 1854
f 1854 1866 1867 1855
f 1855 1867 1868 1856
f 1856 1868 1869 1857
f 1857 1869 1870 1858
f 1858 1870 1871 1859
f 1859 1871 1872 1860
f 1860 1872 1861 1849
f 1861 1873 1874 1862
f 1862 1874 1875 1863
f 1863 1875 1876 1864
f 1864 1876 1877 1865
f 1865 1877 1878 1866
f 1866 1878 1879 1867
f 1867 1879 1880 1868
f 1868 1880 1881 1869
f 1869 1881 1882 1870
f 1870 1882 1883 1871
f 1871 1883 1884 1872
f 1872 1884 1873 1861
f 1873 1885 1886 1874
f 1874 1886 1887 1875
f 1875 1887 1888 1876
f 1876 1888 1889 1877
f 1877 1889 1890 1878
f 1878 1890 1891 1879
f 1879 1891 1892 1880
f 1880 1892 1893 1881
f 1881 1893 1894 1882
f 1882 1894 1895 1883
f 1883 1895 1896 1884
f 1884 1896 1885 1873
f 1885 1897 1898 1886
f 1886 1898 1899 1887
f 1887 1899 1900 1888
f 1888 1900 1901 1889
f 1889 1901 1902 1890
f 1890 1902 1903 1891
f 1891 1903 1904 1892
f 1892 1904 1905 1893
f 1893 1905 1906 1894
f 1894 1906 1907 1895
f 1895 1907 1908 1896
f 1896 1908 1897 1885
f 1897 1909 1910 1898
f 1898 1910 1911 1899
f 1899 1911 1912 1900
f 1900 1912 1913 1901
f 1901 1913 1914 1902
f 1902 1914 1915 1903
f 1903 1915 1916 1904
f 1904 1916 1917 1905
f 1905 1917 1918 1906
f 1906 1918 1919 1907
f 1907 1919 1920 1908
f 1908 1920 1909 1897
f 1909 1921 1922 1910
f 1910 1922 1923 1911
f 1911 1923 1924 1912
f 1912 1924 1925 1913
f 1913 1925 1926 1914
f 1914 1926 1927 1915
f 1915 1927 1928 1916
f 1916 1928 1929 1917
f 1917 1929 1930 1918
f 1918 1930 1931 1919
f 1919 1931 1932 1920
f 1920 1932 1921 1909
f 1921 1933 1934 1922
f 1922 1934 1935 1923
f 1923 1935 1936 1924
f 1924 1936 1937 1925
f 1925 1937 1938 1926
f 1926 1938 1939 1927
f 1927 1939 1940 1928
f 1928 1940 1941 1929
f 1929 1941 1942 1930
f 1930 1942 1943 1931
f 1931 1943 1944 1932
f 1932 1944 1933 1921
f 1933 1945 1946 1934
f 1934 1946 1947 1935
f 1935 1947 1948 1936
f 1936 1948 1949 1937
f 1937 1949 1950 1938
f 1938 1950 1951 1939
f 1939 1951 1952 1940
f 1940 1952 1953 1941
f 1941 1953 1954 1942
f 1942 1954 1955 1943
f 1943 1955 1956 1944
f 1944 1956 1945 1933
f 1945 1957 1958 1946
f 1946 1958 1959 1947
f 1947 1959 1960 1948
f 1948 1960 1961 1949
f 1949 1961 1962 1950
f 1950 1962 1963 1951
f 1951 1963 1964 1952
f 1952 1964 1965 1953
f 1953 1965 1966 1954
f 1954 1966 1967 1955
f 1955 1967 1968 1956
f 1956 1968 1957 1945
f 1957 1969 1970 1958
f 1958 1970 1971 1959
f 1959 1971 1972 1960
f 1960 1972 1973 1961
f 1961 1973 1974 1962
f 1962 1974 1975 1963
f 1963 1975 1976 1964
f 1964 1976 1977 1965
f 1965 1977 1978 1966
f 1966 1978 1979 1967
f 1967 1979 1980 1968
f 1968 1980 1969 1957
f 1969 1981 1982 1970
f 1970 1982 1983 1971
f 1971 1983 1984 1972
f 1972 1984 1985 1973
f 1973 1985 1986 1974
f 1974 1986 1987 1975
f 1975 1987 1988 1976
f 1976 1988 1989 1977
f 1977 1989 1990 1978
f 1978 1990 1991 1979
f 1979 1991 1992 1980
f 1980 1992 1981 1969
f 1981 1993 1994 1982
f 1982 1994 1995 1983
f 1983 1995 1996 1984
f 1984 1996 1997 1985
f 1985 1997 1998 1986
f 1986 1998 1999 1987
f 1987 1999 2000 1988
f 1988 2000 2001 1989
f 1989 2001 2002 1990
f 1990 2002 2003 1991
f 1991 2003 2004 1992
f 1992 2004 1993 1981
f 1993 2005 2006 1994
f 1994 2006 2007 1995
f 1995 2007 2008 1996
f 1996 2008 2009 1997
f 1997 2009 2010 1998
f 1998 2010 2011 1999
f 1999 2011 2012 2000
f 2000 2012 2013 2001
f 2001 2013 2014 2002
f 2002 2014 2015 2003
f 2003 2015 2016 2004
f 2004 2016 2005 1993
f 2005 2017 2018 2006
f 2006 2018 2019 2007
f 2007 2019 2020 2008
f 2008 2020 2021 2009
f 2009 2021 2022 2010
f 2010 2022 2023 2011
f 2011 2023 2024 2012
f 2012 2024 2025 2013
f 2013 2025 2026 2014
f 2014 2026 2027 2015
f 2015 2027 2028 2016
f 2016 2028 2017 2005
f 2017 2029 2030 2018
f 2018 2030 2031 2019
f 2019 2031 2032 2020
f 2020 2032 2033 2021
f 2021 2033 2034 2022
f 2022 2034 2035 2023
f 2023 2035 2036 2024
f 2024 2036 2037 2025
f 2025 2037 2038 2026
f 2026 2038 2039 2027
f 2027 2039 2040 2028
f 2028 2040 2029 2017
f 2029 2041 2042 2030
f 2030 2042 2043 2031
f 2031 2043 2044 2032
f 2032 2044 2045 2033
f 2033 2045 2046 2034
f 2034 2046 2047 2035
f 2035 2047 2048 2036
f 2036 2048 2049 2037
f 2037 2049 2050 2038
f 2038 2050 2051 2039
f 2039 2051 2052 2040
f 2040 2052 2041 2029
f 2041 2053 2054 2042
f 2042 2054 2055 2043
f 2043 2055 2056 2044
f 2044 2056 2057 2045
f 2045 2057 2058 2046
f 2046 2058 2059 2047
f 2047 2059 2060 2048
f 2048 2060 2061 2049
f 2049 2061 2062 2050
f 2050 2062 2063 2051
f 2051 2063 2064 2052
f 2052 2064 2053 2041
f 2053 2065 2066 2054
f 2054 2066 2067 2055
f 2055 2067 2068 2056
f 2056 2068 2069 2057
f 2057 2069 2070 2058
f 2058 2070 2071 2059
f 2059 2071 2072 2060
f 2060 2072 2073 2061
f 2061 2073 2074 2062
f 2062 2074 2075 2063
f 2063 2075 2076 2064
f 2064 2076 2065 2053
f 2065 2077 2078 2066
f 2066 2078 2079 2067
f 2067 2079 2080 2068
f 2068 2080 2081 2069
f 2069 2081 2082 2070
f 2070 2082 2083 2071
f 2071 2083 2084 2072
f 2072 2084 2085 2073
f 2073 2085 2086 2074
f 2074 2086 2087 2075
f 2075 2087 2088 2076
f 2076 2088 2077 2065
f 2077 2089 2090 2078
f 2078 2090 2091 2079
f 2079 2091 2092 2080
f 2080 2092 2093 2081
f 2081 2093 2094 2082
f 2082 2094 2095 2083
f 2083 2095 2096 2084
f 2084 2096 2097 2085
f 2085 2097 2098 2086
f 2086 2098 2099 2087
f 2087 2099 2100 2088
f 2088 2100 2089 2077
f 2089 2101 2102 2090
f 2090 2102 2103 2091
f 2091 2103 2104 2092
f 2092 2104 2105 2093
f 2093 2105 2106 2094
f 2094 2106 2107 2095
f 2095 2107 2108 2096
f 2096 2108 2109 2097
f 2097 2109 2110 2098
f 2098 2110 2111 2099
f 2099 2111 2112 2100
f 2100 2112 2101 2089
f 2101 2113 2114 2102
f 2102 2114 2115 2103
f 2103 2115 2116 2104
f 2104 2116 2117 2105
f 2105 2117 2118 2106
f 2106 2118 2119 2107
f 2107 2119 2120 2108
f 2108 2120 2121 2109
f 2109 2121 2122 2110
f 2110 2122 2123 2111
f 2111 2123 2124 2112
f 2112 2124 2113 2101
f 2113 2125 2126 2114
f 2114 2126 2127 2115
f 2115 2127 2128 2116
f 2116 2128 2129 2117
f 2117 2129 2130 2118
f 2118 2130 2131 2119
f 2119 2131 2132 2120
f 2120 2132 2133 2121
f 2121 2133 2134 2122
f 2122 2134 2135 2123
f 2123 2135 2136 2124
f 2124 2136 2125 2113
f 2125 2137 2138 2126
f 2126 2138 2139 2127
f 2127 2139 2140 2128
f 2128 2140 2141 2129
f 2129 2141 2142 2130
f 2130 2142 2143 2131
f 2131 2143 2144 2132
f 2132 2144 2145 2133
f 2133 2145 2146 2134
f 2134 2146 2147 2135
f 2135 2147 2148 2136
f 2136 2148 2137 2125
f 2137 2149 2150 2138
f 2138 2150 2151 2139
f 2139 2151 2152 2140
f 2140 2152 2153 2141
f 2141 2153 2154 2142
f 2142 2154 2155 2143
f 2143 2155 2156 2144
f 2144 2156 2157 2145
f 2145 2157 2158 2146
f 2146 2158 2159 2147
f 2147 2159 2160 2148
f 2148 2160 2149 2137
f 2149 2161 2162 2150
f 2150 2162 2163 2151
f 2151 2163 2164 2152
f 2152 2164 2165 2153
f 2153 2165 2166 2154
f 2154 2166 2167 2155
f 2155 2167 2168 2156
f 2156 2168 2169 2157
f 2157 2169 2170 2158
f 2158 2170 2171 2159
f 2159 2171 2172 2160
f 2160 2172 2161 2149
f 2161 2173 2174 2162
f 2162 2174 2175 2163
f 2163 2175 2176 2164
f 2164 2176 2177 2165
f 2165 2177 2178 2166
f 2166 2178 2179 2167
f 2167 2179 2180 2168
f 2168 2180 2181 2169
f 2169 2181 2182 2170
f 2170 2182 2183 2171
f 2171 2183 2184 2172
f 2172 2184 2173 2161
f 2173 2185 2186 2174
f 2174 2186 2187 2175
f 2175 2187 2188 2176
f 2176 2188 2189 2177
f 2177 2189 2190 2178
f 2178 2190 2191 2179
f 2179 2191 2192 2180
f 2180 2192 2193 2181
f 2181 2193 2194 2182
f 2182 2194 2195 2183
f 2183 2195 2196 2184
f 2184 2196 2185 2173
f 2185 2197 2198 2186
f 2186 2198 2199 2187
f 2187 2199 2200 2188
f 2188 2200 2201 2189
f 2189 2201 2202 2190
f 2190 2202 2203 2191
f 2191 2203 2204 2192
f 2192 2204 2205 2193
f 2193 2205 2206 2194
f 2194 2206 2207 2195
f 2195 2207 2208 2196
f 2196 2208 2197 2185
f 2197 2209 2210 2198
f 2198 2210 2211 2199
f 2199 2211 2212 2200
f 2200 2212 2213 2201
f 2201 2213 2214 2202
f 2202 2214 2215 2203
f 2203 2215 2216 2204
f 2204 2216 2217 2205
f 2205 2217 2218 2206
f 2206 2218 2219 2207
f 2207 2219 2220 2208
f 2208 2220 2209 2197
f 2209 2221 2222 2210
f 2210 2222 2223 2211
f 2211 2223 2224 2212
f 2212 2224 2225 2213
f 2213 2225 2226 2214
f 2214 2226 2227 2215
f 2215 2227 2228 2216
f 2216 2228 2229 2217
f 2217 2229 2230 2218
f 2218 2230 2231 2219
f 2219 2231 2232 2220
f 2220 2232 2221 2209
f 2221 2233 2234 2222
f 2222 2234 2235 2223
f 2223 2235 2236 2224
f 2224 2236 2237 2225
f 2225 2237 2238 2226
f 2226 2238 2239 2227
f 2227 2239 2240 2228
f 2228 2240 2241 2229
f 2229 2241 2242 2230
f 2230 2242 2243 2231
f 2231 2243 2244 2232
f 2232 2244 2233 2221
f 2233 2245 2246 2234
f 2234 2246 2247 2235
f 2235 2247 2248 2236
f 2236 2248 2249 2237
f 2237 2249 2250 2238
f 2238 2250 2251 2239
f 2239 2251 2252 2240
f 2240 2252 2253 2241
f 2241 2253 2254 2242
f 2242 2254 2255 2243
f 2243 2255 2256 2244
f 2244 2256 2245 2233
f 2245 2257 2258 2246
f 2246 2258 2259 2247
f 2247 2259 2260 2248
f 2248 2260 2261 2249
f 2249 2261 2262 2250
f 2250 2262 2263 2251
f 2251 2263 2264 2252
f 2252 2264 2265 2253
f 2253 2265 2266 2254
f 2254 2266 2267 2255
f 2255 2267 2268 2256
f 2256 2268 2257 2245
f 2257 2269 2270 2258
f 2258 2270 2271 2259
f 2259 2271 2272 2260
f 2260 2272 2273 2261
f 2261 2273 2274 2262
f 2262 2274 2275 2263
f 2263 2275 2276 2264
f 2264 2276 2277 2265
f 2265 2277 2278 2266
f 2266 2278 2279 2267
f 2267 2279 2280 2268
f 2268 2280 2269 2257
f 2269 2281 2282 2270
f 2270 2282 2283 2271
f 2271 2283 2284 2272
f 2272 2284 2285 2273
f 2273 2285 2286 2274
f 2274 2286 2287 2275
f 2275 2287 2288 2276
f 2276 2288 2289 2277
f 2277 2289 2290 2278
f 2278 2290 2291 2279
f 2279 2291 2292 2280
f 2280 2292 2281 2269
f 2281 2293 2294 2282
f 2282 2294 2295 2283
f 2283 2295 2296 2284
f 2284 2296 2297 2285
f 2285 2297 2298 2286
f 2286 2298 2299 2287
f 2287 2299 2300 2288
f 2288 2300 2301 2289
f 2289 2301 2302 2290
f 2290 2302 2303 2291
f 2291 2303 2304 2292
f 2292 2304 2293 2281
f 2293 2305 2306 2294
f 2294 2306 2307 2295
f 2295 2307 2308 2296
f 2296 2308 2309 2297
f 2297 2309 2310 2298
f 2298 2310 2311 2299
f 2299 2311 2312 2300
f 2300 2312 2313 2301
f 2301 2313 2314 2302
f 2302 2314 2315 2303
f 2303 2315 2316 2304
f 2304 2316 2305 2293
f 2305 2317 2318 2306
f 2306 2318 2319 2307
f 2307 2319 2320 2308
f 2308 2320 2321 2309
f 2309 2321 2322 2310
f 2310 2322 2323 2311
f 2311 2323 2324 2312
f 2312 2324 2325 2313
f 2313 2325 2326 2314
f 2314 2326 2327 2315
f 2315 2327 2328 2316
f 2316 2328 2317 2305
f 2317 2329 2330 2318
f 2318 2330 2331 2319
f 2319 2331 2332 2320
f 2320 2332 2333 2321
f 2321 2333 2334 2322
f 2322 2334 2335 2323
f 2323 2335 2336 2324
f 2324 2336 2337 2325
f 2325 2337 2338 2326
f 2326 2338 2339 2327
f 2327 2339 2340 2328
f 2328 2340 2329 2317
f 2329 2341 2342 2330
f 2330 2342 2343 2331
f 2331 2343 2344 2332
f 2332 2344 2345 2333
f 2333 2345 2346 2334
f 2334 2346 2347 2335
f 2335 2347 2348 2336
f 2336 2348 2349 2337
f 2337 2349 2350 2338
f 2338 2350 2351 2339
f 2339 2351 2352 2340
f 2340 2352 2341 2329
f 2341 2353 2354 2342
f 2342 2354 2355 2343
f 2343 2355 2356 2344
f 2344 2356 2357 2345
f 2345 2357 2358 2346
f 2346 2358 2359 2347
f 2347 2359 2360 2348
f 2348 2360 2361 2349
f 2349 2361 2362 2350
f 2350 2362 2363 2351
f 2351 2363 2364 2352
f 2352 2364 2353 2341
f 2353 2365 2366 2354
f 2354 2366 2367 2355
f 2355 2367 2368 2356
f 2356 2368 2369 2357
f 2357 2369 2370 2358
f 2358 2370 2371 2359
f 2359 2371 2372 2360
f 2360 2372 2373 2361
f 2361 2373 2374 2362
f 2362 2374 2375 2363
f 2363 2375 2376 2364
f 2364 2376 2365 2353
f 2365 2377 2378 2366
f 2366 2378 2379 2367
f 2367 2379 2380 2368
f 2368 2380 2381 2369
f 2369 2381 2382 2370
f 2370 2382 2383 2371
f 2371 2383 2384 2372
f 2372 2384 2385 2373
f 2373 2385 2386 2374
f 2374 2386 2387 2375
f 2375 2387 2388 2376
f 2376 2388 2377 2365
f 2377 2389 2390 2378
f 2378 2390 2391 2379
f 2379 2391 2392 2380
f 2380 2392 2393 2381
f 2381 2393 2394 2382
f 2382 2394 2395 2383
f 2383 2395 2396 2384
f 2384 2396 2397 2385
f 2385 2397 2398 2386
f 2386 2398 2399 2387
f 2387 2399 2400 2388
f 2388 2400 2389 2377
f 2389 2401 2402 2390
f 2390 2402 2403 2391
f 2391 2403 2404 2392
f 2392 2404 2405 2393
f 2393 2405 2406 2394
f 2394 2406 2407 2395
f 2395 2407 2408 2396
f 2396 2408 2409 2397
f 2397 2409 2410 2398
f 2398 2410 2411 2399
f 2399 2411 2412 2400
f 2400 2412 2401 2389
f 2401 2413 2414 2402
f 2402 2414 2415 2403
f 2403 2415 2416 2404
f 2404 2416 2417 2405
f 2405 2417 2418 2406
f 2406 2418 2419 2407
f 2407 2419 2420 2408
f 2408 2420 2421 2409
f 2409 2421 2422 2410
f 2410 2422 2423 2411
f 2411 2423 2424 2412
f 2412 2424 2413 2401
f 2413 2425 2426 2414
f 2414 2426 2427 2415
f 2415 2427 2428 2416
f 2416 2428 2429 2417
f 2417 2429 2430 2418
f 2418 2430 2431 2419
f 2419 2431 2432 2420
f 2420 2432 2433 2421
f 2421 2433 2434 2422
f 2422 2434 2435 2423
f 2423 2435 2436 2424
f 2424 2436 2425 2413
f 2425 2437 2438 2426
f 2426 2438 2439 2427
f 2427 2439 2440 2428
f 2428 2440 2441 2429
f 2429 2441 2442 2430
f 2430 2442 2443 2431
f 2431 2443 2444 2432
f 2432 2444 2445 2433
f 2433 2445 2446 2434
f 2434 2446 2447 2435
f 2435 2447 2448 2436
f 2436 2448 2437 2425
f 2437 2449 2450 2438
f 2438 2450 2451 2439
f 2439 2451 2452 2440
f 2440 2452 2453 2441
f 2441 2453 2454 2442
f 2442 2454 2455 2443
f 2443 2455 2456 2444
f 2444 2456 2457 2445
f 2445 2457 2458 2446
f 2446 2458 2459 2447
f 2447 2459 2460 2448
f 2448 2460 2449 2437
f 2449 2461 2462 2450
f 2450 2462 2463 2451
f 2451 2463 2464 2452
f 2452 2464 2465 2453
f 2453 2465 2466 2454
f 2454 2466 2467 2455
f 2455 2467 2468 2456
f 2456 2468 2469 2457
f 2457 2469 2470 2458
f 2458 2470 2471 2459
f 2459 2471 2472 2460
f 2460 2472 2461 2449
f 2461 2473 2474 2462
f 2462 2474 2475 2463
f 2463 2475 2476 2464
f 2464 2476 2477 2465
f 2465 2477 2478 2466
f 2466 2478 2479 2467
f 2467 2479 2480 2468
f 2468 2480 2481 2469
f 2469 2481 2482 2470
f 2470 2482 2483 2471
f 2471 2483 2484 2472
f 2472 2484 2473 2461
f 2473 2485 2486 2474
f 2474 2486 2487 2475
f 2475 2487 2488 2476
f 2476 2488 2489 2477
f 2477 2489 2490 2478
f 2478 2490 2491 2479
f 2479 2491 2492 2480
f 2480 2492 2493 2481
f 2481 2493 2494 2482
f 2482 2494 2495 2483
f 2483 2495 2496 2484
f 2484 2496 2485 2473
f 2485 2497 2498 2486
f 2486 2498 2499 2487
f 2487 2499 2500 2488
f 2488 2500 2501 2489
f 2489 2501 2502 2490
f 2490 2502 2503 2491
f 2491 2503 2504 2492
f 2492 2504 2505 2493
f 2493 2505 2506 2494
f 2494 2506 2507 2495
f 2495 2507 2508 2496
f 2496 2508 2497 2485
f 2497 2509 2510 2498
f 2498 2510 2511 2499
f 2499 2511 2512 2500
f 2500 2512 2513 2501
f 2501 2513 2514 2502
f 2502 2514 2515 2503
f 2503 2515 2516 2504
f 2504 2516 2517 2505
f 2505 2517 2518 2506
f 2506 2518 2519 2507
f 2507 2519 2520 2508
f 2508 2520 2509 2497
f 2509 2521 2522 2510
f 2510 2522 2523 2511
f 2511 2523 2524 2512
f 2512 2524 2525 2513
f 2513 2525 2526 2514
f 2514 2526 2527 2515
f 2515 2527 2528 2516
f 2516 2528 2529 2517
f 2517 2529 2530 2518
f 2518 2530 2531 2519
f 2519 2531 2532 2520
f 2520 2532 2521 2509
f 2521 2533 2534 2522
f 2522 2534 2535 2523
f 2523 2535 2536 2524
f 2524 2536 2537 2525
f 2525 2537 2538 2526
f 2526 2538 2539 2527
f 2527 2539 2540 2528
f 2528 2540 2541 2529
f 2529 2541 2542 2530
f 2530 2542 2543 2531
f 2531 2543 2544 2532
f 2532 2544 2533 2521
f 2533 2545 2546 2534
f 2534 2546 2547 2535
f 2535 2547 2548 2536
f 2536 2548 2549 2537
f 2537 2549 2550 2538
f 2538 2550 2551 2539
f 2539 2551 2552 2540
f 2540 2552 2553 2541
f 2541 2553 2554 2542
f 2542 2554 2555 2543
f 2543 2555 2556 2544
f 2544 2556 2545 2533
f 2545 2557 2558 2546
f 2546 2558 2559 2547
f 2547 2559 2560 2548
f 2548 2560 2561 2549
f 2549 2561 2562 2550
f 2550 2562 2563 2551
f 2551 2563 2564 2552
f 2552 2564 2565 2553
f 2553 2565 2566 2554
f 2554 2566 2567 2555
f 2555 2567 2568 2556
f 2556 2568 2557 2545
f 2557 2569 2570 2558
f 2558 2570 2571 2559
f 2559 2571 2572 2560
f 2560 2572 2573 2561
f 2561 2573 2574 2562
f 2562 2574 2575 2563
f 2563 2575 2576 2564
f 2564 2576 2577 2565
f 2565 2577 2578 2566
f 2566 2578 2579 2567
f 2567 2579 2580 2568
f 2568 2580 2569 2557
f 2569 2581 2582 2570
f 2570 2582 2583 2571
f 2571 2583 2584 2572
f 2572 2584 2585 2573
f 2573 2585 2586 2574
f 2574 2586 2587 2575
f 2575 2587 2588 2576
f 2576 2588 2589 2577
f 2577 2589 2590 2578
f 2578 2590 2591 2579
f 2579 2591 2592 2580
f 2580 2592 2581 2569
f 2581 2593 2594 2582
f 2582 2594 2595 2583
f 2583 2595 2596 2584
f 2584 2596 2597 2585
f 2585 2597 2598 2586
f 2586 2598 2599 2587
f 2587 2599 2600 2588
f 2588 2600 2601 2589
f 2589 2601 2602 2590
f 2590 2602 2603 2591
f 2591 2603 2604 2592
f 2592 2604 2593 2581
f 2593 2605 2606 2594
f 2594 2606 2607 2595
f 2595 2607 2608 2596
f 2596 2608 2609 2597
f 2597 2609 2610 2598
f 2598 2610 2611 2599
f 2599 2611 2612 2600
f 2600 2612 2613 2601
f 2601 2613 2614 2602
f 2602 2614 2615 2603
f 2603 2615 2616 2604
f 2604 2616 2605 2593
f 2605 2617 2618 2606
f 2606 2618 2619 2607
f 2607 2619 2620 2608
f 2608 2620 2621 2609
f 2609 2621 2622 2610
f 2610 2622 2623 2611
f 2611 2623 2624 2612
f 2612 2624 2625 2613
f 2613 2625 2626 2614
f 2614 2626 2627 2615
f 2615 2627 2628 2616
f 2616 2628 2617 2605
f 2617 2629 2630 2618
f 2618 2630 2631 2619
f 2619 2631 2632 2620
f 2620 2632 2633 2621
f 2621 2633 2634 2622
f 2622 2634 2635 2623
f 2623 2635 2636 2624
f 2624 2636 2637 2625
f 2625 2637 2638 2626
f 2626 2638 2639 2627
f 2627 2639 2640 2628
f 2628 2640 2629 2617
f 2629 1441 1442 2630
f 2630 1442 1443 2631
f 2631 1443 1444 2632
f 2632 1444 1445 2633
f 2633 1445 1446 2634
f 2634 1446 1447 2635
f 2635 1447 1448 2636
f 2636 1448 1449 2637
f 2637 1449 1450 2638
f 2638 1450 1451 2639
f 2639 1451 1452 2640
f 2640 1452 1441 2629
g gimbal_inner
v -28.0389 25.5762 -7.46725
v -28.3015 25.1564 -7.05894
v -28.2528 24.6295 -6.69589
v -27.9061 24.1365 -6.4754
v -27.3541 23.8097 -6.45655
v -26.7448 23.7365 -6.64437
v -26.2415 23.9366 -6.98856
v -25.979 24.3564 -7.39688
v -26.0276 24.8834 -7.75992
v -26.3744 25.3763 -7.98041
v -26.9263 25.7032 -7.99927
v -27.5356 25.7763 -7.81144
v -28.8776 23.8002 -9.78378
v -29.1365 23.388 -9.36551
v -29.078 22.8819 -8.97529
v -28.7178 22.4174 -8.71768
v -28.1524 22.119 -8.66169
v -27.5333 22.0667 -8.82235
v -27.0263 22.2745 -9.15658
v -26.7674 22.6866 -9.57485
v -26.8259 23.1927 -9.96507
v -27.1861 23.6572 -10.2227
v -27.7515 23.9556 -10.2787
v -28.3706 24.0079 -10.118
v -29.5381 21.8774 -12.04
v -29.7942 21.4735 -11.612
v -29.728 20.99 -11.1953
v -29.3572 20.5563 -10.9016
v -28.7812 20.2887 -10.8094
v -28.1544 20.2589 -10.9436
v -27.6446 20.4749 -11.2682
v -27.3885 20.8788 -11.6961
v -27.4547 21.3624 -12.1128
v -27.8255 21.7961 -12.4066
v -28.4015 22.0636 -12.4987
v -29.0284 22.0934 -12.3645
v -30.0166 19.8198 -14.222
v -30.2706 19.4247 -13.7846
v -30.1988 18.9653 -13.3423
v -29.8203 18.5646 -13.0136
v -29.2367 18.33 -12.8865
v -28.6042 18.3244 -12.9951
v -28.0924 18.5492 -13.3103
v -27.8384 18.9443 -13.7476
v -27.9102 19.4037 -14.1899
v -28.2886 19.8044 -14.5186
v -28.8723 20.039 -14.6457
v -29.5048 20.0446 -14.5371
v -30.31 17.6399 -16.3163
v -30.5628 17.2542 -15.8699
v -30.4875 16.8204 -15.4031
v -30.1043 16.4546 -15.0408
v -29.516 16.255 -14.8801
v -28.8801 16.2749 -14.9641
v -28.367 16.5091 -15.2703
v -28.1142 16.8948 -15.7166
v -28.1895 17.3286 -16.1835
v -28.5727 17.6944 -16.5458
v -29.161 17.8941 -16.7065
v -29.7969 17.8741 -16.6224
v -30.4166 15.3513 -18.3099
v -30.6689 14.9755 -17.8551
v -30.5923 14.5685 -17.3648
v -30.2075 14.2394 -16.9706
v -29.6174 14.0764 -16.7779
v -28.9802 14.1232 -16.8386
v -28.4667 14.3672 -17.1362
v -28.2144 14.7431 -17.5911
v -28.2909 15.1501 -18.0813
v -28.6758 15.4792 -18.4756
v -29.2658 15.6421 -18.6682
v -29.903 15.5953 -18.6076
v -30.3356 12.9681 -20.1908
v -30.5882 12.6024 -19.7278
v -30.5126 12.2234 -19.2155
v -30.1291 11.9325 -18.7911
v -29.5403 11.8077 -18.5683
v -28.9041 11.8825 -18.6069
v -28.3909 12.1368 -18.8964
v -28.1382 12.5024 -19.3594
v -28.2138 12.8814 -19.8717
v -28.5974 13.1723 -20.2961
v -29.1862 13.2971 -20.5189
v -29.8224 13.2223 -20.4803
v -30.0675 10.5049 -21.9471
v -30.3214 10.1498 -21.4766
v -30.2489 9.79969 -20.9437
v -29.8696 9.54828 -20.4911
v -29.2852 9.46298 -20.2402
v -28.6521 9.56663 -20.2581
v -28.14 9.83146 -20.5402
v -27.8862 10.1865 -21.0107
v -27.9587 10.5367 -21.5436
v -28.3379 10.7881 -21.9961
v -28.9224 10.8734 -22.247
v -29.5555 10.7697 -22.2291
v -29.6141 7.97692 -23.5681
v -29.8699 7.63272 -23.0906
v -29.8028 7.31224 -22.5387
v -29.4308 7.10135 -22.0602
v -28.8536 7.05656 -21.7833
v -28.2258 7.18987 -21.7822
v -27.7157 7.46555 -22.0573
v -27.46 7.80975 -22.5347
v -27.5271 8.13024 -23.0867
v -27.8991 8.34113 -23.5652
v -28.4763 8.38592 -23.8421
v -29.1041 8.25261 -23.8431
v -28.9782 5.39978 -25.0438
v -29.2367 5.06664 -24.56
v -29.177 4.7764 -23.9908
v -28.8152 4.60681 -23.4886
v -28.2482 4.60332 -23.188
v -27.6279 4.76686 -23.1697
v -27.1205 5.05362 -23.4384
v -26.862 5.38675 -23.9222
v -26.9217 5.677 -24.4914
v -27.2835 5.84659 -24.9936
v -27.8505 5.85008 -25.2941
v -28.4708 5.68653 -25.3125
v -28.1635 2.78934 -26.3651
v -28.4255 2.46742 -25.8756
v -28.3754 2.2078 -25.2909
v -28.0267 2.08005 -24.7675
v -27.4727 2.11839 -24.4458
v -26.862 2.31256 -24.4119
v -26.3581 2.61053 -24.675
v -26.0961 2.93245 -25.1644
v -26.1462 3.19207 -25.7492
v -26.495 3.31983 -26.2725
v -27.0489 3.28148 -26.5943
v -27.6597 3.08731 -26.6282
v -27.1753 0.161711 -27.5239
v -27.4415 -0.148929 -27.0294
v -27.403 -0.377721 -26.4311
v -27.0701 -0.463362 -25.8892
v -26.5319 -0.382904 -25.5489
v -25.9328 -0.157906 -25.5014
v -25.4332 0.151344 -25.7594
v -25.1669 0.461983 -26.2539
v -25.2054 0.690776 -26.8522
v -25.5384 0.776417 -27.3942
v -26.0765 0.695959 -27.7345
v -26.6756 0.470961 -27.7819
v -26.0194 -2.46692 -28.5129
v -26.2906 -2.76627 -28.0142
v -26.2657 -2.96422 -27.4043
v -25.9513 -3.00774 -26.8465
v -25.4317 -2.88515 -26.4904
v -24.8461 -2.62931 -26.4313
v -24.3514 -2.30877 -26.6851
v -24.0803 -2.00942 -27.1838
v -24.1052 -1.81147 -27.7937
v -24.4196 -1.76796 -28.3515
v -24.9392 -1.89054 -28.7077
v -25.5248 -2.14638 -28.7668
v -24.7032 -5.08034 -29.3262
v -24.98 -5.36847 -28.824
v -24.9705 -5.53576 -28.2045
v -24.6772 -5.53739 -27.6337
v -24.1787 -5.37292 -27.2645
v -23.6086 -5.08642 -27.1959
v -23.1196 -4.75466 -27.4462
v -22.8427 -4.46653 -27.9484
v -22.8522 -4.29924 -28.5679
v -23.1455 -4.29761 -29.1387
v -23.644 -4.46208 -29.5079
v -24.2142 -4.74858 -29.5765
v -23.2347 -7.66244 -29.9587
v -23.5178 -7.93948 -29.4538
v -23.5255 -8.07647 -28.8269
v -23.2558 -8.03672 -28.2459
v -22.7808 -7.83087 -27.8666
v -22.2279 -7.51408 -27.7906
v -21.7452 -7.17123 -28.0382
v -21.462 -6.89419 -28.5431
v -21.4543 -6.75719 -29.17
v -21.7241 -6.79694 -29.7509
v -22.199 -7.00279 -30.1302
v -22.752 -7.31959 -30.2063
v -21.6229 -10.1973 -30.4064
v -21.9129 -10.4634 -29.8996
v -21.9396 -10.5707 -29.2674
v -21.6956 -10.4903 -28.6793
v -21.2465 -10.2439 -28.2928
v -20.7125 -9.89732 -28.2115
v -20.2367 -9.54359 -28.4572
v -19.9466 -9.27743 -28.964
v -19.92 -9.17017 -29.5962
v -20.1639 -9.25055 -30.1843
v -20.6131 -9.49703 -30.5708
v -21.1471 -9.84356 -30.6521
v -19.8778 -12.6693 -30.6667
v -20.1753 -12.9248 -30.1588
v -20.2224 -13.0031 -29.5236
v -20.0065 -12.8831 -28.9313
v -19.5853 -12.597 -28.5406
v -19.0718 -12.2215 -28.4563
v -18.6035 -11.8571 -28.7008
v -18.3059 -11.6016 -29.2088
v -18.2588 -11.5233 -29.844
v -18.4748 -11.6433 -30.4363
v -18.8959 -11.9294 -30.8269
v -19.4095 -12.3049 -30.9113
v -18.0101 -15.0632 -30.738
v -18.3157 -15.3084 -30.2297
v -18.3847 -15.3586 -29.5936
v -18.1987 -15.2002 -29.0002
v -17.8074 -14.8758 -28.6084
v -17.3158 -14.4722 -28.5232
v -16.8556 -14.0975 -28.7675
v -16.55 -13.8523 -29.2757
v -16.4809 -13.8021 -29.9118
v -16.667 -13.9604 -30.5052
v -17.0582 -14.2849 -30.897
v -17.5498 -14.6885 -30.9822
v -16.0314 -17.3642 -30.6197
v -16.3455 -17.5995 -30.1119
v -16.4377 -17.6227 -29.4773
v -16.2834 -17.4275 -28.8857
v -15.9239 -17.0661 -28.4958
v -15.4555 -16.6355 -28.412
v -15.0037 -16.251 -28.6568
v -14.6896 -16.0156 -29.1645
v -14.5974 -15.9925 -29.7992
v -14.7517 -16.1877 -30.3907
v -15.1112 -16.549 -30.7806
v -15.5796 -16.9796 -30.8644
v -13.9539 -19.5581 -30.3126
v -14.2769 -19.7841 -29.8062
v -14.3935 -19.7815 -29.1751
v -14.2725 -19.5511 -28.5885
v -13.9462 -19.1546 -28.2035
v -13.5022 -18.6983 -28.1233
v -13.0594 -18.3043 -28.3694
v -12.7363 -18.0784 -28.8758
v -12.6197 -18.0809 -29.5069
v -12.7408 -18.3113 -30.0935
v -13.067 -18.7078 -30.4785
v -13.511 -19.1642 -30.5587
v -11.7903 -21.6315 -29.8187
v -12.1226 -21.8485 -29.3144
v -12.2646 -21.8216 -28.6891
v -12.1782 -21.558 -28.1104
v -11.8867 -21.1283 -27.7333
v -11.468 -20.6476 -27.6589
v -11.0345 -20.2448 -27.9071
v -10.7022 -20.0277 -28.4114
v -10.5602 -20.0546 -29.0367
v -10.6465 -20.3182 -29.6154
v -10.9381 -20.748 -29.9925
v -11.3568 -21.2286 -30.0669
v -9.55405 -23.5715 -29.1409
v -9.89595 -23.7802 -28.6395
v -10.0642 -23.7306 -28.0221
v -10.0137 -23.4358 -27.4543
v -9.75795 -22.975 -27.0881
v -9.36554 -22.4716 -27.0216
v -8.94158 -22.0604 -27.2728
v -8.59969 -21.8517 -27.7742
v -8.43146 -21.9013 -28.3915
v -8.48197 -22.1961 -28.9593
v -8.73769 -22.6569 -29.3255
v -9.1301 -23.1603 -29.392
v -7.25889 -25.3662 -28.2834
v -7.61065 -25.5672 -27.7857
v -7.8058 -25.4965 -27.1784
v -7.79207 -25.173 -26.6243
v -7.57314 -24.6834 -26.2719
v -7.20765 -24.1589 -26.2155
v -6.79356 -23.74 -26.4703
v -6.4418 -23.539 -26.968
v -6.24665 -23.6097 -27.5752
v -6.26038 -23.9332 -28.1293
v -6.47931 -24.4228 -28.4818
v -6.8448 -24.9473 -28.5382
v -4.91898 -27.0044 -27.2516
v -5.28078 -27.1984 -26.7583
v -5.50339 -27.1085 -26.1631
v -5.52716 -26.7588 -25.6256
v -5.34572 -26.2429 -25.2896
v -5.00769 -25.6992 -25.2454
v -4.60365 -25.2733 -25.5046
v -4.24185 -25.0793 -25.9979
v -4.01924 -25.1693 -26.593
v -3.99546 -25.519 -27.1306
v -4.1769 -26.0348 -27.4665
v -4.51493 -26.5785 -27.5108
v -2.54874 -28.4762 -26.0517
v -2.92072 -28.6639 -25.5636
v -3.17114 -28.5567 -24.9825
v -3.23289 -28.1834 -24.4642
v -3.08944 -27.644 -24.1475
v -2.77922 -27.083 -24.1173
v -2.38535 -26.6508 -24.3817
v -2.01337 -26.4631 -24.8698
v -1.76295 -26.5703 -25.4509
v -1.7012 -26.9436 -25.9692
v -1.84465 -27.483 -26.2859
v -2.15487 -28.044 -26.3161
v -0.162786 -29.7725 -24.6912
v -0.545012 -29.9546 -24.209
v -0.823422 -29.8322 -23.6438
v -0.923417 -29.4381 -23.1473
v -0.818204 -28.8779 -22.8524
v -0.535974 -28.3017 -22.8382
v -0.152351 -27.8639 -23.1084
v 0.229874 -27.6818 -23.5907
v 0.508284 -27.8042 -24.1558
v 0.60828 -28.1983 -24.6523
v 0.503067 -28.7585 -24.9472
v 0.220837 -29.3347 -24.9615
v 2.22417 -30.8851 -23.1786
v 1.8317 -31.0625 -22.7028
v 1.52528 -30.927 -22.1554
v 1.38703 -30.5151 -21.6831
v 1.45399 -29.9371 -21.4125
v 1.70822 -29.3478 -21.416
v 2.08159 -28.9052 -21.6927
v 2.47406 -28.7279 -22.1685
v 2.78048 -28.8634 -22.7158
v 2.91873 -29.2753 -23.1881
v 2.85177 -29.8533 -23.4588
v 2.59754 -30.4426 -23.4553
v 4.59742 -31.8074 -21.523
v 4.19475 -31.9808 -21.0543
v 3.86049 -31.8345 -20.5263
v 3.68421 -31.4078 -20.0806
v 3.71313 -30.815 -19.8365
v 3.93951 -30.2149 -19.8594
v 4.3027 -29.7684 -20.1432
v 4.70536 -29.595 -20.6119
v 5.03962 -29.7413 -21.1398
v 5.2159 -30.168 -21.5856
v 5.18698 -30.7608 -21.8297
v 4.9606 -31.3609 -21.8068
v 6.94232 -32.5336 -19.7347
v 6.52958 -32.7038 -19.2737
v 6.16781 -32.549 -18.7667
v 5.95395 -32.1106 -18.3496
v 5.94529 -31.5062 -18.1341
v 6.14416 -30.8976 -18.178
v 6.49727 -30.448 -18.4696
v 6.91001 -30.2777 -18.9306
v 7.27178 -30.4325 -19.4375
v 7.48564 -30.8709 -19.8546
v 7.4943 -31.4753 -20.0701
v 7.29543 -32.0839 -20.0262
v 9.24441 -33.0591 -17.8247
v 8.82179 -33.2271 -17.3719
v 8.43302 -33.0661 -16.8873
v 8.18226 -32.6194 -16.5009
v 8.13671 -32.0065 -16.316
v 8.30857 -31.3918 -16.3823
v 8.6518 -30.9398 -16.682
v 9.07442 -30.7719 -17.1348
v 9.46319 -30.9328 -17.6194
v 9.71395 -31.3796 -18.0059
v 9.7595 -31.9925 -18.1907
v 9.58764 -32.6072 -18.1244
v 11.4895 -33.3809 -15.8048
v 11.0573 -33.5475 -15.3607
v 10.6421 -33.3827 -14.8998
v 10.3554 -32.9308 -14.5457
v 10.2739 -32.3128 -14.3933
v 10.4194 -31.6943 -14.4833
v 10.753 -31.241 -14.7916
v 11.1852 -31.0744 -15.2358
v 11.6004 -31.2391 -15.6966
v 11.8871 -31.691 -16.0507
v 11.9686 -32.3091 -16.2032
v 11.8231 -32.9276 -16.1132
v 13.6638 -33.4968 -13.6875
v 13.2222 -33.6629 -13.2525
v 12.7816 -33.4968 -12.8165
v 12.46 -33.043 -12.4963
v 12.3436 -32.4232 -12.3777
v 12.4636 -31.8033 -12.4926
v 12.7879 -31.3495 -12.8101
v 13.2295 -31.1834 -13.2451
v 13.6701 -31.3495 -13.6811
v 13.9917 -31.8033 -14.0013
v 14.108 -32.4231 -14.1198
v 13.988 -33.043 -14.005
v 15.7538 -33.4063 -11.4858
v 15.3032 -33.5727 -11.0603
v 14.8381 -33.4077 -10.6501
v 14.483 -32.9554 -10.3652
v 14.3331 -32.3369 -10.2819
v 14.4286 -31.7181 -10.4226
v 14.7439 -31.2647 -10.7495
v 15.1945 -31.0982 -11.1751
v 15.6596 -31.2633 -11.5853
v 16.0147 -31.7156 -11.8702
v 16.1646 -32.334 -11.9534
v 16.0691 -32.9529 -11.8128
v 17.7467 -33.1097 -9.21332
v 17.2876 -33.2775 -8.7975
v 16.799 -33.1159 -8.41398
v 16.412 -32.6683 -8.1655
v 16.2302 -32.0547 -8.11866
v 16.3023 -31.4393 -8.28601
v 16.609 -30.9872 -8.6227
v 17.0682 -30.8194 -9.03851
v 17.5567 -30.981 -9.42204
v 17.9437 -31.4286 -9.67052
v 18.1255 -32.0422 -9.71736
v 18.0534 -32.6576 -9.55001
v 19.6302 -32.6091 -6.88401
v 19.163 -32.779 -6.4782
v 18.6523 -32.6233 -6.122
v 18.2351 -32.1837 -5.91085
v 18.0231 -31.5781 -5.90135
v 18.0732 -30.9686 -6.09602
v 18.3718 -30.5186 -6.44271
v 18.839 -30.3487 -6.84852
v 19.3496 -30.5044 -7.20472
v 19.7668 -30.944 -7.41587
v 19.9788 -31.5496 -7.42538
v 19.9288 -32.1591 -7.2307
v 21.3926 -31.9073 -4.51226
v 20.9179 -32.0803 -4.11663
v 20.3866 -31.9328 -3.78826
v 19.9411 -31.5045 -3.61512
v 19.7009 -30.9101 -3.64363
v 19.7302 -30.3089 -3.86612
v 20.0213 -29.8619 -4.223
v 20.496 -29.689 -4.61863
v 21.0273 -29.8364 -4.947
v 21.4728 -30.2647 -5.12014
v 21.713 -30.8591 -5.09163
v 21.6837 -31.4604 -4.86914
v 23.0232 -31.0089 -2.11269
v 22.5414 -31.1857 -1.72736
v 21.991 -31.0488 -1.42714
v 21.5194 -30.6349 -1.29247
v 21.253 -30.0549 -1.35942
v 21.2632 -29.4642 -1.61007
v 21.5473 -29.0211 -1.97725
v 22.0291 -28.8443 -2.36258
v 22.5795 -28.9812 -2.6628
v 23.0511 -29.3951 -2.79748
v 23.3175 -29.9751 -2.73052
v 23.3073 -30.5658 -2.47987
v 24.5118 -29.9193 0.299907
v 24.0236 -30.1008 0.674873
v 23.4557 -29.9766 0.94679
v 22.9603 -29.5802 1.0428
v 22.6701 -29.0176 0.937178
v 22.6628 -28.4397 0.658223
v 22.9405 -28.0013 0.280682
v 23.4287 -27.8198 -0.0942835
v 23.9966 -27.944 -0.366201
v 24.492 -28.3404 -0.462212
v 24.7822 -28.903 -0.356588
v 24.7895 -29.4809 -0.0776335
v 25.8493 -28.6452 2.71066
v 25.3554 -28.8322 3.07527
v 24.7718 -28.723 3.3189
v 24.2549 -28.347 3.37628
v 23.9433 -27.8048 3.23202
v 23.9203 -27.2419 2.92478
v 24.1922 -26.8089 2.53689
v 24.6862 -26.622 2.17227
v 25.2698 -26.7311 1.92864
v 25.7866 -27.1072 1.87126
v 26.0983 -27.6493 2.01552
v 26.1212 -28.2123 2.32276
v 27.0274 -27.1946 5.10469
v 26.5285 -27.3877 5.45902
v 25.9311 -27.2956 5.67457
v 25.3953 -26.9428 5.69358
v 25.0647 -26.4239 5.51095
v 25.028 -25.878 5.17563
v 25.2948 -25.4512 4.77745
v 25.7938 -25.2581 4.42312
v 26.3912 -25.3502 4.20757
v 26.927 -25.703 4.18857
v 27.2575 -26.2219 4.37119
v 27.2943 -26.7678 4.70652
v 28.0389 -25.5762 7.46725
v 27.5356 -25.7763 7.81144
v 26.9263 -25.7032 7.99927
v 26.3744 -25.3763 7.98041
v 26.0276 -24.8834 7.75992
v 25.979 -24.3564 7.39688
v 26.2415 -23.9366 6.98856
v 26.7448 -23.7365 6.64437
v 27.3541 -23.8097 6.45655
v 27.9061 -24.1365 6.4754
v 28.2528 -24.6295 6.69589
v 28.3015 -25.1564 7.05894
v 28.8776 -23.8002 9.78378
v 28.3706 -24.0079 10.118
v 27.7515 -23.9556 10.2787
v 27.1861 -23.6572 10.2227
v 26.8259 -23.1927 9.96507
v 26.7674 -22.6866 9.57485
v 27.0263 -22.2745 9.15658
v 27.5333 -22.0667 8.82235
v 28.1524 -22.119 8.66169
v 28.7178 -22.4174 8.71768
v 29.078 -22.8819 8.97529
v 29.1365 -23.388 9.36551
v 29.5381 -21.8774 12.04
v 29.0284 -22.0934 12.3645
v 28.4015 -22.0636 12.4987
v 27.8255 -21.7961 12.4066
v 27.4547 -21.3624 12.1128
v 27.3885 -20.8788 11.6961
v 27.6446 -20.4749 11.2682
v 28.1544 -20.2589 10.9436
v 28.7812 -20.2887 10.8094
v 29.3572 -20.5563 10.9016
v 29.728 -20.99 11.1953
v 29.7942 -21.4735 11.612
v 30.0166 -19.8198 14.222
v 29.5048 -20.0446 14.5371
v 28.8723 -20.039 14.6457
v 28.2886 -19.8044 14.5186
v 27.9102 -19.4037 14.1899
v 27.8384 -18.9443 13.7476
v 28.0924 -18.5492 13.3103
v 28.6042 -18.3244 12.9951
v 29.2367 -18.33 12.8865
v 29.8203 -18.5646 13.0136
v 30.1988 -18.9653 13.3423
v 30.2706 -19.4247 13.7846
v 30.31 -17.6399 16.3163
v 29.7969 -17.8741 16.6224
v 29.161 -17.8941 16.7065
v 28.5727 -17.6944 16.5458
v 28.1895 -17.3286 16.1835
v 28.1142 -16.8948 15.7166
v 28.367 -16.5091 15.2703
v 28.8801 -16.2749 14.9641
v 29.516 -16.255 14.8801
v 30.1043 -16.4546 15.0408
v 30.4875 -16.8204 15.4031
v 30.5628 -17.2542 15.8699
v 30.4166 -15.3513 18.3099
v 29.903 -15.5953 18.6076
v 29.2658 -15.6421 18.6682
v 28.6758 -15.4792 18.4756
v 28.2909 -15.1501 18.0813
v 28.2144 -14.7431 17.5911
v 28.4667 -14.3672 17.1362
v 28.9802 -14.1232 16.8386
v 29.6174 -14.0764 16.7779
v 30.2075 -14.2394 16.9706
v 30.5923 -14.5685 17.3648
v 30.6689 -14.9755 17.8551
v 30.3356 -12.9681 20.1908
v 29.8224 -13.2223 20.4803
v 29.1862 -13.2971 20.5189
v 28.5974 -13.1723 20.2961
v 28.2138 -12.8814 19.8717
v 28.1382 -12.5024 19.3594
v 28.3909 -12.1368 18.8964
v 28.9041 -11.8825 18.6069
v 29.5403 -11.8077 18.5683
v 30.1291 -11.9325 18.7911
v 30.5126 -12.2234 19.2155
v 30.5882 -12.6024 19.7278
v 30.0675 -10.5049 21.9471
v 29.5555 -10.7697 22.2291
v 28.9224 -10.8734 22.247
v 28.3379 -10.7881 21.9961
v 27.9587 -10.5367 21.5436
v 27.8862 -10.1865 21.0107
v 28.14 -9.83146 20.5402
v 28.6521 -9.56663 20.2581
v 29.2852 -9.46298 20.2402
v 29.8696 -9.54828 20.4911
v 30.2489 -9.79969 20.9437
v 30.3214 -10.1498 21.4766
v 29.6141 -7.97692 23.5681
v 29.1041 -8.25261 23.8431
v 28.4763 -8.38592 23.8421
v 27.8991 -8.34113 23.5652
v 27.5271 -8.13024 23.0867
v 27.46 -7.80975 22.5347
v 27.7157 -7.46555 22.0573
v 28.2258 -7.18987 21.7822
v 28.8536 -7.05656 21.7833
v 29.4308 -7.10135 22.0602
v 29.8028 -7.31224 22.5387
v 29.8699 -7.63272 23.0906
v 28.9782 -5.39978 25.0438
v 28.4708 -5.68653 25.3125
v 27.8505 -5.85008 25.2941
v 27.2835 -5.84659 24.9936
v 26.9217 -5.677 24.4914
v 26.862 -5.38675 23.9222
v 27.1205 -5.05362 23.4384
v 27.6279 -4.76686 23.1697
v 28.2482 -4.60332 23.188
v 28.8152 -4.60681 23.4886
v 29.177 -4.7764 23.9908
v 29.2367 -5.06664 24.56
v 28.1635 -2.78934 26.3651
v 27.6597 -3.08731 26.6282
v 27.0489 -3.28148 26.5943
v 26.495 -3.31983 26.2725
v 26.1462 -3.19207 25.7492
v 26.0961 -2.93245 25.1644
v 26.3581 -2.61053 24.675
v 26.862 -2.31256 24.4119
v 27.4727 -2.11839 24.4458
v 28.0267 -2.08005 24.7675
v 28.3754 -2.2078 25.2909
v 28.4255 -2.46742 25.8756
v 27.1753 -0.161711 27.5239
v 26.6756 -0.470961 27.7819
v 26.0765 -0.695959 27.7345
v 25.5384 -0.776417 27.3942
v 25.2054 -0.690776 26.8522
v 25.1669 -0.461983 26.2539
v 25.4332 -0.151344 25.7594
v 25.9328 0.157906 25.5014
v 26.5319 0.382904 25.5489
v 27.0701 0.463362 25.8892
v 27.403 0.377721 26.4311
v 27.4415 0.148929 27.0294
v 26.0194 2.46692 28.5129
v 25.5248 2.14638 28.7668
v 24.9392 1.89054 28.7077
v 24.4196 1.76796 28.3515
v 24.1052 1.81147 27.7937
v 24.0803 2.00942 27.1838
v 24.3514 2.30877 26.6851
v 24.8461 2.62931 26.4313
v 25.4317 2.88515 26.4904
v 25.9513 3.00774 26.8465
v 26.2657 2.96422 27.4043
v 26.2906 2.76627 28.0142
v 24.7032 5.08034 29.3262
v 24.2142 4.74858 29.5765
v 23.644 4.46208 29.5079
v 23.1455 4.29761 29.1387
v 22.8522 4.29924 28.5679
v 22.8427 4.46653 27.9484
v 23.1196 4.75466 27.4462
v 23.6086 5.08642 27.1959
v 24.1787 5.37292 27.2645
v 24.6772 5.53739 27.6337
v 24.9705 5.53576 28.2045
v 24.98 5.36847 28.824
v 23.2347 7.66244 29.9587
v 22.752 7.31959 30.2063
v 22.199 7.00279 30.1302
v 21.7241 6.79694 29.7509
v 21.4543 6.75719 29.17
v 21.462 6.89419 28.5431
v 21.7452 7.17123 28.0382
v 22.2279 7.51408 27.7906
v 22.7808 7.83087 27.8666
v 23.2558 8.03672 28.2459
v 23.5255 8.07647 28.8269
v 23.5178 7.93948 29.4538
v 21.6229 10.1973 30.4064
v 21.1471 9.84356 30.6521
v 20.6131 9.49703 30.5708
v 20.1639 9.25055 30.1843
v 19.92 9.17017 29.5962
v 19.9466 9.27743 28.964
v 20.2367 9.54359 28.4572
v 20.7125 9.89732 28.2115
v 21.2465 10.2439 28.2928
v 21.6956 10.4903 28.6793
v 21.9396 10.5707 29.2674
v 21.9129 10.4634 29.8996
v 19.8778 12.6693 30.6667
v 19.4095 12.3049 30.9113
v 18.8959 11.9294 30.8269
v 18.4748 11.6433 30.4363
v 18.2588 11.5233 29.844
v 18.3059 11.6016 29.2088
v 18.6035 11.8571 28.7008
v 19.0718 12.2215 28.4563
v 19.5853 12.597 28.5406
v 20.0065 12.8831 28.9313
v 20.2224 13.0031 29.5236
v 20.1753 12.9248 30.1588
v 18.0101 15.0632 30.738
v 17.5498 14.6885 30.9822
v 17.0582 14.2849 30.897
v 16.667 13.9604 30.5052
v 16.4809 13.8021 29.9118
v 16.55 13.8523 29.2757
v 16.8556 14.0975 28.7675
v 17.3158 14.4722 28.5232
v 17.8074 14.8758 28.6084
v 18.1987 15.2002 29.0002
v 18.3847 15.3586 29.5936
v 18.3157 15.3084 30.2297
v 16.0314 17.3642 30.6197
v 15.5796 16.9796 30.8644
v 15.1112 16.549 30.7806
v 14.7517 16.1877 30.3907
v 14.5974 15.9925 29.7992
v 14.6896 16.0156 29.1645
v 15.0037 16.251 28.6568
v 15.4555 16.6355 28.412
v 15.9239 17.0661 28.4958
v 16.2834 17.4275 28.8857
v 16.4377 17.6227 29.4773
v 16.3455 17.5995 30.1119
v 13.9539 19.5581 30.3126
v 13.511 19.1642 30.5587
v 13.067 18.7078 30.4785
v 12.7408 18.3113 30.0935
v 12.6197 18.0809 29.5069
v 12.7363 18.0784 28.8758
v 13.0594 18.3043 28.3694
v 13.5022 18.6983 28.1233
v 13.9462 19.1546 28.2035
v 14.2725 19.5511 28.5885
v 14.3935 19.7815 29.1751
v 14.2769 19.7841 29.8062
v 11.7903 21.6315 29.8187
v 11.3568 21.2286 30.0669
v 10.9381 20.748 29.9925
v 10.6465 20.3182 29.6154
v 10.5602 20.0546 29.0367
v 10.7022 20.0277 28.4114
v 11.0345 20.2448 27.9071
v 11.468 20.6476 27.6589
v 11.8867 21.1283 27.7333
v 12.1782 21.558 28.1104
v 12.2646 21.8216 28.6891
v 12.1226 21.8485 29.3144
v 9.55405 23.5715 29.1409
v 9.1301 23.1603 29.392
v 8.73769 22.6569 29.3255
v 8.48197 22.1961 28.9593
v 8.43146 21.9013 28.3915
v 8.59969 21.8517 27.7742
v 8.94158 22.0604 27.2728
v 9.36554 22.4716 27.0216
v 9.75795 22.975 27.0881
v 10.0137 23.4358 27.4543
v 10.0642 23.7306 28.0221
v 9.89595 23.7802 28.6395
v 7.25889 25.3662 28.2834
v 6.8448 24.9473 28.5382
v 6.47931 24.4228 28.4818
v 6.26038 23.9332 28.1293
v 6.24665 23.6097 27.5752
v 6.4418 23.539 26.968
v 6.79356 23.74 26.4703
v 7.20765 24.1589 26.2155
v 7.57314 24.6834 26.2719
v 7.79207 25.173 26.6243
v 7.8058 25.4965 27.1784
v 7.61065 25.5672 27.7857
v 4.91898 27.0044 27.2516
v 4.51493 26.5785 27.5108
v 4.1769 26.0348 27.4665
v 3.99546 25.519 27.1306
v 4.01924 25.1693 26.593
v 4.24185 25.0793 25.9979
v 4.60365 25.2733 25.5046
v 5.00769 25.6992 25.2454
v 5.34572 26.2429 25.2896
v 5.52716 26.7588 25.6256
v 5.50339 27.1085 26.1631
v 5.28078 27.1984 26.7583
v 2.54874 28.4762 26.0517
v 2.15487 28.044 26.3161
v 1.84465 27.483 26.2859
v 1.7012 26.9436 25.9692
v 1.76295 26.5703 25.4509
v 2.01337 26.4631 24.8698
v 2.38535 26.6508 24.3817
v 2.77922 27.083 24.1173
v 3.08944 27.644 24.1475
v 3.23289 28.1834 24.4642
v 3.17114 28.5567 24.9825
v 2.92072 28.6639 25.5636
v 0.162786 29.7725 24.6912
v -0.220837 29.3347 24.9615
v -0.503067 28.7585 24.9472
v -0.60828 28.1983 24.6523
v -0.508284 27.8042 24.1558
v -0.229874 27.6818 23.5907
v 0.152351 27.8639 23.1084
v 0.535974 28.3017 22.8382
v 0.818204 28.8779 22.8524
v 0.923417 29.4381 23.1473
v 0.823422 29.8322 23.6438
v 0.545012 29.9546 24.209
v -2.22417 30.8851 23.1786
v -2.59754 30.4426 23.4553
v -2.85177 29.8533 23.4588
v -2.91873 29.2753 23.1881
v -2.78048 28.8634 22.7158
v -2.47406 28.7279 22.1685
v -2.08159 28.9052 21.6927
v -1.70822 29.3478 21.416
v -1.45399 29.9371 21.4125
v -1.38703 30.5151 21.6831
v -1.52528 30.927 22.1554
v -1.8317 31.0625 22.7028
v -4.59742 31.8074 21.523
v -4.9606 31.3609 21.8068
v -5.18698 30.7608 21.8297
v -5.2159 30.168 21.5856
v -5.03962 29.7413 21.1398
v -4.70536 29.595 20.6119
v -4.3027 29.7684 20.1432
v -3.93951 30.2149 19.8594
v -3.71313 30.815 19.8365
v -3.68421 31.4078 20.0806
v -3.86049 31.8345 20.5263
v -4.19475 31.9808 21.0543
v -6.94232 32.5336 19.7347
v -7.29543 32.0839 20.0262
v -7.4943 31.4753 20.0701
v -7.48564 30.8709 19.8546
v -7.27178 30.4325 19.4375
v -6.91001 30.2777 18.9306
v -6.49727 30.448 18.4696
v -6.14416 30.8976 18.178
v -5.94529 31.5062 18.1341
v -5.95395 32.1106 18.3496
v -6.16781 32.549 18.7667
v -6.52958 32.7038 19.2737
v -9.24441 33.0591 17.8247
v -9.58764 32.6072 18.1244
v -9.7595 31.9925 18.1907
v -9.71395 31.3796 18.0059
v -9.46319 30.9328 17.6194
v -9.07442 30.7719 17.1348
v -8.6518 30.9398 16.682
v -8.30857 31.3918 16.3823
v -8.13671 32.0065 16.316
v -8.18226 32.6194 16.5009
v -8.43302 33.0661 16.8873
v -8.82179 33.2271 17.3719
v -11.4895 33.3809 15.8048
v -11.8231 32.9276 16.1132
v -11.9686 32.3091 16.2032
v -11.8871 31.691 16.0507
v -11.6004 31.2391 15.6966
v -11.1852 31.0744 15.2358
v -10.753 31.241 14.7916
v -10.4194 31.6943 14.4833
v -10.2739 32.3128 14.3933
v -10.3554 32.9308 14.5457
v -10.6421 33.3827 14.8998
v -11.0573 33.5475 15.3607
v -13.6638 33.4968 13.6875
v -13.988 33.043 14.005
v -14.108 32.4231 14.1198
v -13.9917 31.8033 14.0013
v -13.6701 31.3495 13.6811
v -13.2295 31.1834 13.2451
v -12.7879 31.3495 12.8101
v -12.4636 31.8033 12.4926
v -12.3436 32.4232 12.3777
v -12.46 33.043 12.4963
v -12.7816 33.4968 12.8165
v -13.2222 33.6629 13.2525
v -15.7538 33.4063 11.4858
v -16.0691 32.9529 11.8128
v -16.1646 32.334 11.9534
v -16.0147 31.7156 11.8702
v -15.6596 31.2633 11.5853
v -15.1945 31.0982 11.1751
v -14.7439 31.2647 10.7495
v -14.4286 31.7181 10.4226
v -14.3331 32.3369 10.2819
v -14.483 32.9554 10.3652
v -14.8381 33.4077 10.6501
v -15.3032 33.5727 11.0603
v -17.7467 33.1097 9.21332
v -18.0534 32.6576 9.55001
v -18.1255 32.0422 9.71736
v -17.9437 31.4286 9.67052
v -17.5567 30.981 9.42204
v -17.0682 30.8194 9.03851
v -16.609 30.9872 8.6227
v -16.3023 31.4393 8.28601
v -16.2302 32.0547 8.11866
v -16.412 32.6683 8.1655
v -16.799 33.1159 8.41398
v -17.2876 33.2775 8.7975
v -19.6302 32.6091 6.88401
v -19.9288 32.1591 7.2307
v -19.9788 31.5496 7.42538
v -19.7668 30.944 7.41587
v -19.3496 30.5044 7.20472
v -18.839 30.3487 6.84852
v -18.3718 30.5186 6.44271
v -18.0732 30.9686 6.09602
v -18.0231 31.5781 5.90135
v -18.2351 32.1837 5.91085
v -18.6523 32.6233 6.122
v -19.163 32.779 6.4782
v -21.3926 31.9073 4.51226
v -21.6837 31.4604 4.86914
v -21.713 30.8591 5.09163
v -21.4728 30.2647 5.12014
v -21.0273 29.8364 4.947
v -20.496 29.689 4.61863
v -20.0213 29.8619 4.223
v -19.7302 30.3089 3.86612
v -19.7009 30.9101 3.64363
v -19.9411 31.5045 3.61512
v -20.3866 31.9328 3.78826
v -20.9179 32.0803 4.11663
v -23.0232 31.0089 2.11269
v -23.3073 30.5658 2.47987
v -23.3175 29.9751 2.73052
v -23.0511 29.3951 2.79748
v -22.5795 28.9812 2.6628
v -22.0291 28.8443 2.36258
v -21.5473 29.0211 1.97725
v -21.2632 29.4642 1.61007
v -21.253 30.0549 1.35942
v -21.5194 30.6349 1.29247
v -21.991 31.0488 1.42714
v -22.5414 31.1857 1.72736
v -24.5118 29.9193 -0.299907
v -24.7895 29.4809 0.0776335
v -24.7822 28.903 0.356588
v -24.492 28.3404 0.462212
v -23.9966 27.944 0.366201
v -23.4287 27.8198 0.0942835
v -22.9405 28.0013 -0.280682
v -22.6628 28.4397 -0.658223
v -22.6701 29.0176 -0.937178
v -22.9603 29.5802 -1.0428
v -23.4557 29.9766 -0.94679
v -24.0236 30.1008 -0.674873
v -25.8493 28.6452 -2.71066
v -26.1212 28.2123 -2.32276
v -26.0983 27.6493 -2.01552
v -25.7866 27.1072 -1.87126
v -25.2698 26.7311 -1.92864
v -24.6862 26.622 -2.17227
v -24.1922 26.8089 -2.53689
v -23.9203 27.2419 -2.92478
v -23.9433 27.8048 -3.23202
v -24.2549 28.347 -3.37628
v -24.7718 28.723 -3.3189
v -25.3554 28.8322 -3.07527
v -27.0274 27.1946 -5.10469
v -27.2943 26.7678 -4.70652
v -27.2575 26.2219 -4.37119
v -26.927 25.703 -4.18857
v -26.3912 25.3502 -4.20757
v -25.7938 25.2581 -4.42312
v -25.2948 25.4512 -4.77745
v -25.028 25.878 -5.17563
v -25.0647 26.4239 -5.51095
v -25.3953 26.9428 -5.69358
v -25.9311 27.2956 -5.67457
v -26.5285 27.3877 -5.45902
f 2641 2653 2654 2642
f 2642 2654 2655 2643
f 2643 2655 2656 2644
f 2644 2656 2657 2645
f 2645 2657 2658 2646
f 2646 2658 2659 2647
f 2647 2659 2660 2648
f 2648 2660 2661 2649
f 2649 2661 2662 2650
f 2650 2662 2663 2651
f 2651 2663 2664 2652
f 2652 2664 2653 2641
f 2653 2665 2666 2654
f 2654 2666 2667 2655
f 2655 2667 2668 2656
f 2656 2668 2669 2657
f 2657 2669 2670 2658
f 2658 2670 2671 2659
f 2659 2671 2672 2660
f 2660 2672 2673 2661
f 2661 2673 2674 2662
f 2662 2674 2675 2663
f 2663 2675 2676 2664
f 2664 2676 2665 2653
f 2665 2677 2678 2666
f 2666 2678 2679 2667
f 2667 2679 2680 2668
f 2668 2680 2681 2669
f 2669 2681 2682 2670
f 2670 2682 2683 2671
f 2671 2683 2684 2672
f 2672 2684 2685 2673
f 2673 2685 2686 2674
f 2674 2686 2687 2675
f 2675 2687 2688 2676
f 2676 2688 2677 2665
f 2677 2689 2690 2678
f 2678 2690 2691 2679
f 2679 2691 2692 2680
f 2680 2692 2693 2681
f 2681 2693 2694 2682
f 2682 2694 2695 2683
f 2683 2695 2696 2684
f 2684 2696 2697 2685
f 2685 2697 2698 2686
f 2686 2698 2699 2687
f 2687 2699 2700 2688
f 2688 2700 2689 2677
f 2689 2701 2702 2690
f 2690 2702 2703 2691
f 2691 2703 2704 2692
f 2692 2704 2705 2693
f 2693 2705 2706 2694
f 2694 2706 2707 2695
f 2695 2707 2708 2696
f 2696 2708 2709 2697
f 2697 2709 2710 2698
f 2698 2710 2711 2699
f 2699 2711 2712 2700
f 2700 2712 2701 2689
f 2701 2713 2714 2702
f 2702 2714 2715 2703
f 2703 2715 2716 2704
f 2704 2716 2717 2705
f 2705 2717 2718 2706
f 2706 2718 2719 2707
f 2707 2719 2720 2708
f 2708 2720 2721 2709
f 2709 2721 2722 2710
f 2710 2722 2723 2711
f 2711 2723 2724 2712
f 2712 2724 2713 2701
f 2713 2725 2726 2714
f 2714 2726 2727 2715
f 2715 2727 2728 2716
f 2716 2728 2729 2717
f 2717 2729 2730 2718
f 2718 2730 2731 2719
f 2719 2731 2732 2720
f 2720 2732 2733 2721
f 2721 2733 2734 2722
f 2722 2734 2735 2723
f 2723 2735 2736 2724
f 2724 2736 2725 2713
f 2725 2737 2738 2726
f 2726 2738 2739 2727
f 2727 2739 2740 2728
f 2728 2740 2741 2729
f 2729 2741 2742 2730
f 2730 2742 2743 2731
f 2731 2743 2744 2732
f 2732 2744 2745 2733
f 2733 2745 2746 2734
f 2734 2746 2747 2735
f 2735 2747 2748 2736
f 2736 2748 2737 2725
f 2737 2749 2750 2738
f 2738 2750 2751 2739
f 2739 2751 2752 2740
f 2740 2752 2753 2741
f 2741 2753 2754 2742
f 2742 2754 2755 2743
f 2743 2755 2756 2744
f 2744 2756 2757 2745
f 2745 2757 2758 2746
f 2746 2758 2759 2747
f 2747 2759 2760 2748
f 2748 2760 2749 2737
f 2749 2761 2762 2750
f 2750 2762 2763 2751
f 2751 2763 2764 2752
f 2752 2764 2765 2753
f 2753 2765 2766 2754
f 2754 2766 2767 2755
f 2755 2767 2768 2756
f 2756 2768 2769 2757
f 2757 2769 2770 2758
f 2758 2770 2771 2759
f 2759 2771 2772 2760
f 2760 2772 2761 2749
f 2761 2773 2774 2762
f 2762 2774 2775 2763
f 2763 2775 2776 2764
f 2764 2776 2777 2765
f 2765 2777 2778 2766
f 2766 2778 2779 2767
f 2767 2779 2780 2768
f 2768 2780 2781 2769
f 2769 2781 2782 2770
f 2770 2782 2783 2771
f 2771 2783 2784 2772
f 2772 2784 2773 2761
f 2773 2785 2786 2774
f 2774 2786 2787 2775
f 2775 2787 2788 2776
f 2776 2788 2789 2777
f 2777 2789 2790 2778
f 2778 2790 2791 2779
f 2779 2791 2792 2780
f 2780 2792 2793 2781
f 2781 2793 2794 2782
f 2782 2794 2795 2783
f 2783 2795 2796 2784
f 2784 2796 2785 2773
f 2785 2797 2798 2786
f 2786 2798 2799 2787
f 2787 2799 2800 2788
f 2788 2800 2801 2789
f 2789 2801 2802 2790
f 2790 2802 2803 2791
f 2791 2803 2804 2792
f 2792 2804 2805 2793
f 2793 2805 2806 2794
f 2794 2806 2807 2795
f 2795 2807 2808 2796
f 2796 2808 2797 2785
f 2797 2809 2810 2798
f 2798 2810 2811 2799
f 2799 2811 2812 2800
f 2800 2812 2813 2801
f 2801 2813 2814 2802
f 2802 2814 2815 2803
f 2803 2815 2816 2804
f 2804 2816 2817 2805
f 2805 2817 2818 2806
f 2806 2818 2819 2807
f 2807 2819 2820 2808
f 2808 2820 2809 2797
f 2809 2821 2822 2810
f 2810 2822 2823 2811
f 2811 2823 2824 2812
f 2812 2824 2825 2813
f 2813 2825 2826 2814
f 2814 2826 2827 2815
f 2815 2827 2828 2816
f 2816 2828 2829 2817
f 2817 2829 2830 2818
f 2818 2830 2831 2819
f 2819 2831 2832 2820
f 2820 2832 2821 2809
f 2821 2833 2834 2822
f 2822 2834 2835 2823
f 2823 2835 2836 2824
f 2824 2836 2837 2825
f 2825 2837 2838 2826
f 2826 2838 2839 2827
f 2827 2839 2840 2828
f 2828 2840 2841 2829
f 2829 2841 2842 2830
f 2830 2842 2843 2831
f 2831 2843 2844 2832
f 2832 2844 2833 2821
f 2833 2845 2846 2834
f 2834 2846 2847 2835
f 2835 2847 2848 2836
f 2836 2848 2849 2837
f 2837 2849 2850 2838
f 2838 2850 2851 2839
f 2839 2851 2852 2840
f 2840 2852 2853 2841
f 2841 2853 2854 2842
f 2842 2854 2855 2843
f 2843 2855 2856 2844
f 2844 2856 2845 2833
f 2845 2857 2858 2846
f 2846 2858 2859 2847
f 2847 2859 2860 2848
f 2848 2860 2861 2849
f 2849 2861 2862 2850
f 2850 2862 2863 2851
f 2851 2863 2864 2852
f 2852 2864 2865 2853
f 2853 2865 2866 2854
f 2854 2866 2867 2855
f 2855 2867 2868 2856
f 2856 2868 2857 2845
f 2857 2869 2870 2858
f 2858 2870 2871 2859
f 2859 2871 2872 2860
f 2860 2872 2873 2861
f 2861 2873 2874 2862
f 2862 2874 2875 2863
f 2863 2875 2876 2864
f 2864 2876 2877 2865
f 2865 2877 2878 2866
f 2866 2878 2879 2867
f 2867 2879 2880 2868
f 2868 2880 2869 2857
f 2869 2881 2882 2870
f 2870 2882 2883 2871
f 2871 2883 2884 2872
f 2872 2884 2885 2873
f 2873 2885 2886 2874
f 2874 2886 2887 2875
f 2875 2887 2888 2876
f 2876 2888 2889 2877
f 2877 2889 2890 2878
f 2878 2890 2891 2879
f 2879 2891 2892 2880
f 2880 2892 2881 2869
f 2881 2893 2894 2882
f 2882 2894 2895 2883
f 2883 2895 2896 2884
f 2884 2896 2897 2885
f 2885 2897 2898 2886
f 2886 2898 2899 2887
f 2887 2899 2900 2888
f 2888 2900 2901 2889
f 2889 2901 2902 2890
f 2890 2902 2903 2891
f 2891 2903 2904 2892
f 2892 2904 2893 2881
f 2893 2905 2906 2894
f 2894 2906 2907 2895
f 2895 2907 2908 2896
f 2896 2908 2909 2897
f 2897 2909 2910 2898
f 2898 2910 2911 2899
f 2899 2911 2912 2900
f 2900 2912 2913 2901
f 2901 2913 2914 2902
f 2902 2914 2915 2903
f 2903 2915 2916 2904
f 2904 2916 2905 2893
f 2905 2917 2918 2906
f 2906 2918 2919 2907
f 2907 2919 2920 2908
f 2908 2920 2921 2909
f 2909 2921 2922 2910
f 2910 2922 2923 2911
f 2911 2923 2924 2912
f 2912 2924 2925 2913
f 2913 2925 2926 2914
f 2914 2926 2927 2915
f 2915 2927 2928 2916
f 2916 2928 2917 2905
f 2917 2929 2930 2918
f 2918 2930 2931 2919
f 2919 2931 2932 2920
f 2920 2932 2933 2921
f 2921 2933 2934 2922
f 2922 2934 2935 2923
f 2923 2935 2936 2924
f 2924 2936 2937 2925
f 2925 2937 2938 2926
f 2926 2938 2939 2927
f 2927 2939 2940 2928
f 2928 2940 2929 2917
f 2929 2941 2942 2930
f 2930 2942 2943 2931
f 2931 2943 2944 2932
f 2932 2944 2945 2933
f 2933 2945 2946 2934
f 2934 2946 2947 2935
f 2935 2947 2948 2936
f 2936 2948 2949 2937
f 2937 2949 2950 2938
f 2938 2950 2951 2939
f 2939 2951 2952 2940
f 2940 2952 2941 2929
f 2941 2953 2954 2942
f 2942 2954 2955 2943
f 2943 2955 2956 2944
f 2944 2956 2957 2945
f 2945 2957 2958 2946
f 2946 2958 2959 2947
f 2947 2959 2960 2948
f 2948 2960 2961 2949
f 2949 2961 2962 2950
f 2950 2962 2963 2951
f 2951 2963 2964 2952
f 2952 2964 2953 2941
f 2953 2965 2966 2954
f 2954 2966 2967 2955
f 2955 2967 2968 2956
f 2956 2968 2969 2957
f 2957 2969 2970 2958
f 2958 2970 2971 2959
f 2959 2971 2972 2960
f 2960 2972 2973 2961
f 2961 2973 2974 2962
f 2962 2974 2975 2963
f 2963 2975 2976 2964
f 2964 2976 2965 2953
f 2965 2977 2978 2966
f 2966 2978 2979 2967
f 2967 2979 2980 2968
f 2968 2980 2981 2969
f 2969 2981 2982 2970
f 2970 2982 2983 2971
f 2971 2983 2984 2972
f 2972 2984 2985 2973
f 2973 2985 2986 2974
f 2974 2986 2987 2975
f 2975 2987 2988 2976
f 2976 2988 2977 2965
f 2977 2989 2990 2978
f 2978 2990 2991 2979
f 2979 2991 2992 2980
f 2980 2992 2993 2981
f 2981 2993 2994 2982
f 2982 2994 2995 2983
f 2983 2995 2996 2984
f 2984 2996 2997 2985
f 2985 2997 2998 2986
f 2986 2998 2999 2987
f 2987 2999 3000 2988
f 2988 3000 2989 2977
f 2989 3001 3002 2990
f 2990 3002 3003 2991
f 2991 3003 3004 2992
f 2992 3004 3005 2993
f 2993 3005 3006 2994
f 2994 3006 3007 2995
f 2995 3007 3008 2996
f 2996 3008 3009 2997
f 2997 3009 3010 2998
f 2998 3010 3011 2999
f 2999 3011 3012 3000
f 3000 3012 3001 2989
f 3001 3013 3014 3002
f 3002 3014 3015 3003
f 3003 3015 3016 3004
f 3004 3016 3017 3005
f 3005 3017 3018 3006
f 3006 3018 3019 3007
f 3007 3019 3020 3008
f 3008 3020 3021 3009
f 3009 3021 3022 3010
f 3010 3022 3023 3011
f 3011 3023 3024 3012
f 3012 3024 3013 3001
f 3013 3025 3026 3014
f 3014 3026 3027 3015
f 3015 3027 3028 3016
f 3016 3028 3029 3017
f 3017 3029 3030 3018
f 3018 3030 3031 3019
f 3019 3031 3032 3020
f 3020 3032 3033 3021
f 3021 3033 3034 3022
f 3022 3034 3035 3023
f 3023 3035 3036 3024
f 3024 3036 3025 3013
f 3025 3037 3038 3026
f 3026 3038 3039 3027
f 3027 3039 3040 3028
f 3028 3040 3041 3029
f 3029 3041 3042 3030
f 3030 3042 3043 3031
f 3031 3043 3044 3032
f 3032 3044 3045 3033
f 3033 3045 3046 3034
f 3034 3046 3047 3035
f 3035 3047 3048 3036
f 3036 3048 3037 3025
f 3037 3049 3050 3038
f 3038 3050 3051 3039
f 3039 3051 3052 3040
f 3040 3052 3053 3041
f 3041 3053 3054 3042
f 3042 3054 3055 3043
f 3043 3055 3056 3044
f 3044 3056 3057 3045
f 3045 3057 3058 3046
f 3046 3058 3059 3047
f 3047 3059 3060 3048
f 3048 3060 3049 3037
f 3049 3061 3062 3050
f 3050 3062 3063 3051
f 3051 3063 3064 3052
f 3052 3064 3065 3053
f 3053 3065 3066 3054
f 3054 3066 3067 3055
f 3055 3067 3068 3056
f 3056 3068 3069 3057
f 3057 3069 3070 3058
f 3058 3070 3071 3059
f 3059 3071 3072 3060
f 3060 3072 3061 3049
f 3061 3073 3074 3062
f 3062 3074 3075 3063
f 3063 3075 3076 3064
f 3064 3076 3077 3065
f 3065 3077 3078 3066
f 3066 3078 3079 3067
f 3067 3079 3080 3068
f 3068 3080 3081 3069
f 3069 3081 3082 3070
f 3070 3082 3083 3071
f 3071 3083 3084 3072
f 3072 3084 3073 3061
f 3073 3085 3086 3074
f 3074 3086 3087 3075
f 3075 3087 3088 3076
f 3076 3088 3089 3077
f 3077 3089 3090 3078
f 3078 3090 3091 3079
f 3079 3091 3092 3080
f 3080 3092 3093 3081
f 3081 3093 3094 3082
f 3082 3094 3095 3083
f 3083 3095 3096 3084
f 3084 3096 3085 3073
f 3085 3097 3098 3086
f 3086 3098 3099 3087
f 3087 3099 3100 3088
f 3088 3100 3101 3089
f 3089 3101 3102 3090
f 3090 3102 3103 3091
f 3091 3103 3104 3092
f 3092 3104 3105 3093
f 3093 3105 3106 3094
f 3094 3106 3107 3095
f 3095 3107 3108 3096
f 3096 3108 3097 3085
f 3097 3109 3110 3098
f 3098 3110 3111 3099
f 3099 3111 3112 3100
f 3100 3112 3113 3101
f 3101 3113 3114 3102
f 3102 3114 3115 3103
f 3103 3115 3116 3104
f 3104 3116 3117 3105
f 3105 3117 3118 3106
f 3106 3118 3119 3107
f 3107 3119 3120 3108
f 3108 3120 3109 3097
f 3109 3121 3122 3110
f 3110 3122 3123 3111
f 3111 3123 3124 3112
f 3112 3124 3125 3113
f 3113 3125 3126 3114
f 3114 3126 3127 3115
f 3115 3127 3128 3116
f 3116 3128 3129 3117
f 3117 3129 3130 3118
f 3118 3130 3131 3119
f 3119 3131 3132 3120
f 3120 3132 3121 3109
f 3121 3133 3134 3122
f 3122 3134 3135 3123
f 3123 3135 3136 3124
f 3124 3136 3137 3125
f 3125 3137 3138 3126
f 3126 3138 3139 3127
f 3127 3139 3140 3128
f 3128 3140 3141 3129
f 3129 3141 3142 3130
f 3130 3142 3143 3131
f 3131 3143 3144 3132
f 3132 3144 3133 3121
f 3133 3145 3146 3134
f 3134 3146 3147 3135
f 3135 3147 3148 3136
f 3136 3148 3149 3137
f 3137 3149 3150 3138
f 3138 3150 3151 3139
f 3139 3151 3152 3140
f 3140 3152 3153 3141
f 3141 3153 3154 3142
f 3142 3154 3155 3143
f 3143 3155 3156 3144
f 3144 3156 3145 3133
f 3145 3157 3158 3146
f 3146 3158 3159 3147
f 3147 3159 3160 3148
f 3148 3160 3161 3149
f 3149 3161 3162 3150
f 3150 3162 3163 3151
f 3151 3163 3164 3152
f 3152 3164 3165 3153
f 3153 3165 3166 3154
f 3154 3166 3167 3155
f 3155 3167 3168 3156
f 3156 3168 3157 3145
f 3157 3169 3170 3158
f 3158 3170 3171 3159
f 3159 3171 3172 3160
f 3160 3172 3173 3161
f 3161 3173 3174 3162
f 3162 3174 3175 3163
f 3163 3175 3176 3164
f 3164 3176 3177 3165
f 3165 3177 3178 3166
f 3166 3178 3179 3167
f 3167 3179 3180 3168
f 3168 3180 3169 3157
f 3169 3181 3182 3170
f 3170 3182 3183 3171
f 3171 3183 3184 3172
f 3172 3184 3185 3173
f 3173 3185 3186 3174
f 3174 3186 3187 3175
f 3175 3187 3188 3176
f 3176 3188 3189 3177
f 3177 3189 3190 3178
f 3178 3190 3191 3179
f 3179 3191 3192 3180
f 3180 3192 3181 3169
f 3181 3193 3194 3182
f 3182 3194 3195 3183
f 3183 3195 3196 3184
f 3184 3196 3197 3185
f 3185 3197 3198 3186
f 3186 3198 3199 3187
f 3187 3199 3200 3188
f 3188 3200 3201 3189
f 3189 3201 3202 3190
f 3190 3202 3203 3191
f 3191 3203 3204 3192
f 3192 3204 3193 3181
f 3193 3205 3206 3194
f 3194 3206 3207 3195
f 3195 3207 3208 3196
f 3196 3208 3209 3197
f 3197 3209 3210 3198
f 3198 3210 3211 3199
f 3199 3211 3212 3200
f 3200 3212 3213 3201
f 3201 3213 3214 3202
f 3202 3214 3215 3203
f 3203 3215 3216 3204
f 3204 3216 3205 3193
f 3205 3217 3218 3206
f 3206 3218 3219 3207
f 3207 3219 3220 3208
f 3208 3220 3221 3209
f 3209 3221 3222 3210
f 3210 3222 3223 3211
f 3211 3223 3224 3212
f 3212 3224 3225 3213
f 3213 3225 3226 3214
f 3214 3226 3227 3215
f 3215 3227 3228 3216
f 3216 3228 3217 3205
f 3217 3229 3230 3218
f 3218 3230 3231 3219
f 3219 3231 3232 3220
f 3220 3232 3233 3221
f 3221 3233 3234 3222
f 3222 3234 3235 3223
f 3223 3235 3236 3224
f 3224 3236 3237 3225
f 3225 3237 3238 3226
f 3226 3238 3239 3227
f 3227 3239 3240 3228
f 3228 3240 3229 3217
f 3229 3241 3242 3230
f 3230 3242 3243 3231
f 3231 3243 3244 3232
f 3232 3244 3245 3233
f 3233 3245 3246 3234
f 3234 3246 3247 3235
f 3235 3247 3248 3236
f 3236 3248 3249 3237
f 3237 3249 3250 3238
f 3238 3250 3251 3239
f 3239 3251 3252 3240
f 3240 3252 3241 3229
f 3241 3253 3254 3242
f 3242 3254 3255 3243
f 3243 3255 3256 3244
f 3244 3256 3257 3245
f 3245 3257 3258 3246
f 3246 3258 3259 3247
f 3247 3259 3260 3248
f 3248 3260 3261 3249
f 3249 3261 3262 3250
f 3250 3262 3263 3251
f 3251 3263 3264 3252
f 3252 3264 3253 3241
f 3253 3265 3266 3254
f 3254 3266 3267 3255
f 3255 3267 3268 3256
f 3256 3268 3269 3257
f 3257 3269 3270 3258
f 3258 3270 3271 3259
f 3259 3271 3272 3260
f 3260 3272 3273 3261
f 3261 3273 3274 3262
f 3262 3274 3275 3263
f 3263 3275 3276 3264
f 3264 3276 3265 3253
f 3265 3277 3278 3266
f 3266 3278 3279 3267
f 3267 3279 3280 3268
f 3268 3280 3281 3269
f 3269 3281 3282 3270
f 3270 3282 3283 3271
f 3271 3283 3284 3272
f 3272 3284 3285 3273
f 3273 3285 3286 3274
f 3274 3286 3287 3275
f 3275 3287 3288 3276
f 3276 3288 3277 3265
f 3277 3289 3290 3278
f 3278 3290 3291 3279
f 3279 3291 3292 3280
f 3280 3292 3293 3281
f 3281 3293 3294 3282
f 3282 3294 3295 3283
f 3283 3295 3296 3284
f 3284 3296 3297 3285
f 3285 3297 3298 3286
f 3286 3298 3299 3287
f 3287 3299 3300 3288
f 3288 3300 3289 3277
f 3289 3301 3302 3290
f 3290 3302 3303 3291
f 3291 3303 3304 3292
f 3292 3304 3305 3293
f 3293 3305 3306 3294
f 3294 3306 3307 3295
f 3295 3307 3308 3296
f 3296 3308 3309 3297
f 3297 3309 3310 3298
f 3298 3310 3311 3299
f 3299 3311 3312 3300
f 3300 3312 3301 3289
f 3301 3313 3314 3302
f 3302 3314 3315 3303
f 3303 3315 3316 3304
f 3304 3316 3317 3305
f 3305 3317 3318 3306
f 3306 3318 3319 3307
f 3307 3319 3320 3308
f 3308 3320 3321 3309
f 3309 3321 3322 3310
f 3310 3322 3323 3311
f 3311 3323 3324 3312
f 3312 3324 3313 3301
f 3313 3325 3326 3314
f 3314 3326 3327 3315
f 3315 3327 3328 3316
f 3316 3328 3329 3317
f 3317 3329 3330 3318
f 3318 3330 3331 3319
f 3319 3331 3332 3320
f 3320 3332 3333 3321
f 3321 3333 3334 3322
f 3322 3334 3335 3323
f 3323 3335 3336 3324
f 3324 3336 3325 3313
f 3325 3337 3338 3326
f 3326 3338 3339 3327
f 3327 3339 3340 3328
f 3328 3340 3341 3329
f 3329 3341 3342 3330
f 3330 3342 3343 3331
f 3331 3343 3344 3332
f 3332 3344 3345 3333
f 3333 3345 3346 3334
f 3334 3346 3347 3335
f 3335 3347 3348 3336
f 3336 3348 3337 3325
f 3337 3349 3350 3338
f 3338 3350 3351 3339
f 3339 3351 3352 3340
f 3340 3352 3353 3341
f 3341 3353 3354 3342
f 3342 3354 3355 3343
f 3343 3355 3356 3344
f 3344 3356 3357 3345
f 3345 3357 3358 3346
f 3346 3358 3359 3347
f 3347 3359 3360 3348
f 3348 3360 3349 3337
f 3349 3361 3362 3350
f 3350 3362 3363 3351
f 3351 3363 3364 3352
f 3352 3364 3365 3353
f 3353 3365 3366 3354
f 3354 3366 3367 3355
f 3355 3367 3368 3356
f 3356 3368 3369 3357
f 3357 3369 3370 3358
f 3358 3370 3371 3359
f 3359 3371 3372 3360
f 3360 3372 3361 3349
f 3361 3373 3374 3362
f 3362 3374 3375 3363
f 3363 3375 3376 3364
f 3364 3376 3377 3365
f 3365 3377 3378 3366
f 3366 3378 3379 3367
f 3367 3379 3380 3368
f 3368 3380 3381 3369
f 3369 3381 3382 3370
f 3370 3382 3383 3371
f 3371 3383 3384 3372
f 3372 3384 3373 3361
f 3373 3385 3386 3374
f 3374 3386 3387 3375
f 3375 3387 3388 3376
f 3376 3388 3389 3377
f 3377 3389 3390 3378
f 3378 3390 3391 3379
f 3379 3391 3392 3380
f 3380 3392 3393 3381
f 3381 3393 3394 3382
f 3382 3394 3395 3383
f 3383 3395 3396 3384
f 3384 3396 3385 3373
f 3385 3397 3398 3386
f 3386 3398 3399 3387
f 3387 3399 3400 3388
f 3388 3400 3401 3389
f 3389 3401 3402 3390
f 3390 3402 3403 3391
f 3391 3403 3404 3392
f 3392 3404 3405 3393
f 3393 3405 3406 3394
f 3394 3406 3407 3395
f 3395 3407 3408 3396
f 3396 3408 3397 3385
f 3397 3409 3410 3398
f 3398 3410 3411 3399
f 3399 3411 3412 3400
f 3400 3412 3413 3401
f 3401 3413 3414 3402
f 3402 3414 3415 3403
f 3403 3415 3416 3404
f 3404 3416 3417 3405
f 3405 3417 3418 3406
f 3406 3418 3419 3407
f 3407 3419 3420 3408
f 3408 3420 3409 3397
f 3409 3421 3422 3410
f 3410 3422 3423 3411
f 3411 3423 3424 3412
f 3412 3424 3425 3413
f 3413 3425 3426 3414
f 3414 3426 3427 3415
f 3415 3427 3428 3416
f 3416 3428 3429 3417
f 3417 3429 3430 3418
f 3418 3430 3431 3419
f 3419 3431 3432 3420
f 3420 3432 3421 3409
f 3421 3433 3434 3422
f 3422 3434 3435 3423
f 3423 3435 3436 3424
f 3424 3436 3437 3425
f 3425 3437 3438 3426
f 3426 3438 3439 3427
f 3427 3439 3440 3428
f 3428 3440 3441 3429
f 3429 3441 3442 3430
f 3430 3442 3443 3431
f 3431 3443 3444 3432
f 3432 3444 3433 3421
f 3433 3445 3446 3434
f 3434 3446 3447 3435
f 3435 3447 3448 3436
f 3436 3448 3449 3437
f 3437 3449 3450 3438
f 3438 3450 3451 3439
f 3439 3451 3452 3440
f 3440 3452 3453 3441
f 3441 3453 3454 3442
f 3442 3454 3455 3443
f 3443 3455 3456 3444
f 3444 3456 3445 3433
f 3445 3457 3458 3446
f 3446 3458 3459 3447
f 3447 3459 3460 3448
f 3448 3460 3461 3449
f 3449 3461 3462 3450
f 3450 3462 3463 3451
f 3451 3463 3464 3452
f 3452 3464 3465 3453
f 3453 3465 3466 3454
f 3454 3466 3467 3455
f 3455 3467 3468 3456
f 3456 3468 3457 3445
f 3457 3469 3470 3458
f 3458 3470 3471 3459
f 3459 3471 3472 3460
f 3460 3472 3473 3461
f 3461 3473 3474 3462
f 3462 3474 3475 3463
f 3463 3475 3476 3464
f 3464 3476 3477 3465
f 3465 3477 3478 3466
f 3466 3478 3479 3467
f 3467 3479 3480 3468
f 3468 3480 3469 3457
f 3469 3481 3482 3470
f 3470 3482 3483 3471
f 3471 3483 3484 3472
f 3472 3484 3485 3473
f 3473 3485 3486 3474
f 3474 3486 3487 3475
f 3475 3487 3488 3476
f 3476 3488 3489 3477
f 3477 3489 3490 3478
f 3478 3490 3491 3479
f 3479 3491 3492 3480
f 3480 3492 3481 3469
f 3481 3493 3494 3482
f 3482 3494 3495 3483
f 3483 3495 3496 3484
f 3484 3496 3497 3485
f 3485 3497 3498 3486
f 3486 3498 3499 3487
f 3487 3499 3500 3488
f 3488 3500 3501 3489
f 3489 3501 3502 3490
f 3490 3502 3503 3491
f 3491 3503 3504 3492
f 3492 3504 3493 3481
f 3493 3505 3506 3494
f 3494 3506 3507 3495
f 3495 3507 3508 3496
f 3496 3508 3509 3497
f 3497 3509 3510 3498
f 3498 3510 3511 3499
f 3499 3511 3512 3500
f 3500 3512 3513 3501
f 3501 3513 3514 3502
f 3502 3514 3515 3503
f 3503 3515 3516 3504
f 3504 3516 3505 3493
f 3505 3517 3518 3506
f 3506 3518 3519 3507
f 3507 3519 3520 3508
f 3508 3520 3521 3509
f 3509 3521 3522 3510
f 3510 3522 3523 3511
f 3511 3523 3524 3512
f 3512 3524 3525 3513
f 3513 3525 3526 3514
f 3514 3526 3527 3515
f 3515 3527 3528 3516
f 3516 3528 3517 3505
f 3517 3529 3530 3518
f 3518 3530 3531 3519
f 3519 3531 3532 3520
f 3520 3532 3533 3521
f 3521 3533 3534 3522
f 3522 3534 3535 3523
f 3523 3535 3536 3524
f 3524 3536 3537 3525
f 3525 3537 3538 3526
f 3526 3538 3539 3527
f 3527 3539 3540 3528
f 3528 3540 3529 3517
f 3529 3541 3542 3530
f 3530 3542 3543 3531
f 3531 3543 3544 3532
f 3532 3544 3545 3533
f 3533 3545 3546 3534
f 3534 3546 3547 3535
f 3535 3547 3548 3536
f 3536 3548 3549 3537
f 3537 3549 3550 3538
f 3538 3550 3551 3539
f 3539 3551 3552 3540
f 3540 3552 3541 3529
f 3541 3553 3554 3542
f 3542 3554 3555 3543
f 3543 3555 3556 3544
f 3544 3556 3557 3545
f 3545 3557 3558 3546
f 3546 3558 3559 3547
f 3547 3559 3560 3548
f 3548 3560 3561 3549
f 3549 3561 3562 3550
f 3550 3562 3563 3551
f 3551 3563 3564 3552
f 3552 3564 3553 3541
f 3553 3565 3566 3554
f 3554 3566 3567 3555
f 3555 3567 3568 3556
f 3556 3568 3569 3557
f 3557 3569 3570 3558
f 3558 3570 3571 3559
f 3559 3571 3572 3560
f 3560 3572 3573 3561
f 3561 3573 3574 3562
f 3562 3574 3575 3563
f 3563 3575 3576 3564
f 3564 3576 3565 3553
f 3565 3577 3578 3566
f 3566 3578 3579 3567
f 3567 3579 3580 3568
f 3568 3580 3581 3569
f 3569 3581 3582 3570
f 3570 3582 3583 3571
f 3571 3583 3584 3572
f 3572 3584 3585 3573
f 3573 3585 3586 3574
f 3574 3586 3587 3575
f 3575 3587 3588 3576
f 3576 3588 3577 3565
f 3577 3589 3590 3578
f 3578 3590 3591 3579
f 3579 3591 3592 3580
f 3580 3592 3593 3581
f 3581 3593 3594 3582
f 3582 3594 3595 3583
f 3583 3595 3596 3584
f 3584 3596 3597 3585
f 3585 3597 3598 3586
f 3586 3598 3599 3587
f 3587 3599 3600 3588
f 3588 3600 3589 3577
f 3589 2641 2642 3590
f 3590 2642 2643 3591
f 3591 2643 2644 3592
f 3592 2644 2645 3593
f 3593 2645 2646 3594
f 3594 2646 2647 3595
f 3595 2647 2648 3596
f 3596 2648 2649 3597
f 3597 2649 2650 3598
f 3598 2650 2651 3599
f 3599 2651 2652 3600
f 3600 2652 2641 3589
g pod
v 0.437594 0 5.00172
v 0.426623 0.0973738 5.00172
v 0.394259 0.189865 5.00172
v 0.342125 0.272835 5.00172
v 0.272835 0.342125 5.00172
v 0.189865 0.394259 5.00172
v 0.0973738 0.426623 5.00172
v 2.67949e-17 0.437594 5.00172
v -0.0973738 0.426623 5.00172
v -0.189865 0.394259 5.00172
v -0.272835 0.342125 5.00172
v -0.342125 0.272835 5.00172
v -0.394259 0.189865 5.00172
v -0.426623 0.0973738 5.00172
v -0.437594 5.35898e-17 5.00172
v -0.426623 -0.0973738 5.00172
v -0.394259 -0.189865 5.00172
v -0.342125 -0.272835 5.00172
v -0.272835 -0.342125 5.00172
v -0.189865 -0.394259 5.00172
v -0.0973738 -0.426623 5.00172
v -8.03847e-17 -0.437594 5.00172
v 0.0973738 -0.426623 5.00172
v 0.189865 -0.394259 5.00172
v 0.272835 -0.342125 5.00172
v 0.342125 -0.272835 5.00172
v 0.394259 -0.189865 5.00172
v 0.426623 -0.0973738 5.00172
v 1.29949 0 4.84975
v 1.26691 0.289163 4.84975
v 1.1708 0.563826 4.84975
v 1.01598 0.810216 4.84975
v 0.810216 1.01598 4.84975
v 0.563826 1.1708 4.84975
v 0.289163 1.26691 4.84975
v 7.95706e-17 1.29949 4.84975
v -0.289163 1.26691 4.84975
v -0.563826 1.1708 4.84975
v -0.810216 1.01598 4.84975
v -1.01598 0.810216 4.84975
v -1.1708 0.563826 4.84975
v -1.26691 0.289163 4.84975
v -1.29949 1.59141e-16 4.84975
v -1.26691 -0.289163 4.84975
v -1.1708 -0.563826 4.84975
v -1.01598 -0.810216 4.84975
v -0.810216 -1.01598 4.84975
v -0.563826 -1.1708 4.84975
v -0.289163 -1.26691 4.84975
v -2.38712e-16 -1.29949 4.84975
v 0.289163 -1.26691 4.84975
v 0.563826 -1.1708 4.84975
v 0.810216 -1.01598 4.84975
v 1.01598 -0.810216 4.84975
v 1.1708 -0.563826 4.84975
v 1.26691 -0.289163 4.84975
v 2.12189 0 4.55042
v 2.06869 0.472166 4.55042
v 1.91176 0.920655 4.55042
v 1.65896 1.32298 4.55042
v 1.32298 1.65896 4.55042
v 0.920655 1.91176 4.55042
v 0.472166 2.06869 4.55042
v 1.29929e-16 2.12189 4.55042
v -0.472166 2.06869 4.55042
v -0.920655 1.91176 4.55042
v -1.32298 1.65896 4.55042
v -1.65896 1.32298 4.55042
v -1.91176 0.920655 4.55042
v -2.06869 0.472166 4.55042
v -2.12189 2.59857e-16 4.55042
v -2.06869 -0.472166 4.55042
v -1.91176 -0.920655 4.55042
v -1.65896 -1.32298 4.55042
v -1.32298 -1.65896 4.55042
v -0.920655 -1.91176 4.55042
v -0.472166 -2.06869 4.55042
v -3.89786e-16 -2.12189 4.55042
v 0.472166 -2.06869 4.55042
v 0.920655 -1.91176 4.55042
v 1.32298 -1.65896 4.55042
v 1.65896 -1.32298 4.55042
v 1.91176 -0.920655 4.55042
v 2.06869 -0.472166 4.55042
v 2.87983 0 4.11282
v 2.80763 0.640822 4.11282
v 2.59464 1.24951 4.11282
v 2.25154 1.79554 4.11282
v 1.79554 2.25154 4.11282
v 1.24951 2.59464 4.11282
v 0.640822 2.80763 4.11282
v 1.76339e-16 2.87983 4.11282
v -0.640822 2.80763 4.11282
v -1.24951 2.59464 4.11282
v -1.79554 2.25154 4.11282
v -2.25154 1.79554 4.11282
v -2.59464 1.24951 4.11282
v -2.80763 0.640822 4.11282
v -2.87983 3.52677e-16 4.11282
v -2.80763 -0.640822 4.11282
v -2.59464 -1.24951 4.11282
v -2.25154 -1.79554 4.11282
v -1.79554 -2.25154 4.11282
v -1.24951 -2.59464 4.11282
v -0.640822 -2.80763 4.11282
v -5.29016e-16 -2.87983 4.11282
v 0.640822 -2.80763 4.11282
v 1.24951 -2.59464 4.11282
v 1.79554 -2.25154 4.11282
v 2.25154 -1.79554 4.11282
v 2.59464 -1.24951 4.11282
v 2.80763 -0.640822 4.11282
v 3.55026 0 3.55026
v 3.46125 0.790008 3.55026
v 3.19868 1.5404 3.55026
v 2.77571 2.21355 3.55026
v 2.21355 2.77571 3.55026
v 1.5404 3.19868 3.55026
v 0.790008 3.46125 3.55026
v 2.17391e-16 3.55026 3.55026
v -0.790008 3.46125 3.55026
v -1.5404 3.19868 3.55026
v -2.21355 2.77571 3.55026
v -2.77571 2.21355 3.55026
v -3.19868 1.5404 3.55026
v -3.46125 0.790008 3.55026
v -3.55026 4.34782e-16 3.55026
v -3.46125 -0.790008 3.55026
v -3.19868 -1.5404 3.55026
v -2.77571 -2.21355 3.55026
v -2.21355 -2.77571 3.55026
v -1.5404 -3.19868 3.55026
v -0.790008 -3.46125 3.55026
v -6.52173e-16 -3.55026 3.55026
v 0.790008 -3.46125 3.55026
v 1.5404 -3.19868 3.55026
v 2.21355 -2.77571 3.55026
v 2.77571 -2.21355 3.55026
v 3.19868 -1.5404 3.55026
v 3.46125 -0.790008 3.55026
v 4.11282 0 2.87983
v 4.00971 0.915189 2.87983
v 3.70552 1.78449 2.87983
v 3.21553 2.5643 2.87983
v 2.5643 3.21553 2.87983
v 1.78449 3.70552 2.87983
v 0.915189 4.00971 2.87983
v 2.51838e-16 4.11282 2.87983
v -0.915189 4.00971 2.87983
v -1.78449 3.70552 2.87983
v -2.5643 3.21553 2.87983
v -3.21553 2.5643 2.87983
v -3.70552 1.78449 2.87983
v -4.00971 0.915189 2.87983
v -4.11282 5.03675e-16 2.87983
v -4.00971 -0.915189 2.87983
v -3.70552 -1.78449 2.87983
v -3.21553 -2.5643 2.87983
v -2.5643 -3.21553 2.87983
v -1.78449 -3.70552 2.87983
v -0.915189 -4.00971 2.87983
v -7.55513e-16 -4.11282 2.87983
v 0.915189 -4.00971 2.87983
v 1.78449 -3.70552 2.87983
v 2.5643 -3.21553 2.87983
v 3.21553 -2.5643 2.87983
v 3.70552 -1.78449 2.87983
v 4.00971 -0.915189 2.87983
v 4.55042 0 2.12189
v 4.43633 1.01256 2.12189
v 4.09978 1.97435 2.12189
v 3.55766 2.83714 2.12189
v 2.83714 3.55766 2.12189
v 1.97435 4.09978 2.12189
v 1.01256 4.43633 2.12189
v 2.78633e-16 4.55042 2.12189
v -1.01256 4.43633 2.12189
v -1.97435 4.09978 2.12189
v -2.83714 3.55766 2.12189
v -3.55766 2.83714 2.12189
v -4.09978 1.97435 2.12189
v -4.43633 1.01256 2.12189
v -4.55042 5.57265e-16 2.12189
v -4.43633 -1.01256 2.12189
v -4.09978 -1.97435 2.12189
v -3.55766 -2.83714 2.12189
v -2.83714 -3.55766 2.12189
v -1.97435 -4.09978 2.12189
v -1.01256 -4.43633 2.12189
v -8.35898e-16 -4.55042 2.12189
v 1.01256 -4.43633 2.12189
v 1.97435 -4.09978 2.12189
v 2.83714 -3.55766 2.12189
v 3.55766 -2.83714 2.12189
v 4.09978 -1.97435 2.12189
v 4.43633 -1.01256 2.12189
v 4.84975 0 1.29949
v 4.72815 1.07917 1.29949
v 4.36947 2.10423 1.29949
v 3.79169 3.02377 1.29949
v 3.02377 3.79169 1.29949
v 2.10423 4.36947 1.29949
v 1.07917 4.72815 1.29949
v 2.96961e-16 4.84975 1.29949
v -1.07917 4.72815 1.29949
v -2.10423 4.36947 1.29949
v -3.02377 3.79169 1.29949
v -3.79169 3.02377 1.29949
v -4.36947 2.10423 1.29949
v -4.72815 1.07917 1.29949
v -4.84975 5.93923e-16 1.29949
v -4.72815 -1.07917 1.29949
v -4.36947 -2.10423 1.29949
v -3.79169 -3.02377 1.29949
v -3.02377 -3.79169 1.29949
v -2.10423 -4.36947 1.29949
v -1.07917 -4.72815 1.29949
v -8.90884e-16 -4.84975 1.29949
v 1.07917 -4.72815 1.29949
v 2.10423 -4.36947 1.29949
v 3.02377 -3.79169 1.29949
v 3.79169 -3.02377 1.29949
v 4.36947 -2.10423 1.29949
v 4.72815 -1.07917 1.29949
v 5.00172 0 0.437594
v 4.87632 1.11299 0.437594
v 4.5064 2.17017 0.437594
v 3.9105 3.11852 0.437594
v 3.11852 3.9105 0.437594
v 2.17017 4.5064 0.437594
v 1.11299 4.87632 0.437594
v 3.06267e-16 5.00172 0.437594
v -1.11299 4.87632 0.437594
v -2.17017 4.5064 0.437594
v -3.11852 3.9105 0.437594
v -3.9105 3.11852 0.437594
v -4.5064 2.17017 0.437594
v -4.87632 1.11299 0.437594
v -5.00172 6.12534e-16 0.437594
v -4.87632 -1.11299 0.437594
v -4.5064 -2.17017 0.437594
v -3.9105 -3.11852 0.437594
v -3.11852 -3.9105 0.437594
v -2.17017 -4.5064 0.437594
v -1.11299 -4.87632 0.437594
v -9.18802e-16 -5.00172 0.437594
v 1.11299 -4.87632 0.437594
v 2.17017 -4.5064 0.437594
v 3.11852 -3.9105 0.437594
v 3.9105 -3.11852 0.437594
v 4.5064 -2.17017 0.437594
v 4.87632 -1.11299 0.437594
v 5.00172 0 -0.437594
v 4.87632 1.11299 -0.437594
v 4.5064 2.17017 -0.437594
v 3.9105 3.11852 -0.437594
v 3.11852 3.9105 -0.437594
v 2.17017 4.5064 -0.437594
v 1.11299 4.87632 -0.437594
v 3.06267e-16 5.00172 -0.437594
v -1.11299 4.87632 -0.437594
v -2.17017 4.5064 -0.437594
v -3.11852 3.9105 -0.437594
v -3.9105 3.11852 -0.437594
v -4.5064 2.17017 -0.437594
v -4.87632 1.11299 -0.437594
v -5.00172 6.12534e-16 -0.437594
v -4.87632 -1.11299 -0.437594
v -4.5064 -2.17017 -0.437594
v -3.9105 -3.11852 -0.437594
v -3.11852 -3.9105 -0.437594
v -2.17017 -4.5064 -0.437594
v -1.11299 -4.87632 -0.437594
v -9.18802e-16 -5.00172 -0.437594
v 1.11299 -4.87632 -0.437594
v 2.17017 -4.5064 -0.437594
v 3.11852 -3.9105 -0.437594
v 3.9105 -3.11852 -0.437594
v 4.5064 -2.17017 -0.437594
v 4.87632 -1.11299 -0.437594
v 4.84975 0 -1.29949
v 4.72815 1.07917 -1.29949
v 4.36947 2.10423 -1.29949
v 3.79169 3.02377 -1.29949
v 3.02377 3.79169 -1.29949
v 2.10423 4.36947 -1.29949
v 1.07917 4.72815 -1.29949
v 2.96961e-16 4.84975 -1.29949
v -1.07917 4.72815 -1.29949
v -2.10423 4.36947 -1.29949
v -3.02377 3.79169 -1.29949
v -3.79169 3.02377 -1.29949
v -4.36947 2.10423 -1.29949
v -4.72815 1.07917 -1.29949
v -4.84975 5.93923e-16 -1.29949
v -4.72815 -1.07917 -1.29949
v -4.36947 -2.10423 -1.29949
v -3.79169 -3.02377 -1.29949
v -3.02377 -3.79169 -1.29949
v -2.10423 -4.36947 -1.29949
v -1.07917 -4.72815 -1.29949
v -8.90884e-16 -4.84975 -1.29949
v 1.07917 -4.72815 -1.29949
v 2.10423 -4.36947 -1.29949
v 3.02377 -3.79169 -1.29949
v 3.79169 -3.02377 -1.29949
v 4.36947 -2.10423 -1.29949
v 4.72815 -1.07917 -1.29949
v 4.55042 0 -2.12189
v 4.43633 1.01256 -2.12189
v 4.09978 1.97435 -2.12189
v 3.55766 2.83714 -2.12189
v 2.83714 3.55766 -2.12189
v 1.97435 4.09978 -2.12189
v 1.01256 4.43633 -2.12189
v 2.78633e-16 4.55042 -2.12189
v -1.01256 4.43633 -2.12189
v -1.97435 4.09978 -2.12189
v -2.83714 3.55766 -2.12189
v -3.55766 2.83714 -2.12189
v -4.09978 1.97435 -2.12189
v -4.43633 1.01256 -2.12189
v -4.55042 5.57265e-16 -2.12189
v -4.43633 -1.01256 -2.12189
v -4.09978 -1.97435 -2.12189
v -3.55766 -2.83714 -2.12189
v -2.83714 -3.55766 -2.12189
v -1.97435 -4.09978 -2.12189
v -1.01256 -4.43633 -2.12189
v -8.35898e-16 -4.55042 -2.12189
v 1.01256 -4.43633 -2.12189
v 1.97435 -4.09978 -2.12189
v 2.83714 -3.55766 -2.12189
v 3.55766 -2.83714 -2.12189
v 4.09978 -1.97435 -2.12189
v 4.43633 -1.01256 -2.12189
v 4.11282 0 -2.87983
v 4.00971 0.915189 -2.87983
v 3.70552 1.78449 -2.87983
v 3.21553 2.5643 -2.87983
v 2.5643 3.21553 -2.87983
v 1.78449 3.70552 -2.87983
v 0.915189 4.00971 -2.87983
v 2.51838e-16 4.11282 -2.87983
v -0.915189 4.00971 -2.87983
v -1.78449 3.70552 -2.87983
v -2.5643 3.21553 -2.87983
v -3.21553 2.5643 -2.87983
v -3.70552 1.78449 -2.87983
v -4.00971 0.915189 -2.87983
v -4.11282 5.03675e-16 -2.87983
v -4.00971 -0.915189 -2.87983
v -3.70552 -1.78449 -2.87983
v -3.21553 -2.5643 -2.87983
v -2.5643 -3.21553 -2.87983
v -1.78449 -3.70552 -2.87983
v -0.915189 -4.00971 -2.87983
v -7.55513e-16 -4.11282 -2.87983
v 0.915189 -4.00971 -2.87983
v 1.78449 -3.70552 -2.87983
v 2.5643 -3.21553 -2.87983
v 3.21553 -2.5643 -2.87983
v 3.70552 -1.78449 -2.87983
v 4.00971 -0.915189 -2.87983
v 3.55026 0 -3.55026
v 3.46125 0.790008 -3.55026
v 3.19868 1.5404 -3.55026
v 2.77571 2.21355 -3.55026
v 2.21355 2.77571 -3.55026
v 1.5404 3.19868 -3.55026
v 0.790008 3.46125 -3.55026
v 2.17391e-16 3.55026 -3.55026
v -0.790008 3.46125 -3.55026
v -1.5404 3.19868 -3.55026
v -2.21355 2.77571 -3.55026
v -2.77571 2.21355 -3.55026
v -3.19868 1.5404 -3.55026
v -3.46125 0.790008 -3.55026
v -3.55026 4.34782e-16 -3.55026
v -3.46125 -0.790008 -3.55026
v -3.19868 -1.5404 -3.55026
v -2.77571 -2.21355 -3.55026
v -2.21355 -2.77571 -3.55026
v -1.5404 -3.19868 -3.55026
v -0.790008 -3.46125 -3.55026
v -6.52173e-16 -3.55026 -3.55026
v 0.790008 -3.46125 -3.55026
v 1.5404 -3.19868 -3.55026
v 2.21355 -2.77571 -3.55026
v 2.77571 -2.21355 -3.55026
v 3.19868 -1.5404 -3.55026
v 3.46125 -0.790008 -3.55026
v 2.87983 0 -4.11282
v 2.80763 0.640822 -4.11282
v 2.59464 1.24951 -4.11282
v 2.25154 1.79554 -4.11282
v 1.79554 2.25154 -4.11282
v 1.24951 2.59464 -4.11282
v 0.640822 2.80763 -4.11282
v 1.76339e-16 2.87983 -4.11282
v -0.640822 2.80763 -4.11282
v -1.24951 2.59464 -4.11282
v -1.79554 2.25154 -4.11282
v -2.25154 1.79554 -4.11282
v -2.59464 1.24951 -4.11282
v -2.80763 0.640822 -4.11282
v -2.87983 3.52677e-16 -4.11282
v -2.80763 -0.640822 -4.11282
v -2.59464 -1.24951 -4.11282
v -2.25154 -1.79554 -4.11282
v -1.79554 -2.25154 -4.11282
v -1.24951 -2.59464 -4.11282
v -0.640822 -2.80763 -4.11282
v -5.29016e-16 -2.87983 -4.11282
v 0.640822 -2.80763 -4.11282
v 1.24951 -2.59464 -4.11282
v 1.79554 -2.25154 -4.11282
v 2.25154 -1.79554 -4.11282
v 2.59464 -1.24951 -4.11282
v 2.80763 -0.640822 -4.11282
v 2.12189 0 -4.55042
v 2.06869 0.472166 -4.55042
v 1.91176 0.920655 -4.55042
v 1.65896 1.32298 -4.55042
v 1.32298 1.65896 -4.55042
v 0.920655 1.91176 -4.55042
v 0.472166 2.06869 -4.55042
v 1.29929e-16 2.12189 -4.55042
v -0.472166 2.06869 -4.55042
v -0.920655 1.91176 -4.55042
v -1.32298 1.65896 -4.55042
v -1.65896 1.32298 -4.55042
v -1.91176 0.920655 -4.55042
v -2.06869 0.472166 -4.55042
v -2.12189 2.59857e-16 -4.55042
v -2.06869 -0.472166 -4.55042
v -1.91176 -0.920655 -4.55042
v -1.65896 -1.32298 -4.55042
v -1.32298 -1.65896 -4.55042
v -0.920655 -1.91176 -4.55042
v -0.472166 -2.06869 -4.55042
v -3.89786e-16 -2.12189 -4.55042
v 0.472166 -2.06869 -4.55042
v 0.920655 -1.91176 -4.55042
v 1.32298 -1.65896 -4.55042
v 1.65896 -1.32298 -4.55042
v 1.91176 -0.920655 -4.55042
v 2.06869 -0.472166 -4.55042
v 1.29949 0 -4.84975
v 1.26691 0.289163 -4.84975
v 1.1708 0.563826 -4.84975
v 1.01598 0.810216 -4.84975
v 0.810216 1.01598 -4.84975
v 0.563826 1.1708 -4.84975
v 0.289163 1.26691 -4.84975
v 7.95706e-17 1.29949 -4.84975
v -0.289163 1.26691 -4.84975
v -0.563826 1.1708 -4.84975
v -0.810216 1.01598 -4.84975
v -1.01598 0.810216 -4.84975
v -1.1708 0.563826 -4.84975
v -1.26691 0.289163 -4.84975
v -1.29949 1.59141e-16 -4.84975
v -1.26691 -0.289163 -4.84975
v -1.1708 -0.563826 -4.84975
v -1.01598 -0.810216 -4.84975
v -0.810216 -1.01598 -4.84975
v -0.563826 -1.1708 -4.84975
v -0.289163 -1.26691 -4.84975
v -2.38712e-16 -1.29949 -4.84975
v 0.289163 -1.26691 -4.84975
v 0.563826 -1.1708 -4.84975
v 0.810216 -1.01598 -4.84975
v 1.01598 -0.810216 -4.84975
v 1.1708 -0.563826 -4.84975
v 1.26691 -0.289163 -4.84975
v 0.437594 0 -5.00172
v 0.426623 0.0973738 -5.00172
v 0.394259 0.189865 -5.00172
v 0.342125 0.272835 -5.00172
v 0.272835 0.342125 -5.00172
v 0.189865 0.394259 -5.00172
v 0.0973738 0.426623 -5.00172
v 2.67949e-17 0.437594 -5.00172
v -0.0973738 0.426623 -5.00172
v -0.189865 0.394259 -5.00172
v -0.272835 0.342125 -5.00172
v -0.342125 0.272835 -5.00172
v -0.394259 0.189865 -5.00172
v -0.426623 0.0973738 -5.00172
v -0.437594 5.35898e-17 -5.00172
v -0.426623 -0.0973738 -5.00172
v -0.394259 -0.189865 -5.00172
v -0.342125 -0.272835 -5.00172
v -0.272835 -0.342125 -5.00172
v -0.189865 -0.394259 -5.00172
v -0.0973738 -0.426623 -5.00172
v -8.03847e-17 -0.437594 -5.00172
v 0.0973738 -0.426623 -5.00172
v 0.189865 -0.394259 -5.00172
v 0.272835 -0.342125 -5.00172
v 0.342125 -0.272835 -5.00172
v 0.394259 -0.189865 -5.00172
v 0.426623 -0.0973738 -5.00172
f 3601 3629 3630 3602
f 3602 3630 3631 3603
f 3603 3631 3632 3604
f 3604 3632 3633 3605
f 3605 3633 3634 3606
f 3606 3634 3635 3607
f 3607 3635 3636 3608
f 3608 3636 3637 3609
f 3609 3637 3638 3610
f 3610 3638 3639 3611
f 3611 3639 3640 3612
f 3612 3640 3641 3613
f 3613 3641 3642 3614
f 3614 3642 3643 3615
f 3615 3643 3644 3616
f 3616 3644 3645 3617
f 3617 3645 3646 3618
f 3618 3646 3647 3619
f 3619 3647 3648 3620
f 3620 3648 3649 3621
f 3621 3649 3650 3622
f 3622 3650 3651 3623
f 3623 3651 3652 3624
f 3624 3652 3653 3625
f 3625 3653 3654 3626
f 3626 3654 3655 3627
f 3627 3655 3656 3628
f 3628 3656 3629 3601
f 3629 3657 3658 3630
f 3630 3658 3659 3631
f 3631 3659 3660 3632
f 3632 3660 3661 3633
f 3633 3661 3662 3634
f 3634 3662 3663 3635
f 3635 3663 3664 3636
f 3636 3664 3665 3637
f 3637 3665 3666 3638
f 3638 3666 3667 3639
f 3639 3667 3668 3640
f 3640 3668 3669 3641
f 3641 3669 3670 3642
f 3642 3670 3671 3643
f 3643 3671 3672 3644
f 3644 3672 3673 3645
f 3645 3673 3674 3646
f 3646 3674 3675 3647
f 3647 3675 3676 3648
f 3648 3676 3677 3649
f 3649 3677 3678 3650
f 3650 3678 3679 3651
f 3651 3679 3680 3652
f 3652 3680 3681 3653
f 3653 3681 3682 3654
f 3654 3682 3683 3655
f 3655 3683 3684 3656
f 3656 3684 3657 3629
f 3657 3685 3686 3658
f 3658 3686 3687 3659
f 3659 3687 3688 3660
f 3660 3688 3689 3661
f 3661 3689 3690 3662
f 3662 3690 3691 3663
f 3663 3691 3692 3664
f 3664 3692 3693 3665
f 3665 3693 3694 3666
f 3666 3694 3695 3667
f 3667 3695 3696 3668
f 3668 3696 3697 3669
f 3669 3697 3698 3670
f 3670 3698 3699 3671
f 3671 3699 3700 3672
f 3672 3700 3701 3673
f 3673 3701 3702 3674
f 3674 3702 3703 3675
f 3675 3703 3704 3676
f 3676 3704 3705 3677
f 3677 3705 3706 3678
f 3678 3706 3707 3679
f 3679 3707 3708 3680
f 3680 3708 3709 3681
f 3681 3709 3710 3682
f 3682 3710 3711 3683
f 3683 3711 3712 3684
f 3684 3712 3685 3657
f 3685 3713 3714 3686
f 3686 3714 3715 3687
f 3687 3715 3716 3688
f 3688 3716 3717 3689
f 3689 3717 3718 3690
f 3690 3718 3719 3691
f 3691 3719 3720 3692
f 3692 3720 3721 3693
f 3693 3721 3722 3694
f 3694 3722 3723 3695
f 3695 3723 3724 3696
f 3696 3724 3725 3697
f 3697 3725 3726 3698
f 3698 3726 3727 3699
f 3699 3727 3728 3700
f 3700 3728 3729 3701
f 3701 3729 3730 3702
f 3702 3730 3731 3703
f 3703 3731 3732 3704
f 3704 3732 3733 3705
f 3705 3733 3734 3706
f 3706 3734 3735 3707
f 3707 3735 3736 3708
f 3708 3736 3737 3709
f 3709 3737 3738 3710
f 3710 3738 3739 3711
f 3711 3739 3740 3712
f 3712 3740 3713 3685
f 3713 3741 3742 3714
f 3714 3742 3743 3715
f 3715 3743 3744 3716
f 3716 3744 3745 3717
f 3717 3745 3746 3718
f 3718 3746 3747 3719
f 3719 3747 3748 3720
f 3720 3748 3749 3721
f 3721 3749 3750 3722
f 3722 3750 3751 3723
f 3723 3751 3752 3724
f 3724 3752 3753 3725
f 3725 3753 3754 3726
f 3726 3754 3755 3727
f 3727 3755 3756 3728
f 3728 3756 3757 3729
f 3729 3757 3758 3730
f 3730 3758 3759 3731
f 3731 3759 3760 3732
f 3732 3760 3761 3733
f 3733 3761 3762 3734
f 3734 3762 3763 3735
f 3735 3763 3764 3736
f 3736 3764 3765 3737
f 3737 3765 3766 3738
f 3738 3766 3767 3739
f 3739 3767 3768 3740
f 3740 3768 3741 3713
f 3741 3769 3770 3742
f 3742 3770 3771 3743
f 3743 3771 3772 3744
f 3744 3772 3773 3745
f 3745 3773 3774 3746
f 3746 3774 3775 3747
f 3747 3775 3776 3748
f 3748 3776 3777 3749
f 3749 3777 3778 3750
f 3750 3778 3779 3751
f 3751 3779 3780 3752
f 3752 3780 3781 3753
f 3753 3781 3782 3754
f 3754 3782 3783 3755
f 3755 3783 3784 3756
f 3756 3784 3785 3757
f 3757 3785 3786 3758
f 3758 3786 3787 3759
f 3759 3787 3788 3760
f 3760 3788 3789 3761
f 3761 3789 3790 3762
f 3762 3790 3791 3763
f 3763 3791 3792 3764
f 3764 3792 3793 3765
f 3765 3793 3794 3766
f 3766 3794 3795 3767
f 3767 3795 3796 3768
f 3768 3796 3769 3741
f 3769 3797 3798 3770
f 3770 3798 3799 3771
f 3771 3799 3800 3772
f 3772 3800 3801 3773
f 3773 3801 3802 3774
f 3774 3802 3803 3775
f 3775 3803 3804 3776
f 3776 3804 3805 3777
f 3777 3805 3806 3778
f 3778 3806 3807 3779
f 3779 3807 3808 3780
f 3780 3808 3809 3781
f 3781 3809 3810 3782
f 3782 3810 3811 3783
f 3783 3811 3812 3784
f 3784 3812 3813 3785
f 3785 3813 3814 3786
f 3786 3814 3815 3787
f 3787 3815 3816 3788
f 3788 3816 3817 3789
f 3789 3817 3818 3790
f 3790 3818 3819 3791
f 3791 3819 3820 3792
f 3792 3820 3821 3793
f 3793 3821 3822 3794
f 3794 3822 3823 3795
f 3795 3823 3824 3796
f 3796 3824 3797 3769
f 3797 3825 3826 3798
f 3798 3826 3827 3799
f 3799 3827 3828 3800
f 3800 3828 3829 3801
f 3801 3829 3830 3802
f 3802 3830 3831 3803
f 3803 3831 3832 3804
f 3804 3832 3833 3805
f 3805 3833 3834 3806
f 3806 3834 3835 3807
f 3807 3835 3836 3808
f 3808 3836 3837 3809
f 3809 3837 3838 3810
f 3810 3838 3839 3811
f 3811 3839 3840 3812
f 3812 3840 3841 3813
f 3813 3841 3842 3814
f 3814 3842 3843 3815
f 3815 3843 3844 3816
f 3816 3844 3845 3817
f 3817 3845 3846 3818
f 3818 3846 3847 3819
f 3819 3847 3848 3820
f 3820 3848 3849 3821
f 3821 3849 3850 3822
f 3822 3850 3851 3823
f 3823 3851 3852 3824
f 3824 3852 3825 3797
f 3825 3853 3854 3826
f 3826 3854 3855 3827
f 3827 3855 3856 3828
f 3828 3856 3857 3829
f 3829 3857 3858 3830
f 3830 3858 3859 3831
f 3831 3859 3860 3832
f 3832 3860 3861 3833
f 3833 3861 3862 3834
f 3834 3862 3863 3835
f 3835 3863 3864 3836
f 3836 3864 3865 3837
f 3837 3865 3866 3838
f 3838 3866 3867 3839
f 3839 3867 3868 3840
f 3840 3868 3869 3841
f 3841 3869 3870 3842
f 3842 3870 3871 3843
f 3843 3871 3872 3844
f 3844 3872 3873 3845
f 3845 3873 3874 3846
f 3846 3874 3875 3847
f 3847 3875 3876 3848
f 3848 3876 3877 3849
f 3849 3877 3878 3850
f 3850 3878 3879 3851
f 3851 3879 3880 3852
f 3852 3880 3853 3825
f 3853 3881 3882 3854
f 3854 3882 3883 3855
f 3855 3883 3884 3856
f 3856 3884 3885 3857
f 3857 3885 3886 3858
f 3858 3886 3887 3859
f 3859 3887 3888 3860
f 3860 3888 3889 3861
f 3861 3889 3890 3862
f 3862 3890 3891 3863
f 3863 3891 3892 3864
f 3864 3892 3893 3865
f 3865 3893 3894 3866
f 3866 3894 3895 3867
f 3867 3895 3896 3868
f 3868 3896 3897 3869
f 3869 3897 3898 3870
f 3870 3898 3899 3871
f 3871 3899 3900 3872
f 3872 3900 3901 3873
f 3873 3901 3902 3874
f 3874 3902 3903 3875
f 3875 3903 3904 3876
f 3876 3904 3905 3877
f 3877 3905 3906 3878
f 3878 3906 3907 3879
f 3879 3907 3908 3880
f 3880 3908 3881 3853
f 3881 3909 3910 3882
f 3882 3910 3911 3883
f 3883 3911 3912 3884
f 3884 3912 3913 3885
f 3885 3913 3914 3886
f 3886 3914 3915 3887
f 3887 3915 3916 3888
f 3888 3916 3917 3889
f 3889 3917 3918 3890
f 3890 3918 3919 3891
f 3891 3919 3920 3892
f 3892 3920 3921 3893
f 3893 3921 3922 3894
f 3894 3922 3923 3895
f 3895 3923 3924 3896
f 3896 3924 3925 3897
f 3897 3925 3926 3898
f 3898 3926 3927 3899
f 3899 3927 3928 3900
f 3900 3928 3929 3901
f 3901 3929 3930 3902
f 3902 3930 3931 3903
f 3903 3931 3932 3904
f 3904 3932 3933 3905
f 3905 3933 3934 3906
f 3906 3934 3935 3907
f 3907 3935 3936 3908
f 3908 3936 3909 3881
f 3909 3937 3938 3910
f 3910 3938 3939 3911
f 3911 3939 3940 3912
f 3912 3940 3941 3913
f 3913 3941 3942 3914
f 3914 3942 3943 3915
f 3915 3943 3944 3916
f 3916 3944 3945 3917
f 3917 3945 3946 3918
f 3918 3946 3947 3919
f 3919 3947 3948 3920
f 3920 3948 3949 3921
f 3921 3949 3950 3922
f 3922 3950 3951 3923
f 3923 3951 3952 3924
f 3924 3952 3953 3925
f 3925 3953 3954 3926
f 3926 3954 3955 3927
f 3927 3955 3956 3928
f 3928 3956 3957 3929
f 3929 3957 3958 3930
f 3930 3958 3959 3931
f 3931 3959 3960 3932
f 3932 3960 3961 3933
f 3933 3961 3962 3934
f 3934 3962 3963 3935
f 3935 3963 3964 3936
f 3936 3964 3937 3909
f 3937 3965 3966 3938
f 3938 3966 3967 3939
f 3939 3967 3968 3940
f 3940 3968 3969 3941
f 3941 3969 3970 3942
f 3942 3970 3971 3943
f 3943 3971 3972 3944
f 3944 3972 3973 3945
f 3945 3973 3974 3946
f 3946 3974 3975 3947
f 3947 3975 3976 3948
f 3948 3976 3977 3949
f 3949 3977 3978 3950
f 3950 3978 3979 3951
f 3951 3979 3980 3952
f 3952 3980 3981 3953
f 3953 3981 3982 3954
f 3954 3982 3983 3955
f 3955 3983 3984 3956
f 3956 3984 3985 3957
f 3957 3985 3986 3958
f 3958 3986 3987 3959
f 3959 3987 3988 3960
f 3960 3988 3989 3961
f 3961 3989 3990 3962
f 3962 3990 3991 3963
f 3963 3991 3992 3964
f 3964 3992 3965 3937
f 3965 3993 3994 3966
f 3966 3994 3995 3967
f 3967 3995 3996 3968
f 3968 3996 3997 3969
f 3969 3997 3998 3970
f 3970 3998 3999 3971
f 3971 3999 4000 3972
f 3972 4000 4001 3973
f 3973 4001 4002 3974
f 3974 4002 4003 3975
f 3975 4003 4004 3976
f 3976 4004 4005 3977
f 3977 4005 4006 3978
f 3978 4006 4007 3979
f 3979 4007 4008 3980
f 3980 4008 4009 3981
f 3981 4009 4010 3982
f 3982 4010 4011 3983
f 3983 4011 4012 3984
f 3984 4012 4013 3985
f 3985 4013 4014 3986
f 3986 4014 4015 3987
f 3987 4015 4016 3988
f 3988 4016 4017 3989
f 3989 4017 4018 3990
f 3990 4018 4019 3991
f 3991 4019 4020 3992
f 3992 4020 3993 3965
f 3993 4021 4022 3994
f 3994 4022 4023 3995
f 3995 4023 4024 3996
f 3996 4024 4025 3997
f 3997 4025 4026 3998
f 3998 4026 4027 3999
f 3999 4027 4028 4000
f 4000 4028 4029 4001
f 4001 4029 4030 4002
f 4002 4030 4031 4003
f 4003 4031 4032 4004
f 4004 4032 4033 4005
f 4005 4033 4034 4006
f 4006 4034 4035 4007
f 4007 4035 4036 4008
f 4008 4036 4037 4009
f 4009 4037 4038 4010
f 4010 4038 4039 4011
f 4011 4039 4040 4012
f 4012 4040 4041 4013
f 4013 4041 4042 4014
f 4014 4042 4043 4015
f 4015 4043 4044 4016
f 4016 4044 4045 4017
f 4017 4045 4046 4018
f 4018 4046 4047 4019
f 4019 4047 4048 4020
f 4020 4048 4021 3993
f 4021 4049 4050 4022
f 4022 4050 4051 4023
f 4023 4051 4052 4024
f 4024 4052 4053 4025
f 4025 4053 4054 4026
f 4026 4054 4055 4027
f 4027 4055 4056 4028
f 4028 4056 4057 4029
f 4029 4057 4058 4030
f 4030 4058 4059 4031
f 4031 4059 4060 4032
f 4032 4060 4061 4033
f 4033 4061 4062 4034
f 4034 4062 4063 4035
f 4035 4063 4064 4036
f 4036 4064 4065 4037
f 4037 4065 4066 4038
f 4038 4066 4067 4039
f 4039 4067 4068 4040
f 4040 4068 4069 4041
f 4041 4069 4070 4042
f 4042 4070 4071 4043
f 4043 4071 4072 4044
f 4044 4072 4073 4045
f 4045 4073 4074 4046
f 4046 4074 4075 4047
f 4047 4075 4076 4048
f 4048 4076 4049 4021
f 4049 4077 4078 4050
f 4050 4078 4079 4051
f 4051 4079 4080 4052
f 4052 4080 4081 4053
f 4053 4081 4082 4054
f 4054 4082 4083 4055
f 4055 4083 4084 4056
f 4056 4084 4085 4057
f 4057 4085 4086 4058
f 4058 4086 4087 4059
f 4059 4087 4088 4060
f 4060 4088 4089 4061
f 4061 4089 4090 4062
f 4062 4090 4091 4063
f 4063 4091 4092 4064
f 4064 4092 4093 4065
f 4065 4093 4094 4066
f 4066 4094 4095 4067
f 4067 4095 4096 4068
f 4068 4096 4097 4069
f 4069 4097 4098 4070
f 4070 4098 4099 4071
f 4071 4099 4100 4072
f 4072 4100 4101 4073
f 4073 4101 4102 4074
f 4074 4102 4103 4075
f 4075 4103 4104 4076
f 4076 4104 4077 4049
g tower_0
v 48.9354 52.2402 -38.8256
v 48.607 51.3641 -38.8654
v 48.6389 50.4287 -38.8953
v 49.0264 49.5763 -38.9107
v 49.7104 48.9368 -38.9092
v 50.5868 48.6074 -38.8911
v 51.5222 48.6383 -38.8592
v 52.3742 49.0249 -38.8182
v 53.013 49.7082 -38.7745
v 53.3414 50.5843 -38.7346
v 53.3094 51.5197 -38.7047
v 52.9219 52.372 -38.6894
v 52.2379 53.0116 -38.6908
v 51.3615 53.341 -38.7089
v 50.4262 53.31 -38.7409
v 49.5742 52.9235 -38.7819
v 43.2785 46.5833 132.169
v 42.9501 45.7073 132.129
v 42.9821 44.7719 132.099
v 43.3696 43.9195 132.084
v 44.0536 43.2799 132.085
v 44.93 42.9505 132.103
v 45.8654 42.9815 132.135
v 46.7173 43.368 132.176
v 47.3561 44.0514 132.22
v 47.6845 44.9274 132.26
v 47.6526 45.8628 132.29
v 47.2651 46.7152 132.305
v 46.5811 47.3547 132.304
v 45.7047 47.6841 132.286
v 44.7693 47.6532 132.254
v 43.9174 47.2666 132.213
f 4105 4121 4122 4106
f 4106 4122 4123 4107
f 4107 4123 4124 4108
f 4108 4124 4125 4109
f 4109 4125 4126 4110
f 4110 4126 4127 4111
f 4111 4127 4128 4112
f 4112 4128 4129 4113
f 4113 4129 4130 4114
f 4114 4130 4131 4115
f 4115 4131 4132 4116
f 4116 4132 4133 4117
f 4117 4133 4134 4118
f 4118 4134 4135 4119
f 4119 4135 4136 4120
f 4120 4136 4121 4105
g gantry_0
v 44.4719 46.1283 131.935
v 44.6389 45.8888 131.386
v 44.9876 45.4961 131.055
v 45.4247 45.0556 131.028
v 45.833 44.6851 131.314
v 46.1032 44.4841 131.836
v 46.1627 44.5063 132.454
v 45.9958 44.7459 133.003
v 45.6471 45.1385 133.334
v 45.21 45.5791 133.361
v 44.8016 45.9495 133.074
v 44.5315 46.1506 132.552
v -0.845417 0.811009 137.935
v -0.678471 0.571474 137.386
v -0.32973 0.178812 137.055
v 0.107362 -0.261762 137.028
v 0.515686 -0.632198 137.314
v 0.785833 -0.833236 137.836
v 0.845417 -0.811009 138.454
v 0.678471 -0.571474 139.003
v 0.32973 -0.178812 139.334
v -0.107362 0.261762 139.361
v -0.515686 0.632198 139.074
v -0.785833 0.833236 138.552
f 4137 4149 4150 4138
f 4138 4150 4151 4139
f 4139 4151 4152 4140
f 4140 4152 4153 4141
f 4141 4153 4154 4142
f 4142 4154 4155 4143
f 4143 4155 4156 4144
f 4144 4156 4157 4145
f 4145 4157 4158 4146
f 4146 4158 4159 4147
f 4147 4159 4160 4148
f 4148 4160 4149 4137
g tower_1
v -53.0769 52.1261 -38.6924
v -53.3586 51.2332 -38.7126
v -53.2772 50.3009 -38.7461
v -52.8452 49.4711 -38.7879
v -52.1284 48.8702 -38.8315
v -51.2358 48.5895 -38.8703
v -50.3034 48.6719 -38.8984
v -49.4732 49.1048 -38.9115
v -48.8714 49.8223 -38.9077
v -48.5898 50.7152 -38.8875
v -48.6712 51.6474 -38.854
v -49.1032 52.4772 -38.8122
v -49.82 53.0782 -38.7686
v -50.7125 53.3588 -38.7298
v -51.6449 53.2765 -38.7017
v -52.4752 52.8436 -38.6885
v -47.4201 46.4692 132.302
v -47.7017 45.5764 132.282
v -47.6203 44.6441 132.248
v -47.1883 43.8143 132.207
v -46.4715 43.2133 132.163
v -45.579 42.9327 132.124
v -44.6466 43.0151 132.096
v -43.8163 43.448 132.083
v -43.2146 44.1654 132.087
v -42.933 45.0583 132.107
v -43.0143 45.9906 132.141
v -43.4463 46.8204 132.182
v -44.1631 47.4213 132.226
v -45.0557 47.702 132.265
v -45.9881 47.6196 132.293
v -46.8183 47.1867 132.306
f 4161 4177 4178 4162
f 4162 4178 4179 4163
f 4163 4179 4180 4164
f 4164 4180 4181 4165
f 4165 4181 4182 4166
f 4166 4182 4183 4167
f 4167 4183 4184 4168
f 4168 4184 4185 4169
f 4169 4185 4186 4170
f 4170 4186 4187 4171
f 4171 4187 4188 4172
f 4172 4188 4189 4173
f 4173 4189 4190 4174
f 4174 4190 4191 4175
f 4175 4191 4192 4176
f 4176 4192 4177 4161
g gantry_1
v -45.9809 44.7641 133.027
v -46.1594 44.5141 132.487
v -46.1122 44.4793 131.869
v -45.8521 44.6691 131.338
v -45.4487 45.0326 131.036
v -45.0101 45.4724 131.045
v -44.6538 45.8706 131.362
v -44.4753 46.1206 131.902
v -44.5224 46.1553 132.52
v -44.7826 45.9655 133.051
v -45.186 45.6021 133.353
v -45.6246 45.1623 133.344
v -0.663528 -0.553259 139.027
v -0.842021 -0.803235 138.487
v -0.794895 -0.837985 137.869
v -0.534777 -0.648198 137.338
v -0.131367 -0.284726 137.036
v 0.307243 0.155038 137.045
v 0.663528 0.553259 137.362
v 0.842021 0.803235 137.902
v 0.794895 0.837985 138.52
v 0.534777 0.648198 139.051
v 0.131367 0.284726 139.353
v -0.307243 -0.155038 139.344
f 4193 4205 4206 4194
f 4194 4206 4207 4195
f 4195 4207 4208 4196
f 4196 4208 4209 4197
f 4197 4209 4210 4198
f 4198 4210 4211 4199
f 4199 4211 4212 4200
f 4200 4212 4213 4201
f 4201 4213 4214 4202
f 4202 4214 4215 4203
f 4203 4215 4216 4204
f 4204 4216 4205 4193
g tower_2
v -53.0402 -49.7531 -38.7721
v -53.3493 -50.6362 -38.7326
v -53.2969 -51.5707 -38.7035
v -52.8908 -52.4144 -38.689
v -52.193 -53.0388 -38.6914
v -51.3096 -53.3489 -38.7104
v -50.3751 -53.2975 -38.743
v -49.5319 -52.8924 -38.7843
v -48.9082 -52.1952 -38.828
v -48.5991 -51.3122 -38.8674
v -48.6515 -50.3777 -38.8966
v -49.0575 -49.534 -38.9111
v -49.7554 -48.9095 -38.9087
v -50.6388 -48.5994 -38.8897
v -51.5732 -48.6508 -38.8571
v -52.4165 -49.056 -38.8158
v -47.3833 -44.0963 132.222
v -47.6925 -44.9793 132.262
v -47.64 -45.9138 132.291
v -47.234 -46.7575 132.305
v -46.5361 -47.382 132.303
v -45.6527 -47.6921 132.284
v -44.7183 -47.6407 132.251
v -43.875 -47.2355 132.21
v -43.2514 -46.5384 132.166
v -42.9422 -45.6553 132.127
v -42.9946 -44.7208 132.098
v -43.4007 -43.8771 132.083
v -44.0985 -43.2527 132.086
v -44.9819 -42.9426 132.105
v -45.9164 -42.994 132.137
v -46.7596 -43.3991 132.179
f 4217 4233 4234 4218
f 4218 4234 4235 4219
f 4219 4235 4236 4220
f 4220 4236 4237 4221
f 4221 4237 4238 4222
f 4222 4238 4239 4223
f 4223 4239 4240 4224
f 4224 4240 4241 4225
f 4225 4241 4242 4226
f 4226 4242 4243 4227
f 4227 4243 4244 4228
f 4228 4244 4245 4229
f 4229 4245 4246 4230
f 4230 4246 4247 4231
f 4231 4247 4248 4232
f 4232 4248 4233 4217
g gantry_2
v -44.5183 -46.1574 132.504
v -44.4772 -46.1166 131.886
v -44.6612 -45.8617 131.35
v -45.021 -45.4609 131.04
v -45.4602 -45.0216 131.04
v -45.8611 -44.6616 131.349
v -46.1164 -44.4773 131.885
v -46.1575 -44.5181 132.503
v -45.9735 -44.773 133.039
v -45.6137 -45.1738 133.348
v -45.1744 -45.613 133.349
v -44.7735 -45.973 133.04
v 0.799028 -0.84003 138.504
v 0.840142 -0.79926 137.886
v 0.656141 -0.544329 137.35
v 0.296327 -0.143545 137.04
v -0.142887 0.295701 137.04
v -0.543815 0.655715 137.349
v -0.799028 0.84003 137.885
v -0.840142 0.79926 138.503
v -0.656141 0.544329 139.039
v -0.296327 0.143545 139.348
v 0.142887 -0.295701 139.349
v 0.543815 -0.655715 139.04
f 4249 4261 4262 4250
f 4250 4262 4263 4251
f 4251 4263 4264 4252
f 4252 4264 4265 4253
f 4253 4265 4266 4254
f 4254 4266 4267 4255
f 4255 4267 4268 4256
f 4256 4268 4269 4257
f 4257 4269 4270 4258
f 4258 4270 4271 4259
f 4259 4271 4272 4260
f 4260 4272 4261 4249
g tower_3
v 48.9824 -49.6398 -38.9101
v 48.6225 -50.5041 -38.8934
v 48.6207 -51.4401 -38.8625
v 48.9771 -52.3051 -38.8221
v 49.6376 -52.9674 -38.7783
v 50.5016 -53.3264 -38.7379
v 51.4375 -53.3272 -38.7069
v 52.3029 -52.9698 -38.6901
v 52.966 -52.3086 -38.69
v 53.3259 -51.4442 -38.7067
v 53.3277 -50.5083 -38.7376
v 52.9713 -49.6433 -38.778
v 52.3108 -48.9809 -38.8218
v 51.4468 -48.622 -38.8622
v 50.5109 -48.6212 -38.8932
v 49.6455 -48.9786 -38.91
v 43.3255 -43.9829 132.084
v 42.9657 -44.8473 132.101
v 42.9638 -45.7832 132.132
v 43.3203 -46.6482 132.172
v 43.9807 -47.3106 132.216
v 44.8447 -47.6695 132.257
v 45.7806 -47.6703 132.288
v 46.646 -47.3129 132.304
v 47.3091 -46.6517 132.304
v 47.669 -45.7874 132.288
v 47.6709 -44.8515 132.257
v 47.3144 -43.9865 132.216
v 46.6539 -43.3241 132.173
v 45.79 -42.9651 132.132
v 44.854 -42.9643 132.101
v 43.9886 -43.3217 132.084
f 4273 4289 4290 4274
f 4274 4290 4291 4275
f 4275 4291 4292 4276
f 4276 4292 4293 4277
f 4277 4293 4294 4278
f 4278 4294 4295 4279
f 4279 4295 4296 4280
f 4280 4296 4297 4281
f 4281 4297 4298 4282
f 4282 4298 4299 4283
f 4283 4299 4300 4284
f 4284 4300 4301 4285
f 4285 4301 4302 4286
f 4286 4302 4303 4287
f 4287 4303 4304 4288
f 4288 4304 4289 4273
g gantry_3
v 45.8557 -44.6661 131.342
v 45.4533 -45.0282 131.038
v 45.0144 -45.4678 131.043
v 44.6567 -45.867 131.357
v 44.476 -46.119 131.895
v 44.5208 -46.1562 132.514
v 44.7789 -45.9685 133.047
v 45.1814 -45.6065 133.351
v 45.6202 -45.1669 133.346
v 45.9779 -44.7676 133.032
v 46.1586 -44.5157 132.494
v 46.1139 -44.4785 131.875
v 0.538405 0.651219 137.342
v 0.135978 0.289123 137.038
v -0.302884 -0.150444 137.043
v -0.660588 -0.549699 137.357
v -0.841288 -0.801663 137.895
v -0.796566 -0.838822 138.514
v -0.538405 -0.651219 139.047
v -0.135978 -0.289123 139.351
v 0.302884 0.150444 139.346
v 0.660588 0.549699 139.032
v 0.841288 0.801663 138.494
v 0.796566 0.838822 137.875
f 4305 4317 4318 4306
f 4306 4318 4319 4307
f 4307 4319 4320 4308
f 4308 4320 4321 4309
f 4309 4321 4322 4310
f 4310 4322 4323 4311
f 4311 4323 4324 4312
f 4312 4324 4325 4313
f 4313 4325 4326 4314
f 4314 4326 4327 4315
f 4315 4327 4328 4316
f 4316 4328 4317 4305
g drop_shaft
v 0.427505 -0.259306 138.194
v 0.240577 -0.438318 138.194
v -0.0108133 -0.499883 138.194
v -0.259306 -0.427505 138.194
v -0.438318 -0.240577 138.194
v -0.499883 0.0108133 138.194
v -0.427505 0.259306 138.194
v -0.240577 0.438318 138.194
v 0.0108133 0.499883 138.194
v 0.259306 0.427505 138.194
v 0.438318 0.240577 138.194
v 0.499883 -0.0108133 138.194
v 0.427505 -0.259306 5.02083
v 0.240577 -0.438318 5.02083
v -0.0108133 -0.499883 5.02083
v -0.259306 -0.427505 5.02083
v -0.438318 -0.240577 5.02083
v -0.499883 0.0108133 5.02083
v -0.427505 0.259306 5.02083
v -0.240577 0.438318 5.02083
v 0.0108133 0.499883 5.02083
v 0.259306 0.427505 5.02083
v 0.438318 0.240577 5.02083
v 0.499883 -0.0108133 5.02083
f 4329 4341 4342 4330
f 4330 4342 4343 4331
f 4331 4343 4344 4332
f 4332 4344 4345 4333
f 4333 4345 4346 4334
f 4334 4346 4347 4335
f 4335 4347 4348 4336
f 4336 4348 4349 4337
f 4337 4349 4350 4338
f 4338 4350 4351 4339
f 4339 4351 4352 4340
f 4340 4352 4341 4329
g jones_coil_3_1
v -66.2555 40.1684 0.0168509
v -66.148 40.0308 -0.511286
v -65.7845 39.773 -0.844129
v -65.3038 39.4934 -0.854544
v -64.8895 39.2987 -0.538552
v -64.6998 39.2635 -0.0168509
v -64.8072 39.4011 0.511286
v -65.1707 39.6589 0.844129
v -65.6514 39.9385 0.854544
v -66.0658 40.1331 0.538552
v -67.6091 37.8254 0.380816
v -67.5142 37.7012 -0.153017
v -67.1527 37.463 -0.502222
v -66.6627 37.2016 -0.533414
v -66.2314 37.0169 -0.23468
v -66.0235 36.9794 0.279875
v -66.1184 37.1035 0.813707
v -66.4799 37.3418 1.16291
v -66.9699 37.6032 1.1941
v -67.4012 37.7879 0.89537
v -68.8634 35.4283 0.74363
v -68.7819 35.3166 0.204863
v -68.4238 35.0977 -0.16014
v -67.9259 34.8552 -0.21196
v -67.4784 34.6817 0.0691978
v -67.2522 34.6435 0.575939
v -67.3338 34.7551 1.11471
v -67.6919 34.974 1.47971
v -68.1898 35.2166 1.53153
v -68.6373 35.3901 1.25037
v -70.0162 32.9819 1.10423
v -69.9487 32.8816 0.561301
v -69.5953 32.6817 0.181128
v -69.0909 32.4586 0.10893
v -68.6282 32.2976 0.372284
v -68.384 32.26 0.870598
v -68.4514 32.3603 1.41353
v -68.8049 32.5602 1.7937
v -69.3093 32.7833 1.8659
v -69.772 32.9444 1.60255
v -71.0655 30.4911 1.46158
v -71.0126 30.4009 0.915246
v -70.6651 30.2197 0.520586
v -70.1556 30.0165 0.42835
v -69.6787 29.869 0.673769
v -69.4167 29.8335 1.1631
v -69.4695 29.9236 1.70944
v -69.817 30.1049 2.1041
v -70.3265 30.3081 2.19633
v -70.8034 30.4556 1.95091
v -72.0094 27.9606 1.81464
v -71.9717 27.8795 1.26566
v -71.6312 27.7163 0.857235
v -71.118 27.5333 0.745387
v -70.6281 27.4005 0.972832
v -70.3486 27.3686 1.45269
v -70.3863 27.4497 2.00168
v -70.7268 27.6129 2.4101
v -71.2401 27.7958 2.52195
v -71.73 27.9287 2.29451
v -72.8468 25.3956 2.16241
v -72.8244 25.3222 1.6115
v -72.4919 25.1764 1.19008
v -71.9763 25.014 1.05912
v -71.4745 24.8969 1.26864
v -71.1783 24.8698 1.73862
v -71.2006 24.9432 2.28954
v -71.5331 25.0889 2.71096
v -72.0487 25.2514 2.84192
v -72.5505 25.3685 2.63239
v -73.5764 22.801 2.50392
v -73.5695 22.7341 1.95176
v -73.2459 22.6051 1.51812
v -72.7292 22.4633 1.36862
v -72.2168 22.3628 1.56037
v -71.9045 22.342 2.02013
v -71.9114 22.4089 2.57228
v -72.235 22.5379 3.00593
v -72.7516 22.6797 3.15543
v -73.264 22.7802 2.96368
v -74.1974 20.1819 2.83821
v -74.2059 20.1203 2.28546
v -73.892 20.0073 1.84038
v -73.3756 19.8862 1.67297
v -72.8539 19.8032 1.84717
v -72.5262 19.7899 2.29645
v -72.5177 19.8515 2.84919
v -72.8316 19.9645 3.29427
v -73.3481 20.0856 3.46168
v -73.8697 20.1686 3.28748
v -74.7094 17.5434 3.16437
v -74.7332 17.4858 2.61164
v -74.4296 17.3881 2.15591
v -73.9146 17.2877 1.97126
v -73.3849 17.2228 2.12821
v -73.0429 17.2183 2.56682
v -73.0191 17.2759 3.11955
v -73.3227 17.3736 3.57528
v -73.8377 17.474 3.75993
v -74.3674 17.5389 3.60298
v -75.1121 14.8906 3.48152
v -75.1509 14.8358 2.92935
v -74.8581 14.7526 2.46376
v -74.3458 14.6727 2.26258
v -73.8094 14.6266 2.40266
v -73.454 14.632 2.83049
v -73.4153 14.6867 3.38266
v -73.708 14.77 3.84826
v -74.2204 14.8499 4.04944
v -74.7567 14.896 3.90936
v -75.4056 12.2285 3.78883
v -75.459 12.1754 3.23771
v -75.1775 12.1058 2.76301
v -74.6688 12.0462 2.54604
v -74.1272 12.0195 2.66968
v -73.7595 12.0357 3.08671
v -73.7061 12.0888 3.63782
v -73.9876 12.1585 4.11253
v -74.4963 12.218 4.32949
v -75.0379 12.2448 4.20585
v -75.5903 9.56213 4.08549
v -75.6577 9.50961 3.53586
v -75.3879 9.45275 3.05279
v -74.8839 9.41328 2.82079
v -74.3383 9.40626 2.92848
v -73.9594 9.43439 3.33473
v -73.8919 9.48691 3.88435
v -74.1618 9.54376 4.36742
v -74.6658 9.58324 4.59942
v -75.2114 9.59025 4.49173
v -75.6668 6.89636 4.37074
v -75.7477 6.84337 3.82298
v -75.4897 6.79846 3.33225
v -74.9914 6.77877 3.08599
v -74.443 6.79183 3.17826
v -74.0541 6.83264 3.57382
v -73.9732 6.88562 4.12158
v -74.2312 6.93054 4.61231
v -74.7295 6.95023 4.85857
v -75.2779 6.93717 4.7663
v -75.636 4.23602 4.64385
v -75.7297 4.18162 4.09828
v -75.4837 4.14783 3.60057
v -74.9919 4.14757 3.34082
v -74.442 4.18093 3.41824
v -74.0443 4.23517 3.80327
v -73.9505 4.28958 4.34884
v -74.1966 4.32337 4.84655
v -74.6884 4.32363 5.1063
v -75.2382 4.29027 5.02888
v -75.499 1.58586 4.90414
v -75.6049 1.52914 4.36104
v -75.3708 1.50568 3.85698
v -74.8863 1.52444 3.5845
v -74.3363 1.57826 3.64769
v -73.9309 1.64657 4.02239
v -73.825 1.70329 4.5655
v -74.0591 1.72675 5.06955
v -74.5436 1.70799 5.34203
v -75.0936 1.65417 5.27885
v -75.2572 -1.04954 5.15097
v -75.3745 -1.10938 4.61054
v -75.1524 -1.12327 4.10075
v -74.6759 -1.08592 3.81631
v -74.1269 -1.01158 3.86587
v -73.7151 -0.928656 4.23051
v -73.5978 -0.868821 4.77094
v -73.8199 -0.854929 5.28073
v -74.2964 -0.892286 5.56517
v -74.8454 -0.966622 5.51561
v -74.9123 -3.66571 5.38374
v -75.0401 -3.72939 4.84615
v -74.83 -3.73444 4.33118
v -74.3621 -3.67895 4.03552
v -73.8152 -3.58411 4.07211
v -73.3982 -3.48614 4.42697
v -73.2704 -3.42246 4.96456
v -73.4806 -3.4174 5.47953
v -73.9485 -3.4729 5.77519
v -74.4953 -3.56774 5.7386
v -74.4661 -6.25833 5.60188
v -74.6036 -6.32648 5.06726
v -74.4052 -6.3234 4.54763
v -73.9466 -6.25025 4.24148
v -73.403 -6.13498 4.26575
v -72.982 -6.02161 4.61117
v -72.8444 -5.95345 5.14579
v -73.0429 -5.95654 5.66542
v -73.5015 -6.02969 5.97157
v -74.0451 -6.14496 5.9473
v -73.9206 -8.82323 5.80488
v -74.067 -8.89643 5.27329
v -73.8802 -8.88585 4.7495
v -73.4314 -8.79553 4.43357
v -72.892 -8.65998 4.44618
v -72.4682 -8.53097 4.78252
v -72.3218 -8.45777 5.31411
v -72.5086 -8.46835 5.8379
v -72.9574 -8.55867 6.15383
v -73.4968 -8.69422 6.14122
v -73.2781 -11.3564 5.99226
v -73.4326 -11.4352 5.46374
v -73.257 -11.4177 4.93623
v -72.8185 -11.3107 4.61121
v -72.2845 -11.1551 4.61283
v -71.8589 -11.0102 4.94047
v -71.7045 -10.9315 5.46898
v -71.88 -10.949 5.9965
v -72.3185 -11.056 6.32152
v -72.8525 -11.2116 6.3199
v -72.541 -13.8542 6.16357
v -72.7026 -13.9388 5.63813
v -72.5382 -13.915 5.10731
v -72.1103 -13.7918 4.77387
v -71.5826 -13.6164 4.76516
v -71.1565 -13.4557 5.08452
v -70.9948 -13.371 5.60995
v -71.1592 -13.3948 6.14078
v -71.5871 -13.518 6.47422
v -72.1148 -13.6934 6.48293
v -71.7118 -16.3128 6.31844
v -71.8799 -16.4036 5.79604
v -71.7262 -16.374 5.26229
v -71.3094 -16.2352 4.92106
v -70.7888 -16.0403 4.90269
v -70.3631 -15.8636 5.21418
v -70.1951 -15.7728 5.73658
v -70.3488 -15.8024 6.27033
v -70.7656 -15.9412 6.61156
v -71.2862 -16.1361 6.62993
v -70.7934 -18.7288 6.45649
v -70.967 -18.8262 5.93709
v -70.8238 -18.7912 5.40076
v -70.4184 -18.6373 5.05236
v -69.9057 -18.4232 5.02497
v -69.4816 -18.2307 5.32905
v -69.308 -18.1334 5.84845
v -69.4513 -18.1683 6.38478
v -69.8566 -18.3223 6.73318
v -70.3693 -18.5364 6.76058
v -69.7885 -21.0992 6.57744
v -69.9669 -21.2032 6.06094
v -69.8338 -21.1633 5.52234
v -69.4401 -20.9948 5.16737
v -68.9362 -20.7619 5.13161
v -68.5146 -20.5537 5.42872
v -68.3363 -20.4497 5.94522
v -68.4694 -20.4896 6.48382
v -68.863 -20.6582 6.83879
v -69.3669 -20.891 6.87455
v -68.7002 -23.4209 6.68101
v -68.8825 -23.5316 6.16731
v -68.7593 -23.4872 5.62673
v -68.3776 -23.3045 5.26575
v -67.8832 -23.0533 5.22226
v -67.465 -22.8296 5.51286
v -67.2827 -22.7188 6.02656
v -67.4059 -22.7632 6.56714
v -67.7877 -22.9459 6.92812
v -68.282 -23.1971 6.97161
v -67.5315 -25.691 6.76699
v -67.717 -25.8086 6.25597
v -67.6033 -25.76 5.71367
v -67.2338 -25.5636 5.34723
v -66.7496 -25.2946 5.29662
v -66.3357 -25.0556 5.58117
v -66.1502 -24.9379 6.09219
v -66.2639 -24.9866 6.63449
v -66.6335 -25.1829 7.00093
v -67.1176 -25.452 7.05154
v -66.2856 -27.9071 6.8352
v -66.4736 -28.0315 6.32671
v -66.3691 -27.979 5.78293
v -66.0119 -27.7695 5.41156
v -65.5385 -27.483 5.35444
v -65.1298 -27.2291 5.63341
v -64.9418 -27.1046 6.14189
v -65.0463 -27.1571 6.68567
v -65.4035 -27.3667 7.05704
v -65.8769 -27.6531 7.11416
v -64.9657 -30.0668 6.8855
v -65.1555 -30.198 6.37941
v -65.0598 -30.1418 5.83436
v -64.7152 -29.9196 5.45855
v -64.2532 -29.6163 5.39553
v -63.8504 -29.3477 5.66936
v -63.6606 -29.2164 6.17546
v -63.7563 -29.2726 6.72051
v -64.1009 -29.4948 7.09631
v -64.5629 -29.7982 7.15934
v -63.5751 -32.1679 6.91783
v -63.7661 -32.3058 6.41396
v -63.6789 -32.2462 5.86784
v -63.3469 -32.0118 5.48808
v -62.8969 -31.6921 5.41973
v -62.5007 -31.4093 5.68889
v -62.3097 -31.2713 6.19276
v -62.3969 -31.331 6.73888
v -62.7289 -31.5654 7.11864
v -63.1789 -31.8851 7.187
v -62.117 -34.2086 6.93214
v -62.3086 -34.3531 6.43032
v -62.2297 -34.2902 5.88331
v -61.9104 -34.0441 5.50005
v -61.4728 -33.7086 5.42694
v -61.084 -33.4119 5.69189
v -60.8924 -33.2675 6.19371
v -60.9713 -33.3303 6.74071
v -61.2906 -33.5765 7.12397
v -61.7282 -33.912 7.19709
v -60.5948 -36.1872 6.92843
v -60.7864 -36.338 6.42849
v -60.7154 -36.2721 5.88075
v -60.4091 -36.0146 5.49444
v -59.9843 -35.6639 5.41711
v -59.6034 -35.3539 5.67829
v -59.4119 -35.2031 6.17824
v -59.4828 -35.269 6.72597
v -59.7892 -35.5264 7.11229
v -60.2139 -35.8772 7.18962
v -59.0119 -38.1021 6.90677
v -59.2029 -38.2591 6.40852
v -59.1396 -38.1903 5.8602
v -58.8462 -37.922 5.47125
v -58.4347 -37.5566 5.39024
v -58.0623 -37.2337 5.6481
v -57.8713 -37.0767 6.14635
v -57.9346 -37.1455 6.69467
v -58.228 -37.4139 7.08362
v -58.6395 -37.7793 7.16463
v -57.3715 -39.9522 6.86724
v -57.5614 -40.1151 6.37051
v -57.5055 -40.0435 5.82174
v -57.2251 -39.7647 5.43056
v -56.8273 -39.3852 5.34638
v -56.4639 -39.05 5.60136
v -56.274 -38.887 6.09809
v -56.3299 -38.9587 6.64686
v -56.6103 -39.2375 7.03804
v -57.0081 -39.6169 7.12222
v -55.6768 -41.7363 6.81001
v -55.8654 -41.9049 6.3146
v -55.8166 -41.8306 5.76551
v -55.5492 -41.5417 5.37249
v -55.1653 -41.1487 5.28564
v -54.8115 -40.8017 5.53815
v -54.6229 -40.6331 6.03356
v -54.6717 -40.7074 6.58264
v -54.9391 -40.9962 6.97567
v -55.323 -41.3892 7.06252
v -53.9313 -43.4535 6.73526
v -54.1179 -43.6274 6.24099
v -54.076 -43.5505 5.69169
v -53.8216 -43.2521 5.29719
v -53.4519 -42.8462 5.20816
v -53.1081 -42.4878 5.45861
v -52.9215 -42.3138 5.95288
v -52.9633 -42.3908 6.50218
v -53.2177 -42.6892 6.89668
v -53.5874 -43.0951 6.98571
v -52.1379 -45.1031 6.64322
v -52.3223 -45.2822 6.14991
v -52.2871 -45.2027 5.60051
v -52.0457 -44.895 5.20489
v -51.6905 -44.4768 5.11414
v -51.3569 -44.1077 5.36294
v -51.1726 -43.9287 5.85625
v -51.2078 -44.0081 6.40565
v -51.4491 -44.3158 6.80128
v -51.8044 -44.734 6.89202
v -50.2999 -46.6847 6.53419
v -50.4816 -46.8684 6.04165
v -50.4529 -46.7864 5.49225
v -50.2246 -46.47 5.09583
v -49.8839 -46.04 5.00382
v -49.5611 -45.6607 5.25136
v -49.3793 -45.477 5.74389
v -49.4081 -45.559 6.29329
v -49.6364 -45.8754 6.68971
v -49.977 -46.3054 6.78172
v -48.4202 -48.1977 6.40848
v -48.5991 -48.3859 5.91654
v -48.5766 -48.3015 5.36722
v -48.3613 -47.9766 4.97034
v -48.0354 -47.5355 4.8775
v -47.7235 -47.1465 5.12414
v -47.5447 -46.9584 5.61608
v -47.5672 -47.0428 6.1654
v -47.7825 -47.3677 6.56228
v -48.1083 -47.8088 6.65512
v -46.5019 -49.6421 6.26646
v -46.6776 -49.8344 5.77496
v -46.6611 -49.7475 5.22581
v -46.4587 -49.4146 4.82877
v -46.1478 -48.9629 4.7355
v -45.8471 -48.5649 4.98162
v -45.6715 -48.3726 5.47313
v -45.688 -48.4595 6.02228
v -45.8903 -48.7924 6.41932
v -46.2012 -49.2441 6.51259
v -44.5478 -51.0177 6.10856
v -44.72 -51.2137 5.61731
v -44.7093 -51.1244 5.06841
v -44.5199 -50.7838 4.67151
v -44.2241 -50.3221 4.57822
v -43.9348 -49.9156 4.82417
v -43.7626 -49.7196 5.31541
v -43.7732 -49.809 5.86432
v -43.9626 -50.1495 6.26122
v -44.2585 -50.6112 6.35451
v -42.5606 -52.3246 5.93522
v -42.7291 -52.524 5.44407
v -42.7241 -52.4322 4.89548
v -42.5475 -52.0843 4.499
v -42.2668 -51.6132 4.40607
v -41.9891 -51.1988 4.65218
v -41.8206 -50.9994 5.14333
v -41.8255 -51.0912 5.69192
v -42.0021 -51.4391 6.0884
v -42.2829 -51.9102 6.18133
v -40.5429 -53.5629 5.74693
v -40.7076 -53.7653 5.25573
v -40.7081 -53.6711 4.70753
v -40.5443 -53.3163 4.31173
v -40.2787 -52.8363 4.21952
v -40.0128 -52.4146 4.46612
v -39.8481 -52.2121 4.95733
v -39.8475 -52.3063 5.50552
v -40.0114 -52.6612 5.90132
v -40.2769 -53.1411 5.99353
v -38.4972 -54.7328 5.54424
v -38.6579 -54.938 5.05282
v -38.6638 -54.8414 4.50508
v -38.5127 -54.4799 4.11022
v -38.2623 -53.9917 4.01908
v -38.0082 -53.5632 4.26647
v -37.8476 -53.358 4.75789
v -37.8417 -53.4546 5.30563
v -37.9928 -53.816 5.70049
v -38.2432 -54.3043 5.79163
v -36.4261 -55.8348 5.32771
v -36.5826 -56.0424 4.83594
v -36.5936 -55.9434 4.2887
v -36.4551 -55.5756 3.89503
v -36.2199 -55.0796 3.80529
v -35.9778 -54.6448 4.05377
v -35.8214 -54.4373 4.54554
v -35.8103 -54.5363 5.09278
v -35.9488 -54.904 5.48645
v -36.184 -55.4 5.57618
v -34.3317 -56.8693 5.09795
v -34.4838 -57.0789 4.60569
v -34.4999 -56.9774 4.05902
v -34.3739 -56.6038 3.66676
v -34.1539 -56.1005 3.57874
v -33.9238 -55.66 3.82858
v -33.7717 -55.4505 4.32085
v -33.7556 -55.5519 4.86751
v -33.8816 -55.9256 5.25977
v -34.1016 -56.4288 5.34779
v -32.2161 -57.8367 4.8556
v -32.3638 -58.048 4.36271
v -32.3849 -57.9441 3.81667
v -32.2712 -57.5648 3.42605
v -32.0663 -57.0549 3.34005
v -31.8484 -56.6092 3.59152
v -31.7007 -56.3979 4.08441
v -31.6796 -56.5018 4.63045
v -31.7933 -56.8811 5.02107
v -31.9982 -57.391 5.10707
v -30.0814 -58.7376 4.60134
v -30.2246 -58.9502 4.1077
v -30.2504 -58.8439 3.56234
v -30.1491 -58.4593 3.17356
v -29.9592 -57.9432 3.08986
v -29.7535 -57.4928 3.34322
v -29.6103 -57.2801 3.83685
v -29.5845 -57.3864 4.38222
v -29.6858 -57.7711 4.771
v -29.8756 -58.2872 4.8547
v -27.9296 -59.5725 4.33587
v -28.0681 -59.7862 3.84136
v -28.0985 -59.6774 3.29672
v -28.0094 -59.2877 2.90998
v -27.8346 -58.7659 2.82886
v -27.6409 -58.3114 3.08435
v -27.5024 -58.0976 3.57885
v -27.472 -58.2064 4.12349
v -27.5611 -58.5961 4.51023
v -27.7359 -59.1179 4.59135
v -25.7622 -60.342 4.05992
v -25.896 -60.5564 3.56443
v -25.931 -60.4452 3.02057
v -25.8539 -60.0507 2.63606
v -25.6941 -59.5237 2.55777
v -25.5126 -59.0655 2.81562
v -25.3788 -58.851 3.3111
v -25.3438 -58.9623 3.85497
v -25.421 -59.3567 4.23948
v -25.5808 -59.8837 4.31777
v -23.5812 -61.0466 3.77426
v -23.7101 -61.2615 3.27769
v -23.7495 -61.1478 2.73463
v -23.6843 -60.7488 2.35253
v -23.5394 -60.2171 2.27733
v -23.3701 -59.7557 2.53775
v -23.2412 -59.5408 3.03433
v -23.2018 -59.6545 3.57738
v -23.267 -60.0534 3.95948
v -23.4119 -60.5852 4.03468
v -21.3878 -61.687 3.47967
v -21.5119 -61.902 2.98191
v -21.5556 -61.7858 2.43972
v -21.5021 -61.3827 2.0602
v -21.3721 -60.8467 1.98831
v -21.215 -60.3825 2.25152
v -21.0909 -60.1675 2.74928
v -21.0473 -60.2837 3.29147
v -21.1007 -60.6869 3.67099
v -21.2308 -61.2229 3.74288
v -19.1837 -62.2637 3.17696
v -19.3028 -62.4786 2.67791
v -19.3506 -62.3598 2.13662
v -19.3089 -61.9527 1.75985
v -19.1936 -61.4129 1.6915
v -19.0487 -60.9465 1.95769
v -18.9296 -60.7316 2.45674
v -18.8817 -60.8504 2.99803
v -18.9235 -61.2575 3.37481
v -19.0388 -61.7973 3.44315
v -16.9701 -62.7773 2.86696
v -17.0842 -62.9917 2.36653
v -17.1361 -62.8703 1.82618
v -17.1059 -62.4596 1.45231
v -17.0052 -61.9163 1.38773
v -16.8725 -61.4481 1.65709
v -16.7584 -61.2338 2.15752
v -16.7066 -61.3551 2.69786
v -16.7367 -61.7659 3.07173
v -16.8374 -62.3091 3.13632
v -14.7483 -63.2282 2.5505
v -14.8573 -63.4418 2.04861
v -14.9131 -63.3178 1.50925
v -14.8944 -62.9036 1.13844
v -14.8083 -62.3574 1.07782
v -14.6878 -61.8879 1.35053
v -14.5788 -61.6743 1.85243
v -14.523 -61.7983 2.39179
v -14.5417 -62.2125 2.7626
v -14.6277 -62.7586 2.82322
v -12.5194 -63.6169 2.22846
v -12.6233 -63.8294 1.72502
v -12.6829 -63.7027 1.18669
v -12.6756 -63.2854 0.819088
v -12.604 -62.7367 0.762629
v -12.4956 -62.2662 1.03888
v -12.3918 -62.0537 1.54232
v -12.3322 -62.1803 2.08065
v -12.3395 -62.5977 2.44825
v -12.411 -63.1464 2.50471
v -10.2846 -63.9437 1.9017
v -10.3832 -64.1548 1.39664
v -10.4466 -64.0255 0.859377
v -10.4505 -63.6051 0.495131
v -10.3935 -63.0543 0.443032
v -10.2972 -62.5834 0.72298
v -10.1986 -62.3723 1.22804
v -10.1352 -62.5016 1.76531
v -10.1313 -62.922 2.12955
v -10.1883 -63.4728 2.18165
v -8.04476 -64.209 1.57111
v -8.13817 -64.4185 1.06435
v -8.20522 -64.2864 0.5282
v -8.22031 -63.8633 0.167458
v -8.17767 -63.3107 0.119911
v -8.09359 -62.8398 0.403722
v -8.00018 -62.6304 0.910485
v -7.93313 -62.7624 1.44663
v -7.91804 -63.1856 1.80737
v -7.96068 -63.7381 1.85492
v -5.80097 -64.4131 1.23757
v -5.88909 -64.6205 0.729044
v -5.95974 -64.4857 0.194059
v -5.98593 -64.06 -0.163035
v -5.95766 -63.5061 -0.205839
v -5.88573 -63.0356 0.0819957
v -5.79761 -62.8282 0.590526
v -5.72697 -62.9631 1.12551
v -5.70078 -63.3888 1.4826
v -5.72905 -63.9426 1.52541
v -3.55413 -64.5561 0.90199
v -3.63692 -64.7612 0.391625
v -3.7111 -64.6235 -0.142146
v -3.74833 -64.1955 -0.495442
v -3.7344 -63.6407 -0.533315
v -3.67462 -63.1711 -0.241299
v -3.59183 -62.966 0.269065
v -3.51766 -63.1037 0.802837
v -3.48043 -63.5317 1.15613
v -3.49436 -64.0865 1.19401
v -1.30514 -64.6382 0.565254
v -1.38257 -64.8406 0.0529936
v -1.46023 -64.6999 -0.479509
v -1.50846 -64.2698 -0.828855
v -1.50884 -63.7145 -0.861607
v -1.46122 -63.2462 -0.565254
v -1.38379 -63.0438 -0.0529936
v -1.30613 -63.1845 0.479509
v -1.2579 -63.6146 0.828855
v -1.25752 -64.1699 0.861607
v 0.945114 -64.6593 0.228264
v 0.873063 -64.8588 -0.285949
v 0.791945 -64.715 -0.817121
v 0.732745 -64.2829 -1.16236
v 0.718075 -63.7275 -1.1898
v 0.753538 -63.261 -0.888955
v 0.82559 -63.0616 -0.374741
v 0.906707 -63.2053 0.15643
v 0.965908 -63.6374 0.50167
v 0.980578 -64.1928 0.529108
v 3.19576 -64.6194 -0.108085
v 3.12909 -64.8155 -0.624305
v 3.04452 -64.6686 -1.15408
v 2.97437 -64.2348 -1.49505
v 2.94541 -63.6797 -1.51697
v 2.96871 -63.2155 -1.21148
v 3.03538 -63.0194 -0.695265
v 3.11995 -63.1663 -0.165493
v 3.1901 -63.6001 0.175477
v 3.21906 -64.1552 0.197404
v 5.44589 -64.5184 -0.442905
v 5.3846 -64.7108 -0.96118
v 5.29658 -64.5607 -1.48948
v 5.21545 -64.1253 -1.826
v 5.17221 -63.571 -1.84222
v 5.18336 -63.1095 -1.53193
v 5.24465 -62.917 -1.01365
v 5.33267 -63.0672 -0.485356
v 5.4138 -63.5026 -0.148829
v 5.45704 -64.0569 -0.132615
v 7.69461 -64.3561 -0.775315
v 7.63866 -64.5444 -1.29569
v 7.54715 -64.3909 -1.82242
v 7.45503 -63.9541 -2.15432
v 7.39748 -63.401 -2.16462
v 7.39649 -62.9427 -1.84937
v 7.45244 -62.7544 -1.32899
v 7.54395 -62.9079 -0.802258
v 7.63607 -63.3446 -0.470358
v 7.69362 -63.8978 -0.460067
v 9.94097 -64.1321 -1.10444
v 9.89032 -64.316 -1.62696
v 9.79526 -64.1589 -2.15203
v 9.69209 -63.721 -2.47911
v 9.62022 -63.1695 -2.48326
v 9.6071 -62.715 -2.16289
v 9.65775 -62.5311 -1.64038
v 9.75281 -62.6881 -1.11531
v 9.85598 -63.126 -0.788227
v 9.92785 -63.6776 -0.784079
v 12.184 -63.8461 -1.42944
v 12.1385 -64.0251 -1.95412
v 12.0398 -63.8645 -2.47743
v 11.9256 -63.4256 -2.79947
v 11.8393 -62.8761 -2.79725
v 11.8141 -62.4259 -2.4716
v 11.8596 -62.2469 -1.94692
v 11.9583 -62.4075 -1.42361
v 12.0725 -62.8464 -1.10156
v 12.1588 -63.3959 -1.10379
v 14.4226 -63.4977 -1.74945
v 14.3823 -63.6714 -2.27633
v 14.2798 -63.507 -2.79775
v 14.1543 -63.0674 -3.11453
v 14.0537 -62.5204 -3.10569
v 14.0165 -62.075 -2.77459
v 14.0568 -61.9013 -2.24772
v 14.1592 -62.0657 -1.7263
v 14.2847 -62.5053 -1.40951
v 14.3853 -63.0523 -1.41836
v 16.6557 -63.0864 -2.06366
v 16.6204 -63.2543 -2.59276
v 16.514 -63.0861 -3.11214
v 16.3771 -62.6459 -3.42342
v 16.2621 -62.1019 -3.40771
v 16.2129 -61.6619 -3.07099
v 16.2482 -61.4939 -2.54189
v 16.3546 -61.6622 -2.02251
v 16.4914 -62.1024 -1.71123
v 16.6064 -62.6464 -1.72695
v 18.8821 -62.6116 -2.37127
v 18.8515 -62.7733 -2.90259
v 18.741 -62.601 -3.41979
v 18.5927 -62.1605 -3.7253
v 18.4633 -61.62 -3.70243
v 18.4022 -61.186 -3.35992
v 18.4327 -61.0243 -2.82859
v 18.5432 -61.1966 -2.3114
v 18.6915 -61.6371 -2.00589
v 18.8209 -62.1776 -2.02876
v 21.1005 -62.0727 -2.67149
v 21.0745 -62.2278 -3.20505
v 20.9597 -62.0513 -3.71987
v 20.7998 -61.6107 -4.01932
v 20.6559 -61.0742 -3.98901
v 20.583 -60.6469 -3.64052
v 20.6089 -60.4918 -3.10697
v 20.7238 -60.6683 -2.59214
v 20.8837 -61.1089 -2.29269
v 21.0276 -61.6454 -2.323
v 23.3095 -61.4692 -2.96357
v 23.2879 -61.6171 -3.49935
v 23.1684 -61.4362 -4.01161
v 22.9967 -60.9958 -4.30468
v 22.8383 -60.4639 -4.26662
v 22.7538 -60.0438 -3.91197
v 22.7754 -59.896 -3.37618
v 22.8949 -60.0768 -2.86393
v 23.0667 -60.5173 -2.57085
v 23.225 -61.0491 -2.60892
v 25.5077 -60.8003 -3.24678
v 25.4901 -60.9405 -3.78477
v 25.3656 -60.7552 -4.29424
v 25.1819 -60.3151 -4.58059
v 25.0091 -59.7884 -4.53445
v 24.9131 -59.3763 -4.17343
v 24.9308 -59.2361 -3.63544
v 25.0552 -59.4214 -3.12597
v 25.2389 -59.8615 -2.83962
v 25.4118 -60.3882 -2.88577
v 27.6935 -60.0654 -3.52043
v 27.6794 -60.1974 -4.0606
v 27.5497 -60.0074 -4.56703
v 27.3537 -59.5681 -4.84628
v 27.1664 -59.0472 -4.7917
v 27.0593 -58.6437 -4.42412
v 27.0733 -58.5117 -3.88396
v 27.2031 -58.7017 -3.37753
v 27.399 -59.141 -3.09827
v 27.5864 -59.6619 -3.15286
v 29.865 -59.2638 -3.78385
v 29.8542 -59.387 -4.32615
v 29.7187 -59.1923 -4.82925
v 29.5102 -58.754 -5.10101
v 29.3085 -58.2396 -5.03761
v 29.1905 -57.8454 -4.66327
v 29.2013 -57.7222 -4.12098
v 29.3369 -57.9169 -3.61787
v 29.5453 -58.3552 -3.34611
v 29.7471 -58.8696 -3.40951
v 32.0206 -58.3947 -4.03641
v 32.0124 -58.5088 -4.58077
v 31.8707 -58.3092 -5.08025
v 31.6495 -57.8723 -5.34406
v 31.4334 -57.365 -5.27144
v 31.3049 -56.9809 -4.89012
v 31.3131 -56.8669 -4.34576
v 31.4548 -57.0665 -3.84629
v 31.676 -57.5034 -3.58248
v 31.8921 -58.0107 -3.6551
v 34.1583 -57.4577 -4.27751
v 34.1522 -57.5619 -4.82385
v 34.0036 -57.3574 -5.31935
v 33.7695 -56.9223 -5.57474
v 33.5391 -56.4228 -5.49247
v 33.4004 -56.0496 -5.10397
v 33.4065 -55.9454 -4.55763
v 33.555 -56.1499 -4.06213
v 33.7892 -56.585 -3.80674
v 34.0196 -57.0845 -3.889
v 36.2758 -56.452 -4.50658
v 36.2711 -56.5459 -5.0548
v 36.1153 -56.3364 -5.54594
v 35.8678 -55.9035 -5.7924
v 35.6233 -55.4125 -5.70003
v 35.475 -55.051 -5.30413
v 35.4797 -54.9571 -4.7559
v 35.6355 -55.1666 -4.26477
v 35.883 -55.5995 -4.01831
v 36.1276 -56.0905 -4.11068
v 38.3711 -55.3771 -4.72312
v 38.3671 -55.4602 -5.27309
v 38.2033 -55.2456 -5.75944
v 37.9422 -54.8154 -5.9964
v 37.6837 -54.3338 -5.89346
v 37.5264 -53.9848 -5.48993
v 37.5304 -53.9016 -4.93996
v 37.6942 -54.1162 -4.45361
v 37.9552 -54.5464 -4.21665
v 38.2138 -55.028 -4.3196
v 40.4417 -54.2324 -4.92663
v 40.4375 -54.3042 -5.47818
v 40.2651 -54.0846 -5.95928
v 39.9902 -53.6576 -6.18614
v 39.7179 -53.1861 -6.07212
v 39.5522 -52.8504 -5.66077
v 39.5564 -52.7786 -5.10921
v 39.7288 -52.9981 -4.62812
v 40.0037 -53.4252 -4.40126
v 40.276 -53.8966 -4.51528
v 42.4851 -53.0175 -5.11666
v 42.4799 -53.0775 -5.66962
v 42.298 -52.853 -6.14494
v 42.0091 -52.4298 -6.36106
v 41.7233 -51.9694 -6.23544
v 41.55 -51.6477 -5.81606
v 41.5552 -51.5877 -5.26311
v 41.7371 -51.8122 -4.78779
v 42.026 -52.2355 -4.57166
v 42.3118 -52.6959 -4.69728
v 44.4988 -51.7321 -5.29283
v 44.4914 -51.7799 -5.84695
v 44.2994 -51.5506 -6.31593
v 43.9961 -51.1317 -6.52063
v 43.6973 -50.6833 -6.38286
v 43.5171 -50.3765 -5.95526
v 43.5245 -50.3287 -5.40114
v 43.7165 -50.558 -4.93216
v 44.0198 -50.9769 -4.72746
v 44.3186 -51.4254 -4.86522
v 46.4799 -50.3759 -5.45476
v 46.4693 -50.4112 -6.00978
v 46.2664 -50.1772 -6.47179
v 45.9484 -49.7634 -6.66434
v 45.637 -49.3278 -6.51387
v 45.451 -49.0368 -6.07786
v 45.4615 -49.0015 -5.52284
v 45.6645 -49.2355 -5.06083
v 45.9824 -49.6493 -4.86828
v 46.2939 -50.0849 -5.01875
v 48.4255 -48.9487 -5.60213
v 48.4106 -48.9711 -6.15772
v 48.1958 -48.7328 -6.6121
v 47.8631 -48.3249 -6.79172
v 47.5395 -47.9031 -6.62798
v 47.3488 -47.6286 -6.18341
v 47.3636 -47.6062 -5.62783
v 47.5784 -47.8445 -5.17345
v 47.9112 -48.2524 -4.99382
v 48.2347 -48.6742 -5.15757
v 50.3327 -47.4506 -5.73466
v 50.3122 -47.4599 -6.29043
v 50.0846 -47.2176 -6.73645
v 49.737 -46.8164 -6.90234
v 49.402 -46.4094 -6.72475
v 49.2076 -46.1522 -6.2715
v 49.2281 -46.1429 -5.71573
v 49.4556 -46.3852 -5.26971
v 49.8033 -46.7864 -5.10382
v 50.1383 -47.1934 -5.28141
v 52.1982 -45.8817 -5.85208
v 52.1708 -45.8777 -6.40762
v 51.9296 -45.632 -6.84449
v 51.567 -45.2383 -6.99581
v 51.2213 -44.8472 -6.8038
v 51.0246 -44.6079 -6.34179
v 51.0521 -44.6119 -5.78625
v 51.2932 -44.8576 -5.34938
v 51.6559 -45.2513 -5.19806
v 52.0016 -45.6425 -5.39007
v 54.019 -44.2423 -5.9542
v 53.9831 -44.225 -6.509
v 53.7275 -43.9763 -6.93587
v 53.3498 -43.5913 -7.07177
v 52.9943 -43.2169 -6.86478
v 52.7967 -42.9963 -6.39396
v 52.8326 -43.0136 -5.83916
v 53.0882 -43.2622 -5.41229
v 53.4659 -43.6473 -5.27639
v 53.8214 -44.0216 -5.48338
v 55.7916 -42.5328 -6.0408
v 55.7459 -42.5023 -6.59431
v 55.4749 -42.2515 -7.01031
v 55.0823 -41.8761 -7.12989
v 54.7179 -41.5195 -6.90739
v 54.521 -41.318 -6.4278
v 54.5667 -41.3486 -5.87429
v 54.8377 -41.5994 -5.4583
v 55.2303 -41.9748 -5.33871
v 55.5947 -42.3314 -5.56121
v 57.5126 -40.754 -6.11175
v 57.4555 -40.7105 -6.66333
v 57.1684 -40.4582 -7.06751
v 56.7611 -40.0936 -7.16991
v 56.389 -39.7559 -6.93141
v 56.1943 -39.5741 -6.44312
v 56.2514 -39.6176 -5.89154
v 56.5385 -39.8698 -5.48736
v 56.9459 -40.2344 -5.38496
v 57.318 -40.5721 -5.62346
v 59.1786 -38.9065 -6.1669
v 59.1086 -38.8505 -6.71585
v 58.8046 -38.5979 -7.10724
v 58.3828 -38.2452 -7.19158
v 58.0043 -37.9272 -6.93665
v 57.8136 -37.7654 -6.43983
v 57.8836 -37.8215 -5.89088
v 58.1875 -38.0741 -5.49948
v 58.6094 -38.4267 -5.41514
v 58.9879 -38.7447 -5.67007
v 60.7859 -36.9917 -6.20612
v 60.7015 -36.9235 -6.75168
v 60.38 -36.6717 -7.12929
v 59.9442 -36.3323 -7.19473
v 59.5606 -36.0349 -6.92301
v 59.3757 -35.8933 -6.4179
v 59.4601 -35.9614 -5.87235
v 59.7816 -36.2132 -5.49473
v 60.2174 -36.5527 -5.42929
v 60.601 -36.85 -5.70102
v 62.331 -35.0106 -6.22933
v 62.2307 -34.9312 -6.77065
v 61.8911 -34.6813 -7.13349
v 61.442 -34.3564 -7.17924
v 61.0549 -34.0805 -6.89044
v 60.8776 -33.9591 -6.37739
v 60.9779 -34.0385 -5.83607
v 61.3174 -34.2883 -5.47324
v 61.7666 -34.6133 -5.42748
v 62.1537 -34.8891 -5.71628
v 63.8102 -32.9648 -6.23642
v 63.6927 -32.8751 -6.77263
v 63.3346 -32.6286 -7.1197
v 62.8729 -32.3195 -7.14504
v 62.4839 -32.0658 -6.83899
v 62.3161 -31.9644 -6.31845
v 62.4337 -32.0541 -5.78223
v 62.7917 -32.3006 -5.43517
v 63.2534 -32.6098 -5.40983
v 63.6425 -32.8635 -5.71588
v 65.22 -30.8563 -6.22733
v 65.0839 -30.7574 -6.7575
v 64.7072 -30.5158 -7.08783
v 64.2338 -30.2237 -7.09214
v 63.8446 -29.9927 -6.76878
v 63.6882 -29.9111 -6.24128
v 63.8243 -30.01 -5.7111
v 64.201 -30.2516 -5.38078
v 64.6744 -30.5437 -5.37647
v 65.0636 -30.7746 -5.69982
v 66.5567 -28.6869 -6.20197
v 66.4009 -28.5802 -6.72515
v 66.0055 -28.345 -7.03784
v 65.5216 -28.0713 -7.0206
v 65.134 -27.8635 -6.68002
v 64.9908 -27.8011 -6.14619
v 65.1466 -27.9078 -5.62301
v 65.542 -28.1429 -5.31032
v 66.0259 -28.4167 -5.32756
v 66.4135 -28.6244 -5.66814
v 67.8169 -26.459 -6.1603
v 67.6404 -26.346 -6.67553
v 67.2265 -26.119 -6.96976
v 66.7333 -25.8648 -6.93059
v 66.3492 -25.6805 -6.573
v 66.2209 -25.6364 -6.03357
v 66.3974 -25.7494 -5.51834
v 66.8113 -25.9764 -5.22411
v 67.3045 -26.2306 -5.26328
v 67.6886 -26.415 -5.62087
v 68.997 -24.1752 -6.10229
v 68.7991 -24.0576 -6.60862
v 68.3671 -23.8405 -6.88366
v 67.8661 -23.6069 -6.82235
v 67.4873 -23.4461 -6.44811
v 67.3755 -23.4194 -5.90388
v 67.5734 -23.5371 -5.39754
v 68.0054 -23.7542 -5.1225
v 68.5065 -23.9877 -5.18381
v 68.8853 -24.1486 -5.55805
v 70.0938 -21.8384 -6.02791
v 69.874 -21.7179 -6.52445
v 69.4245 -21.5125 -6.77972
v 68.9171 -21.3005 -6.6962
v 68.5455 -21.163 -6.3058
v 68.4517 -21.1525 -5.75763
v 68.6715 -21.273 -5.26109
v 69.121 -21.4785 -5.00582
v 69.6284 -21.6904 -5.08934
v 70 -21.8279 -5.47974
v 71.1041 -19.4516 -5.93719
v 70.8621 -19.3303 -6.42311
v 70.396 -19.1382 -6.65816
v 69.8838 -18.9487 -6.55255
v 69.5212 -18.8342 -6.14662
v 69.4466 -18.8385 -5.59543
v 69.6886 -18.9598 -5.10951
v 70.1547 -19.1519 -4.87446
v 70.6669 -19.3414 -4.98007
v 71.0295 -19.4559 -5.386
v 72.0247 -17.0182 -5.8302
v 71.7606 -16.8981 -6.30475
v 71.2789 -16.721 -6.5193
v 70.7637 -16.5547 -6.39188
v 70.4116 -16.4626 -5.97118
v 70.3573 -16.48 -5.41789
v 70.6214 -16.6002 -4.94333
v 71.1031 -16.7772 -4.72879
v 71.6183 -16.9435 -4.8562
v 71.9704 -17.0356 -5.2769
v 72.853 -14.5418 -5.70705
v 72.567 -14.4249 -6.1696
v 72.071 -14.2644 -6.36354
v 71.5544 -14.1218 -6.21478
v 71.2144 -14.0514 -5.78016
v 71.1811 -14.0801 -5.22567
v 71.467 -14.1971 -4.76312
v 71.9631 -14.3575 -4.56919
v 72.4797 -14.5002 -4.71794
v 72.8196 -14.5706 -5.15257
v 73.5861 -12.0262 -5.56792
v 73.2789 -11.9145 -6.01796
v 72.7699 -11.7721 -6.19135
v 72.2536 -11.6535 -6.02187
v 71.9272 -11.6038 -5.57426
v 71.9153 -11.6421 -5.01947
v 72.2225 -11.7538 -4.56944
v 72.7315 -11.8962 -4.39604
v 73.2478 -12.0148 -4.56552
v 73.5742 -12.0645 -5.01314
v 74.2218 -9.47533 -5.41306
v 73.8941 -9.37094 -5.85022
v 73.3737 -9.24797 -6.00331
v 72.8593 -9.15339 -5.81386
v 72.5475 -9.12332 -5.35423
v 72.5573 -9.16926 -4.79999
v 72.885 -9.27365 -4.36283
v 73.4054 -9.39662 -4.20974
v 73.9198 -9.4912 -4.39919
v 74.2316 -9.52126 -4.85882
v 74.7578 -6.8934 -5.24279
v 74.4106 -6.79823 -5.66684
v 73.8804 -6.69582 -5.80003
v 73.3696 -6.6253 -5.59148
v 73.0733 -6.6136 -5.12086
v 73.1048 -6.66519 -4.56792
v 73.4519 -6.76036 -4.14387
v 73.9822 -6.86277 -4.01068
v 74.493 -6.93329 -4.21923
v 74.7892 -6.94499 -4.68985
v 75.1921 -4.28473 -5.0575
v 74.8267 -4.2006 -5.46837
v 74.2883 -4.11976 -5.5822
v 73.7825 -4.07308 -5.35553
v 73.5025 -4.07839 -4.87493
v 73.5553 -4.13367 -4.32397
v 73.9207 -4.2178 -3.91311
v 74.4591 -4.29864 -3.79928
v 74.9649 -4.34532 -4.02595
v 75.2449 -4.34001 -4.50655
v 75.5231 -1.65376 -4.85768
v 75.1408 -1.58237 -5.25541
v 74.5959 -1.52391 -5.35057
v 74.0965 -1.5007 -5.10681
v 73.8333 -1.52162 -4.61723
v 73.9069 -1.57867 -4.06885
v 74.2891 -1.65006 -3.67112
v 74.834 -1.70852 -3.57596
v 75.3334 -1.73173 -3.81973
v 75.5966 -1.71081 -4.3093
v 75.7491 0.994923 -4.64388
v 75.3515 1.05204 -5.02866
v 74.8018 1.08748 -5.10592
v 74.31 1.08771 -4.84615
v 74.0639 1.05265 -4.34857
v 74.1575 0.995684 -3.80324
v 74.5551 0.938571 -3.41846
v 75.1048 0.903128 -3.3412
v 75.5966 0.902893 -3.60097
v 75.8427 0.937955 -4.09855
v 75.8691 3.65667 -4.41671
v 75.4577 3.69812 -4.78885
v 74.9049 3.71007 -4.84908
v 74.4217 3.68794 -4.57441
v 74.1928 3.64019 -4.06974
v 74.3055 3.58506 -3.52785
v 74.7168 3.54361 -3.15571
v 75.2696 3.53167 -3.09547
v 75.7528 3.55379 -3.37015
v 75.9818 3.60154 -3.87481
v 75.8819 6.32672 -4.17687
v 75.4585 6.35131 -4.53676
v 74.9041 6.33944 -4.5809
v 74.4306 6.29564 -4.29243
v 74.2187 6.23666 -3.78153
v 74.3494 6.18501 -3.24335
v 74.7728 6.16042 -2.88346
v 75.3271 6.17229 -2.83932
v 75.8007 6.21609 -3.12779
v 76.0126 6.27507 -3.63869
v 75.7868 9.00027 -3.92509
v 75.353 9.00695 -4.27323
v 74.7987 8.97109 -4.30225
v 74.3356 8.90639 -4.00106
v 74.1405 8.83757 -3.48472
v 74.288 8.7909 -2.95045
v 74.7218 8.78423 -2.60231
v 75.2761 8.82009 -2.57329
v 75.7393 8.88478 -2.87447
v 75.9343 8.95361 -3.39081
v 75.5833 11.6724 -3.66218
v 75.1409 11.6603 -3.99911
v 74.5881 11.6004 -4.01401
v 74.1361 11.5156 -3.70118
v 73.9575 11.4383 -3.18011
v 74.1205 11.398 -2.64984
v 74.5629 11.4101 -2.3129
v 75.1157 11.47 -2.29801
v 75.5677 11.5548 -2.61084
v 75.7464 11.6321 -3.1319
v 75.2712 14.3383 -3.38896
v 74.8219 14.3067 -3.7153
v 74.272 14.2229 -3.71708
v 73.8316 14.1188 -3.39362
v 73.6689 14.0343 -2.86847
v 73.8461 14.0016 -2.34223
v 74.2954 14.0332 -2.01589
v 74.8453 14.117 -2.01411
v 75.2857 14.2211 -2.33757
v 75.4484 14.3056 -2.86271
v 74.8504 16.993 -3.10632
v 74.3959 16.9413 -3.42271
v 73.8502 16.8337 -3.41237
v 73.422 16.7112 -3.07926
v 73.2746 16.6207 -2.5506
v 73.4645 16.5966 -2.02833
v 73.919 16.6482 -1.71194
v 74.4647 16.7559 -1.72228
v 74.8929 16.8783 -2.0554
v 75.0403 16.9689 -2.58405
v 74.3213 19.6315 -2.81515
v 73.8631 19.5594 -3.12227
v 73.323 19.4283 -3.1008
v 72.9072 19.2882 -2.75894
v 72.7745 19.1927 -2.22728
v 72.9756 19.1782 -1.70889
v 73.4337 19.2503 -1.40178
v 73.9739 19.3814 -1.42325
v 74.3897 19.5215 -1.7651
v 74.5224 19.617 -2.29676
v 73.6842 22.2489 -2.51639
v 73.2241 22.156 -2.81491
v 72.6907 22.0018 -2.78327
v 72.2876 21.8449 -2.43354
v 72.1688 21.7455 -1.89931
v 72.3798 21.7414 -1.38465
v 72.8398 21.8342 -1.08612
v 73.3733 21.9885 -1.11777
v 73.7764 22.1453 -1.4675
v 73.8951 22.2448 -2.00173
v 72.9401 24.8402 -2.21098
v 72.4796 24.7265 -2.50159
v 71.9539 24.5495 -2.4607
v 71.5637 24.3767 -2.1039
v 71.4581 24.2742 -1.56749
v 71.6774 24.2811 -1.05636
v 72.1379 24.3948 -0.765743
v 72.6636 24.5719 -0.806643
v 73.0537 24.7447 -1.16344
v 73.1594 24.8472 -1.69985
v 72.0899 27.4007 -1.89986
v 71.6306 27.2661 -2.18327
v 71.1136 27.0667 -2.134
v 70.7365 26.8788 -1.77089
v 70.6432 26.7741 -1.23263
v 70.8695 26.7925 -0.724818
v 71.3288 26.9272 -0.441416
v 71.8457 27.1265 -0.490678
v 72.2228 27.3144 -0.853788
v 72.3161 27.4192 -1.39205
v 71.135 29.9254 -1.58403
v 70.6783 29.7699 -1.86089
v 70.171 29.5488 -1.80411
v 69.8071 29.3465 -1.43538
v 69.7253 29.2402 -0.895551
v 69.957 29.2706 -0.390807
v 70.4137 29.4261 -0.113947
v 70.921 29.6472 -0.170723
v 71.2849 29.8496 -0.539448
v 71.3667 29.9558 -1.07928
v 70.0769 32.4096 -1.26443
v 69.6242 32.2335 -1.53541
v 69.1276 31.9911 -1.47193
v 68.7768 31.775 -1.09824
v 68.7057 31.6679 -0.55707
v 68.9416 31.7105 -0.0551373
v 69.3943 31.8867 0.215841
v 69.8909 32.129 0.15236
v 70.2417 32.3451 -0.221333
v 70.3128 32.4522 -0.7625
v 68.9175 34.8486 -0.942062
v 68.4701 34.6521 -1.2078
v 67.985 34.389 -1.13838
v 67.6473 34.16 -0.760318
v 67.5862 34.0524 -0.218021
v 67.8248 34.1074 0.281371
v 68.2722 34.304 0.547109
v 68.7574 34.5671 0.477689
v 69.095 34.7961 0.0996273
v 69.1562 34.9037 -0.442669
v 67.6589 37.2379 -0.617888
v 67.2181 37.0212 -0.879005
v 66.7452 36.7381 -0.804372
v 66.4207 36.4967 -0.422496
v 66.3686 36.3892 0.120759
v 66.6088 36.4567 0.617888
v 67.0496 36.6734 0.879005
v 67.5225 36.9565 0.804372
v 67.847 37.1979 0.422496
v 67.8991 37.3054 -0.120759
v 66.3033 39.573 -0.292885
v 65.8704 39.3366 -0.549977
v 65.4104 39.0341 -0.470815
v 65.0991 38.7809 -0.0856376
v 65.0553 38.6739 0.458431
v 65.2958 38.7538 0.953575
v 65.7287 38.9902 1.21067
v 66.1887 39.2927 1.13151
v 66.5 39.5458 0.746328
v 66.5438 39.6529 0.202259
v 64.8535 41.8495 0.0319811
v 64.4296 41.594 -0.221656
v 63.9832 41.2727 -0.138613
v 63.6849 41.0083 0.249391
v 63.6486 40.902 0.794152
v 63.8882 40.9942 1.28759
v 64.3122 41.2498 1.54123
v 64.7586 41.5711 1.45818
v 65.0569 41.8354 1.07018
v 65.0931 41.9418 0.525418
v 63.3123 44.0634 0.355752
v 62.8984 43.7892 0.105023
v 62.4662 43.4497 0.191338
v 62.1809 43.1748 0.581728
v 62.1514 43.0694 1.12708
v 62.389 43.1737 1.61908
v 62.8029 43.448 1.86981
v 63.235 43.7874 1.78349
v 63.5203 44.0623 1.3931
v 63.5498 44.1678 0.847755
v 61.6825 46.2106 0.677478
v 61.2797 45.9183 0.429137
v 60.8625 45.5614 0.51815
v 60.5901 45.2764 0.910517
v 60.5666 45.172 1.45637
v 60.8011 45.2882 1.9472
v 61.2039 45.5805 2.19555
v 61.6212 45.9374 2.10653
v 61.8936 46.2224 1.71417
v 61.917 46.3268 1.16831
v 59.9677 48.2873 0.996224
v 59.5769 47.9775 0.749776
v 59.175 47.6039 0.840945
v 58.9155 47.3093 1.23491
v 58.8975 47.2061 1.78118
v 59.1278 47.3338 2.27111
v 59.5185 47.6436 2.51756
v 59.9204 48.0172 2.42639
v 60.18 48.3118 2.03243
v 60.198 48.415 1.48615
v 58.1711 50.2899 1.31107
v 57.7933 49.9634 1.06604
v 57.4073 49.5737 1.15886
v 57.1606 49.2699 1.55406
v 57.1473 49.1679 2.1007
v 57.3725 49.3067 2.58997
v 57.7503 49.6333 2.835
v 58.1363 50.0229 2.74218
v 58.383 50.3267 2.34698
v 58.3963 50.4287 1.80034
v 56.2964 52.2151 1.62111
v 55.9325 51.8724 1.37706
v 55.5629 51.4675 1.47103
v 55.3288 51.1549 1.86714
v 55.3197 51.0541 2.41408
v 55.539 51.2035 2.90294
v 55.9029 51.5462 3.14699
v 56.2725 51.9511 3.05301
v 56.5065 52.2637 2.6569
v 56.5157 52.3645 2.10996
v 54.3475 54.0595 1.92545
v 53.9982 53.7016 1.68195
v 53.6455 53.2821 1.77664
v 53.424 52.9612 2.17334
v 53.4185 52.8614 2.72053
v 53.6309 53.021 3.2092
v 53.9802 53.3789 3.4527
v 54.333 53.7984 3.35801
v 54.5544 54.1193 2.96131
v 54.5599 54.2191 2.41412
v 52.3283 55.8203 2.22324
v 51.9944 55.448 1.97989
v 51.6589 55.0146 2.07486
v 51.45 54.6857 2.47185
v 51.4475 54.5869 3.01924
v 51.6524 54.7561 3.50795
v 51.9863 55.1284 3.75129
v 52.3218 55.5618 3.65633
v 52.5306 55.8907 3.25934
v 52.5331 55.9894 2.71194
v 50.2429 57.4948 2.51363
v 49.925 57.1088 2.27006
v 49.6072 56.6623 2.36488
v 49.4108 56.3258 2.76189
v 49.4109 56.2279 3.30944
v 49.6074 56.406 3.79838
v 49.9253 56.792 4.04196
v 50.2432 57.2385 3.94713
v 50.4395 57.575 3.55012
v 50.4394 57.6729 3.00257
v 48.0956 59.0805 2.79581
v 47.7944 58.6817 2.55164
v 47.4946 58.2228 2.64594
v 47.3106 57.879 3.0427
v 47.3129 57.7818 3.59035
v 47.5004 57.9682 4.07973
v 47.8016 58.367 4.3239
v 48.1015 58.8259 4.22959
v 48.2854 59.1696 3.83284
v 48.2832 59.2669 3.28518
v 45.8907 60.5752 3.06898
v 45.6067 60.1645 2.82387
v 45.3252 59.6939 2.91728
v 45.1537 59.3433 3.31352
v 45.1577 59.2464 3.86125
v 45.3356 59.4404 4.35124
v 45.6196 59.8511 4.59634
v 45.9011 60.3217 4.50293
v 46.0726 60.6723 4.10669
v 46.0687 60.7692 3.55897
v 43.6326 61.9769 3.33238
v 43.3664 61.5552 3.08602
v 43.1035 61.0738 3.17818
v 42.9443 60.7165 3.57366
v 42.9497 60.6198 4.1214
v 43.1175 60.8207 4.61218
v 43.3837 61.2424 4.85854
v 43.6466 61.7238 4.76638
v 43.8058 62.0811 4.3709
v 43.8004 62.1778 3.82316
v 41.3258 63.284 3.58528
v 41.0778 62.8523 3.33735
v 40.8338 62.3607 3.42792
v 40.6869 61.9971 3.8224
v 40.6934 61.9003 4.37011
v 40.8506 62.1073 4.86184
v 41.0986 62.5391 5.10977
v 41.3427 63.0306 5.0192
v 41.4895 63.3943 4.62472
v 41.483 63.4911 4.07701
v 38.9748 64.4951 3.82699
v 38.7454 64.0542 3.57719
v 38.5205 63.5532 3.66585
v 38.386 63.1836 4.05909
v 38.3933 63.0864 4.60671
v 38.5395 63.2988 5.09955
v 38.7689 63.7397 5.34934
v 38.9938 64.2406 5.26069
v 39.1283 64.6103 4.86744
v 39.121 64.7075 4.31982
v 36.5842 65.609 4.05683
v 36.3738 65.1599 3.80489
v 36.1682 64.6503 3.89131
v 36.046 64.2749 4.28309
v 36.0539 64.1769 4.83058
v 36.1888 64.3939 5.32465
v 36.3992 64.843 5.57659
v 36.6048 65.3526 5.49016
v 36.727 65.728 5.09839
v 36.7191 65.826 4.5509
v 34.1586 66.6248 4.27419
v 33.9674 66.1685 4.01983
v 33.7814 65.6511 4.10372
v 33.6715 65.2701 4.4938
v 33.6798 65.1711 5.04108
v 33.803 65.3919 5.53652
v 33.9942 65.8481 5.79088
v 34.1802 66.3655 5.70699
v 34.2901 66.7465 5.31691
v 34.2818 66.8455 4.76962
v 31.7025 67.5419 4.47846
v 31.5308 67.0794 4.22143
v 31.3644 66.5549 4.30248
v 31.2669 66.1686 4.69065
v 31.2754 66.0682 5.23767
v 31.3868 66.2919 5.73459
v 31.5585 66.7543 5.99162
v 31.7249 67.2789 5.91057
v 31.8224 67.6651 5.5224
v 31.8139 67.7656 4.97538
v 29.2205 68.3599 4.66909
v 29.0685 67.8922 4.40915
v 28.9219 67.3613 4.48708
v 28.8367 66.97 4.8731
v 28.8454 66.8678 5.41978
v 28.9447 67.0936 5.9183
v 29.0967 67.5613 6.17825
v 29.2433 68.0922 6.10032
v 29.3285 68.4835 5.7143
v 29.3198 68.5857 5.16761
v 26.717 69.0787 4.84558
v 26.5848 68.6068 4.58249
v 26.4581 68.0704 4.657
v 26.3853 67.6743 5.04066
v 26.3942 67.5698 5.58693
v 26.4814 67.7969 6.08714
v 26.6135 68.2689 6.35024
v 26.7402 68.8053 6.27573
v 26.8131 69.2014 5.89206
v 26.8042 69.3059 5.3458
v 24.1966 69.6985 5.00746
v 24.0843 69.2234 4.74097
v 23.9775 68.6821 4.81179
v 23.9171 68.2814 5.19286
v 23.9262 68.1744 5.73863
v 24.0011 68.402 6.24063
v 24.1134 68.8771 6.50711
v 24.2202 69.4184 6.43629
v 24.2805 69.8191 6.05522
v 24.2715 69.9261 5.50946
v 21.6635 70.2197 5.15429
v 21.5711 69.7423 4.88419
v 21.4844 69.1969 4.95104
v 21.4365 68.7919 5.32929
v 21.4456 68.682 5.87447
v 21.5084 68.9091 6.37833
v 21.6008 69.3865 6.64843
v 21.6875 69.9318 6.58158
v 21.7355 70.3368 6.20333
v 21.7263 70.4468 5.65815
v 19.122 70.6427 5.28568
v 19.0495 70.1641 5.01177
v 18.9828 69.6154 5.07436
v 18.9474 69.2063 5.44956
v 18.9569 69.093 5.99405
v 19.0076 69.3188 6.49986
v 19.0801 69.7975 6.77378
v 19.1468 70.3461 6.71118
v 19.1821 70.7552 6.33598
v 19.1727 70.8685 5.79149
v 16.5764 70.9685 5.40131
v 16.5236 70.4896 5.12336
v 16.477 69.9384 5.18143
v 16.4542 69.5254 5.55334
v 16.4641 69.4084 6.09704
v 16.5027 69.632 6.60485
v 16.5555 70.1109 6.8828
v 16.6021 70.6622 6.82473
v 16.6249 71.0751 6.45282
v 16.615 71.1921 5.90912
v 14.0305 71.198 5.50089
v 13.9974 70.7198 5.21869
v 13.9708 70.1668 5.27195
v 13.9607 69.7502 5.64033
v 13.9711 69.6291 6.18312
v 13.998 69.8497 6.69299
v 14.0311 70.3279 6.97518
v 14.0578 70.881 6.92192
v 14.0678 71.2976 6.55354
v 14.0574 71.4187 6.01075
v 11.4884 71.3325 5.58415
v 11.4748 70.856 5.2975
v 11.4681 70.3019 5.34568
v 11.4708 69.8819 5.71027
v 11.482 69.7563 6.25203
v 11.4974 69.9732 6.76401
v 11.511 70.4497 7.05065
v 11.5177 71.0038 7.00248
v 11.515 71.4238 6.63789
v 11.5038 71.5494 6.09613
v 8.95383 71.3734 5.65091
v 8.95941 70.8996 5.35961
v 8.97254 70.3452 5.40242
v 8.98822 69.9219 5.76297
v 9.00045 69.7915 6.30355
v 9.00457 70.0037 6.81769
v 8.999 70.4775 7.10899
v 8.98586 71.032 7.06619
v 8.97018 71.4552 6.70563
v 8.95795 71.5857 6.16505
v 6.43036 71.3222 5.70102
v 6.45485 70.8521 5.40487
v 6.48773 70.298 5.44201
v 6.51645 69.8718 5.79825
v 6.53002 69.7362 6.33752
v 6.52327 69.943 6.85384
v 6.49878 70.4132 7.15
v 6.4659 70.9672 7.11286
v 6.43719 71.3934 6.75662
v 6.42362 71.529 6.21735
v 3.92146 71.1807 5.73438
v 3.96453 70.7151 5.43317
v 4.01702 70.1622 5.46435
v 4.05889 69.7333 5.816
v 4.07415 69.5922 6.3538
v 4.05697 69.7927 6.87234
v 4.0139 70.2583 7.17355
v 3.96141 70.8112 7.14237
v 3.91954 71.2401 6.79072
v 3.90428 71.3813 6.25292
v 1.43042 70.9507 5.75093
v 1.49166 70.4906 5.44447
v 1.5636 69.9396 5.46938
v 1.61877 69.5082 5.81615
v 1.6361 69.3612 6.35232
v 1.60896 69.5547 6.87309
v 1.54772 70.0149 7.17955
v 1.47578 70.5658 7.15464
v 1.42061 70.9972 6.80788
v 1.40328 71.1443 6.27171
v -1.03966 70.6342 5.75067
v -0.9607 70.1805 5.43876
v -0.869489 69.6321 5.45709
v -0.800869 69.1985 5.79867
v -0.781051 69.0453 6.33302
v -0.817606 69.2311 6.85605
v -0.896569 69.6848 7.16797
v -0.987781 70.2332 7.14963
v -1.0564 70.6668 6.80805
v -1.07622 70.82 6.2737
v -3.48586 70.2333 5.73366
v -3.38967 69.7869 5.41608
v -3.2794 69.2418 5.42751
v -3.19718 68.8063 5.76359
v -3.1744 68.6466 6.29593
v -3.21977 68.8239 6.82121
v -3.31596 69.2703 7.13879
v -3.42623 69.8154 7.12736
v -3.50846 70.2509 6.79128
v -3.53123 70.4105 6.25894
v -5.90541 69.7501 5.69998
v -5.79255 69.3119 5.37654
v -5.66346 68.7708 5.38073
v -5.56747 68.3337 5.71097
v -5.54123 68.1673 6.24109
v -5.59477 68.3353 6.76863
v -5.70764 68.7736 7.09206
v -5.83672 69.3146 7.08787
v -5.93272 69.7518 6.75764
v -5.95896 69.9181 6.22751
v -8.29577 69.1869 5.64978
v -8.16683 68.7577 5.32027
v -8.01919 68.2214 5.31689
v -7.90926 67.7829 5.64092
v -7.87901 67.6096 6.16861
v -7.94002 67.7678 6.69838
v -8.06896 68.1969 7.02789
v -8.2166 68.7332 7.03127
v -8.32653 69.1717 6.70723
v -8.35678 69.345 6.17955
v -10.6546 68.5459 5.58325
v -10.5102 68.1267 5.24747
v -10.3443 67.5959 5.23615
v -10.2202 67.1563 5.55362
v -10.1854 66.9759 6.07862
v -10.2531 67.1235 6.61062
v -10.3975 67.5428 6.9464
v -10.5634 68.0736 6.95772
v -10.6874 68.5131 6.64025
v -10.7223 68.6936 6.11525
v -12.9796 67.8296 5.50065
v -12.8205 67.4211 5.15838
v -12.6366 66.8965 5.13875
v -12.4983 66.4562 5.44928
v -12.4583 66.2684 5.97133
v -12.5318 66.4049 6.50551
v -12.6909 66.8135 6.84778
v -12.8748 67.3381 6.86741
v -13.0131 67.7784 6.55689
v -13.0532 67.9661 6.03483
v -15.2688 67.0403 5.40225
v -15.0957 66.6432 5.05328
v -14.8943 66.1255 5.02497
v -14.7415 65.6849 5.32813
v -14.6956 65.4897 5.84696
v -14.7742 65.6145 6.38329
v -14.9472 66.0116 6.73226
v -15.1487 66.5293 6.76057
v -15.3015 66.9699 6.45741
v -15.3474 67.1651 5.93858
v -17.5204 66.1804 5.2884
v -17.3342 65.7956 4.93253
v -17.1155 65.2855 4.89513
v -16.948 64.8449 5.1905
v -16.8956 64.6422 5.7058
v -16.9783 64.7547 6.24422
v -17.1645 65.1395 6.60009
v -17.3831 65.6496 6.63749
v -17.5507 66.0902 6.34212
v -17.6031 66.2929 5.82682
v -19.7327 65.2522 5.15948
v -19.5342 64.8804 4.79649
v -19.2988 64.3786 4.7496
v -19.1164 63.9385 5.03672
v -19.0567 63.7282 5.54817
v -19.1425 63.828 6.08861
v -19.341 64.1997 6.4516
v -19.5765 64.7015 6.49849
v -19.7588 65.1416 6.21137
v -19.8185 65.352 5.69991
v -21.9042 64.2581 5.01591
v -21.6943 63.9 4.64559
v -21.4425 63.4073 4.58879
v -21.2451 62.9681 4.86719
v -21.1774 62.7501 5.37445
v -21.2654 62.8367 5.91682
v -21.4753 63.1948 6.28713
v -21.727 63.6875 6.34394
v -21.9244 64.1267 6.06554
v -21.9921 64.3447 5.55828
v -24.0336 63.2004 4.85816
v -23.8132 62.8568 4.48032
v -23.5456 62.3738 4.41317
v -23.333 61.9359 4.68235
v -23.2565 61.7104 5.18504
v -23.3455 61.7835 5.72924
v -23.5658 62.1271 6.10708
v -23.8334 62.6101 6.17423
v -24.0461 63.0479 5.90505
v -24.1225 63.2734 5.40236
v -26.1196 62.0815 4.68674
v -25.8898 61.7529 4.30119
v -25.6069 61.2804 4.22324
v -25.3789 60.8444 4.48268
v -25.2929 60.6114 4.98041
v -25.3818 60.6705 5.52631
v -25.6115 60.9991 5.91186
v -25.8945 61.4716 5.98981
v -26.1224 61.9076 5.73037
v -26.2084 62.1405 5.23264
v -28.1612 60.9034 4.50221
v -27.923 60.5906 4.10875
v -27.6254 60.1292 4.01956
v -27.3819 59.6956 4.26872
v -27.2856 59.4554 4.76105
v -27.3732 59.5002 5.3085
v -27.6113 59.8131 5.70196
v -27.9089 60.2745 5.79115
v -28.1524 60.7081 5.54199
v -28.2488 60.9483 5.04965
v -30.1574 59.6685 4.30513
v -29.9121 59.3719 3.9036
v -29.6003 58.9225 3.80272
v -29.3412 58.4918 4.04104
v -29.2337 58.2445 4.52752
v -29.3189 58.2749 5.07635
v -29.5642 58.5715 5.47788
v -29.876 59.021 5.57876
v -30.1351 59.4517 5.34044
v -30.2426 59.699 4.85396
v -32.1074 58.3788 4.09614
v -31.8561 58.099 3.68637
v -31.5309 57.6621 3.57335
v -31.256 57.2351 3.80025
v -31.1366 56.9809 4.2804
v -31.2181 56.9968 4.83039
v -31.4695 57.2766 5.24016
v -31.7946 57.7135 5.35318
v -32.0695 58.1406 5.12628
v -32.1889 58.3947 4.64614
v -34.0106 57.0364 3.87588
v -33.7544 56.7738 3.45775
v -33.4165 56.3502 3.33213
v -33.1259 55.9274 3.54701
v -32.9937 55.6668 4.02031
v -33.0702 55.668 4.57124
v -33.3264 55.9306 4.98937
v -33.6643 56.3542 5.11499
v -33.9549 56.777 4.90011
v -34.0871 57.0376 4.42681
v -35.8662 55.643 3.64502
v -35.6065 55.3982 3.21842
v -35.2566 54.9885 3.07977
v -34.9503 54.5706 3.28203
v -34.8045 54.3041 3.74794
v -34.8748 54.2907 4.29954
v -35.1345 54.5356 4.72613
v -35.4844 54.9452 4.86478
v -35.7907 55.3631 4.66252
v -35.9365 55.6296 4.19662
v -37.6736 54.2007 3.40426
v -37.4117 53.9739 2.96912
v -37.0509 53.5789 2.81702
v -36.7288 53.1667 3.00604
v -36.5686 52.8946 3.464
v -36.6315 52.8667 4.01595
v -36.8934 53.0935 4.45109
v -37.2543 53.4885 4.6032
v -37.5763 53.9007 4.41417
v -37.7365 54.1728 3.95622
v -39.4325 52.7112 3.15432
v -39.1698 52.5026 2.71061
v -38.7987 52.123 2.54465
v -38.4611 51.7171 2.71983
v -38.2858 51.4402 3.16923
v -38.3399 51.3979 3.72121
v -38.6026 51.6064 4.16493
v -38.9737 51.9861 4.33089
v -39.3113 52.3919 4.15571
v -39.4866 52.6689 3.7063
v -41.1424 51.176 2.89594
v -40.8802 50.986 2.44366
v -40.5 50.6223 2.26347
v -40.1469 50.2237 2.4242
v -39.9558 49.9425 2.86445
v -39.9998 49.8861 3.41607
v -40.262 50.0761 3.86835
v -40.6422 50.4399 4.04854
v -40.9953 50.8385 3.88782
v -41.1864 51.1197 3.44756
v -42.8028 49.5969 2.62987
v -42.5426 49.4255 2.16907
v -42.1542 49.0783 1.97432
v -41.7859 48.6877 2.12
v -41.5785 48.403 2.55048
v -41.6111 48.333 3.10132
v -41.8713 48.5043 3.56212
v -42.2597 48.8516 3.75687
v -42.628 49.2422 3.61118
v -42.8354 49.5268 3.18071
v -44.4134 47.9752 2.35685
v -44.1567 47.8226 1.88764
v -43.7612 47.4923 1.67805
v -43.378 47.1107 1.80813
v -43.1536 46.8233 2.2282
v -43.1736 46.7401 2.7778
v -43.4303 46.8927 3.24701
v -43.8258 47.223 3.45661
v -44.209 47.6046 3.32652
v -44.4334 47.892 2.90646
v -45.9739 46.3124 2.07766
v -45.722 46.1784 1.6002
v -45.3205 45.8657 1.37553
v -44.9229 45.4937 1.48947
v -44.681 45.2047 1.8985
v -44.6872 45.1089 2.44639
v -44.9391 45.2429 2.92385
v -45.3405 45.5556 3.14851
v -45.7381 45.9275 3.03457
v -45.98 46.2166 2.62554
v -47.4838 44.6098 1.79306
v -47.2382 44.4942 1.30756
v -46.832 44.1994 1.06766
v -46.4205 43.8381 1.16497
v -46.1607 43.5483 1.56234
v -46.1519 43.4406 2.10798
v -46.3975 43.5562 2.59347
v -46.8037 43.851 2.83338
v -47.2152 44.2123 2.73607
v -47.475 44.5022 2.3387
v -48.9427 42.8687 1.50381
v -48.7049 42.7711 1.01056
v -48.2952 42.4947 0.755313
v -47.8703 42.1448 0.835569
v -47.5924 41.8553 1.22067
v -47.5677 41.7366 1.76353
v -47.8055 41.8341 2.25678
v -48.2152 42.1105 2.51202
v -48.6401 42.4604 2.43177
v -48.918 42.75 2.04667
v -50.3505 41.0901 1.21069
v -50.1217 41.0103 0.71001
v -49.7098 40.7524 0.439402
v -49.2722 40.4148 0.502227
v -48.976 40.1266 0.874487
v -48.9343 39.9978 1.41399
v -49.1631 40.0776 1.91467
v -49.575 40.3356 2.18528
v -50.0126 40.6731 2.12246
v -50.3088 40.9613 1.75019
v -51.7066 39.2753 0.914451
v -51.4882 39.2126 0.406735
v -51.0754 38.9734 0.120819
v -50.6258 38.6489 0.165913
v -50.3112 38.3632 0.524794
v -50.2518 38.2254 1.06038
v -50.4702 38.288 1.5681
v -50.883 38.5273 1.85401
v -51.3325 38.8517 1.80892
v -51.6471 39.1374 1.45004
v -53.0106 37.4252 0.615862
v -52.8039 37.379 0.101544
v -52.3914 37.1586 -0.199545
v -51.9308 36.848 -0.172399
v -51.5979 36.566 0.172613
v -51.5199 36.4202 0.703708
v -51.7266 36.4663 1.21803
v -52.1391 36.6868 1.51911
v -52.5998 36.9974 1.49197
v -52.9326 37.2794 1.14696
v -54.2622 35.5409 0.31568
v -54.0682 35.5104 -0.204757
v -53.6574 35.3087 -0.520804
v -53.1865 35.0127 -0.51174
v -52.8355 34.7355 -0.181028
v -52.7385 34.583 0.345011
v -52.9324 34.6135 0.865448
v -53.3433 34.8152 1.18149
v -53.8141 35.1112 1.17243
v -54.1651 35.3884 0.841719
v -55.4607 33.6233 0.0146654
v -55.2807 33.6077 -0.511374
v -54.8727 33.4245 -0.842085
v -54.3926 33.1437 -0.851149
v -54.0238 32.8726 -0.535103
v -53.9072 32.7146 -0.0146654
v -54.0873 32.7303 0.511374
v -54.4953 32.9134 0.842085
v -54.9754 33.1942 0.851149
v -55.3441 33.4654 0.535103
v -56.6058 31.6734 -0.286422
v -56.4405 31.6716 -0.817517
v -56.0366 31.5067 -1.16253
v -55.5483 31.2417 -1.18967
v -55.1622 30.9777 -0.888586
v -55.0257 30.8157 -0.374269
v -55.191 30.8175 0.156826
v -55.595 30.9824 0.501838
v -56.0833 31.2474 0.528984
v -56.4694 31.5113 0.227896
v -57.6969 29.692 -0.58682
v -57.5472 29.7029 -1.12241
v -57.1484 29.556 -1.48129
v -56.653 29.3072 -1.52638
v -56.2501 29.0516 -1.24047
v -56.0936 28.8869 -0.73275
v -56.2433 28.8759 -0.197163
v -56.6421 29.0229 0.161718
v -57.1375 29.2717 0.206813
v -57.5404 29.5272 -0.0791032
v -58.7333 27.68 -0.885764
v -58.5999 27.7025 -1.42527
v -58.2074 27.573 -1.79753
v -57.7058 27.3409 -1.86036
v -57.2868 27.0948 -1.58975
v -57.1103 26.9288 -1.08907
v -57.2437 26.9062 -0.549563
v -57.6362 27.0357 -0.177302
v -58.1378 27.2679 -0.114477
v -58.5568 27.5139 -0.385086
v -59.7145 25.6382 -1.18248
v -59.5978 25.6711 -1.72534
v -59.2125 25.5585 -2.11044
v -58.7059 25.3433 -2.1907
v -58.2715 25.1078 -1.93545
v -58.0751 24.9419 -1.4422
v -58.1918 24.909 -0.899344
v -58.577 25.0216 -0.514241
v -59.0836 25.2368 -0.433985
v -59.5181 25.4723 -0.689232
v -60.6396 23.5676 -1.47621
v -60.54 23.6096 -2.02185
v -60.1629 23.5132 -2.41922
v -59.6523 23.3151 -2.51653
v -59.2033 23.0912 -2.27662
v -58.9872 22.9268 -1.79113
v -59.0868 22.8848 -1.24549
v -59.4639 22.9812 -0.848122
v -59.9744 23.1793 -0.750806
v -60.4235 23.4032 -0.990713
v -61.5078 21.469 -1.76616
v -61.4257 21.5187 -2.31404
v -61.0576 21.4377 -2.72307
v -60.544 21.257 -2.83701
v -60.0812 21.0455 -2.61234
v -59.8459 20.884 -2.13488
v -59.9281 20.8343 -1.587
v -60.2962 20.9153 -1.17797
v -60.8098 21.096 -1.06403
v -61.2726 21.3075 -1.28869
v -62.3185 19.3431 -2.05155
v -62.2539 19.3993 -2.60115
v -61.8954 19.333 -3.02122
v -61.3798 19.1696 -3.1513
v -60.9042 18.9715 -2.94171
v -60.6502 18.8143 -2.4725
v -60.7148 18.7581 -1.92289
v -61.0733 18.8244 -1.50282
v -61.5888 18.9878 -1.37274
v -62.0644 19.1859 -1.58234
v -63.0705 17.191 -2.3316
v -63.0234 17.2523 -2.88244
v -62.6751 17.1998 -3.31292
v -62.1586 17.0537 -3.4586
v -61.6711 16.8697 -3.26385
v -61.3989 16.7181 -2.80305
v -61.446 16.6568 -2.25221
v -61.7943 16.7093 -1.82174
v -62.3109 16.8554 -1.67605
v -62.7983 17.0394 -1.8708
v -63.763 15.0135 -2.60553
v -63.7333 15.0785 -3.15715
v -63.3956 15.039 -3.5974
v -62.879 14.9101 -3.75813
v -62.3807 14.7409 -3.57794
v -62.091 14.5962 -3.12566
v -62.1207 14.5312 -2.57404
v -62.4584 14.5707 -2.13378
v -62.975 14.6996 -1.97306
v -63.4733 14.8687 -2.15325
v -64.3948 12.8115 -2.87256
v -64.3823 12.879 -3.42454
v -64.0557 12.8515 -3.87395
v -63.5397 12.7396 -4.04913
v -63.0316 12.586 -3.88316
v -62.7252 12.4494 -3.43945
v -62.7378 12.3819 -2.88747
v -63.0644 12.4093 -2.43806
v -63.5803 12.5212 -2.26289
v -64.0885 12.6749 -2.42885
v -64.9648 10.5861 -3.13192
v -64.9691 10.6548 -3.68388
v -64.6538 10.6385 -4.14183
v -64.1394 10.5434 -4.33086
v -63.6224 10.4058 -4.17875
v -63.3002 10.2784 -3.74362
v -63.2959 10.2097 -3.19166
v -63.6112 10.226 -2.7337
v -64.1256 10.3212 -2.54468
v -64.6427 10.4587 -2.69678
v -65.4719 8.3384 -3.38285
v -65.4925 8.407 -3.93445
v -65.1888 8.40085 -4.40035
v -64.6766 8.32229 -4.60261
v -64.1517 8.20133 -4.46396
v -63.8145 8.08418 -4.03737
v -63.7939 8.01558 -3.48577
v -64.0977 8.02173 -3.01986
v -64.6098 8.10029 -2.8176
v -65.1347 8.22125 -2.95625
v -65.9147 6.06946 -3.62459
v -65.9512 6.1368 -4.17553
v -65.659 6.13991 -4.64882
v -65.1498 6.07761 -4.8637
v -64.618 5.97368 -4.73809
v -64.2667 5.86783 -4.31996
v -64.2303 5.80048 -3.76903
v -64.5224 5.79737 -3.29573
v -65.0317 5.85968 -3.08085
v -65.5635 5.9636 -3.20647
v -66.2919 3.78054 -3.85643
v -66.3437 3.84549 -4.40643
v -66.0631 3.85697 -4.88658
v -65.5574 3.81059 -5.11347
v -65.0197 3.72407 -5.00045
v -64.6554 3.63046 -4.59069
v -64.6036 3.56551 -4.04069
v -64.8842 3.55403 -3.56054
v -65.3899 3.60041 -3.33365
v -65.9276 3.68693 -3.44667
v -66.6022 1.47299 -4.07766
v -66.6686 1.53446 -4.62648
v -66.3995 1.55342 -5.11297
v -65.8979 1.52262 -5.35128
v -65.3552 1.45384 -5.25041
v -64.9788 1.37333 -4.84887
v -64.9125 1.31186 -4.30005
v -65.1815 1.29291 -3.81357
v -65.6831 1.3237 -3.57525
v -66.2258 1.39249 -3.67612
v -66.844 -0.851742 -4.28759
v -66.9243 -0.794774 -4.83504
v -66.6667 -0.769191 -5.32737
v -66.1697 -0.784766 -5.57653
v -65.623 -0.835548 -5.48735
v -65.2355 -0.902141 -5.09389
v -65.1552 -0.959109 -4.54644
v -65.4128 -0.984691 -4.05411
v -65.9099 -0.969117 -3.80495
v -66.4566 -0.918335 -3.89413
v -67.016 -3.1921 -4.48557
v -67.1095 -3.1406 -5.03147
v -66.8632 -3.10921 -5.5292
v -66.3712 -3.10993 -5.78864
v -65.8214 -3.14248 -5.71069
v -65.4238 -3.19443 -5.32514
v -65.3304 -3.24593 -4.77924
v -65.5767 -3.27732 -4.28151
v -66.0687 -3.2766 -4.02207
v -66.6185 -3.24405 -4.10002
v -67.1167 -5.54639 -4.67098
v -67.2225 -5.50125 -5.21518
v -66.9872 -5.46484 -5.71788
v -66.5007 -5.45107 -5.98706
v -65.9487 -5.46521 -5.9199
v -65.5421 -5.50185 -5.54207
v -65.4363 -5.547 -4.99787
v -65.6716 -5.5834 -4.49517
v -66.1582 -5.59717 -4.22599
v -66.7101 -5.58303 -4.29315
v -67.1445 -7.91279 -4.84324
v -67.2619 -7.87483 -5.38561
v -67.0374 -7.83414 -5.89287
v -66.5567 -7.80627 -6.17127
v -66.0033 -7.80185 -6.11447
v -65.5888 -7.82257 -5.74416
v -65.4714 -7.86053 -5.20179
v -65.696 -7.90122 -4.69452
v -66.1767 -7.92909 -4.41612
v -66.73 -7.93351 -4.47293
v -67.098 -10.2893 -5.00179
v -67.2262 -10.2593 -5.54223
v -67.012 -10.215 -6.05369
v -66.5375 -10.1734 -6.34081
v -65.9837 -10.1503 -6.29392
v -65.5623 -10.1546 -5.93093
v -65.4341 -10.1846 -5.39049
v -65.6482 -10.2289 -4.87904
v -66.1228 -10.2705 -4.59192
v -66.6766 -10.2936 -4.63881
v -66.9757 -12.6739 -5.14613
v -67.1137 -12.6525 -5.68455
v -66.9097 -12.6053 -6.19986
v -66.4416 -12.5503 -6.49522
v -65.8882 -12.5085 -6.45783
v -65.4609 -12.4958 -6.10195
v -65.3229 -12.5172 -5.56354
v -65.5269 -12.5644 -5.04823
v -65.995 -12.6194 -4.75286
v -66.5484 -12.6612 -4.79026
v -66.7762 -15.0641 -5.27579
v -66.9231 -15.0521 -5.81212
v -66.7288 -15.0026 -6.33095
v -66.2674 -14.9345 -6.63411
v -65.7153 -14.874 -6.6058
v -65.2831 -14.844 -6.25683
v -65.1362 -14.856 -5.7205
v -65.3305 -14.9055 -5.20167
v -65.7919 -14.9736 -4.89851
v -66.3441 -15.0341 -4.92682
v -66.498 -17.4578 -5.39034
v -66.653 -17.4556 -5.92452
v -66.468 -17.4043 -6.44658
v -66.0136 -17.3236 -6.7571
v -65.4634 -17.2442 -6.73747
v -65.0276 -17.1965 -6.3952
v -64.8725 -17.1987 -5.86102
v -65.0575 -17.2499 -5.33897
v -65.5119 -17.3307 -5.02845
v -66.0621 -17.4101 -5.04807
v -66.1398 -19.8521 -5.4894
v -66.302 -19.8603 -6.02139
v -66.1259 -19.8078 -6.54639
v -65.6787 -19.7147 -6.86386
v -65.1313 -19.6166 -6.85255
v -64.6928 -19.5509 -6.51676
v -64.5306 -19.5427 -5.98477
v -64.7067 -19.5952 -5.45977
v -65.1538 -19.6883 -5.1423
v -65.7012 -19.7864 -5.15361
v -65.7003 -22.2445 -5.57263
v -65.8688 -22.2635 -6.10241
v -65.7011 -22.2102 -6.63009
v -65.2614 -22.1051 -6.95413
v -64.7176 -21.9882 -6.95075
v -64.2774 -21.9043 -6.62124
v -64.109 -21.8853 -6.09146
v -64.2766 -21.9385 -5.56378
v -64.7163 -22.0437 -5.23974
v -65.2601 -22.1606 -5.24312
v -65.1784 -24.632 -5.63976
v -65.3522 -24.6622 -6.16729
v -65.1926 -24.6086 -6.69741
v -64.7605 -24.4917 -7.02765
v -64.221 -24.3562 -7.03184
v -63.7803 -24.2538 -6.7084
v -63.6065 -24.2236 -6.18087
v -63.7661 -24.2772 -5.65074
v -64.1982 -24.3941 -5.32051
v -64.7377 -24.5296 -5.31632
v -64.5731 -27.0117 -5.69052
v -64.7512 -27.0533 -6.2158
v -64.5991 -26.9998 -6.74815
v -64.1749 -26.8714 -7.08422
v -63.6406 -26.7174 -7.09565
v -63.2002 -26.5964 -6.77808
v -63.0221 -26.5547 -6.2528
v -63.1742 -26.6083 -5.72045
v -63.5984 -26.7366 -5.38438
v -64.1327 -26.8907 -5.37295
v -63.8833 -29.3803 -5.72475
v -64.0649 -29.4337 -6.24777
v -63.9199 -29.3805 -6.78213
v -63.5037 -29.241 -7.12371
v -62.9752 -29.0685 -7.14204
v -62.5363 -28.9288 -6.83012
v -62.3547 -28.8754 -6.3071
v -62.4997 -28.9286 -5.77274
v -62.9159 -29.0681 -5.43116
v -63.4444 -29.2406 -5.41283
v -63.1082 -31.7345 -5.74228
v -63.2924 -31.7998 -6.26306
v -63.154 -31.7473 -6.79923
v -62.7459 -31.5969 -7.14599
v -62.2241 -31.4061 -7.1709
v -61.7877 -31.2477 -6.86444
v -61.6035 -31.1824 -6.34367
v -61.7419 -31.235 -5.8075
v -62.15 -31.3854 -5.46073
v -62.6719 -31.5762 -5.43582
v -62.2473 -34.0709 -5.74303
v -62.4331 -34.1483 -6.26157
v -62.3008 -34.0966 -6.79937
v -61.9011 -33.9356 -7.15102
v -61.3865 -33.7266 -7.1822
v -60.9537 -33.5497 -6.88099
v -60.7679 -33.4722 -6.36246
v -60.9001 -33.5239 -5.82465
v -61.2999 -33.685 -5.473
v -61.8144 -33.8939 -5.44182
v -61.2999 -36.3859 -5.72695
v -61.4864 -36.4755 -6.24327
v -61.3599 -36.4249 -6.78255
v -60.9686 -36.2534 -7.13879
v -60.4621 -36.0265 -7.17592
v -60.0338 -35.831 -6.87977
v -59.8473 -35.7414 -6.36345
v -59.9739 -35.7921 -5.82418
v -60.3651 -35.9635 -5.46794
v -60.8716 -36.1904 -5.4308
v -60.2659 -38.6759 -5.69405
v -60.4522 -38.7777 -6.20818
v -60.3309 -38.7282 -6.74877
v -59.9482 -38.5466 -7.10932
v -59.4505 -38.302 -7.15212
v -59.0277 -38.088 -6.86082
v -58.8414 -37.9863 -6.34669
v -58.9627 -38.0357 -5.8061
v -59.3453 -38.2174 -5.44555
v -59.8431 -38.4619 -5.40275
v -59.1449 -40.9371 -5.64437
v -59.3302 -41.051 -6.15635
v -59.2136 -41.0029 -6.69811
v -58.8398 -40.8112 -7.0627
v -58.3515 -40.5492 -7.11088
v -57.9353 -40.3169 -6.82423
v -57.75 -40.2031 -6.31225
v -57.8666 -40.2512 -5.7705
v -58.2404 -40.4429 -5.4059
v -58.7287 -40.7049 -5.35773
v -57.9372 -43.1657 -5.57803
v -58.1205 -43.2915 -6.0879
v -58.0083 -43.2448 -6.63069
v -57.6435 -43.0434 -6.99906
v -57.1653 -42.7642 -7.05233
v -56.7565 -42.5139 -6.77013
v -56.5733 -42.388 -6.26026
v -56.6855 -42.4348 -5.71747
v -57.0503 -42.6362 -5.34909
v -57.5285 -42.9154 -5.29583
v -56.643 -45.3576 -5.49517
v -56.8235 -45.4953 -6.00298
v -56.7152 -45.45 -6.54667
v -56.3595 -45.239 -6.91859
v -55.8922 -44.9429 -6.97665
v -55.4918 -44.6748 -6.6987
v -55.3113 -44.5372 -6.19089
v -55.4197 -44.5825 -5.6472
v -55.7754 -44.7935 -5.27529
v -56.2427 -45.0896 -5.21722
v -55.2628 -47.509 -5.39599
v -55.4397 -47.6583 -5.9018
v -55.3348 -47.6143 -6.44629
v -54.9884 -47.3939 -6.82149
v -54.5326 -47.0813 -6.88408
v -54.1416 -46.7958 -6.61017
v -53.9648 -46.6465 -6.10436
v -54.0696 -46.6905 -5.55987
v -54.4161 -46.9109 -5.18467
v -54.8718 -47.2235 -5.12208
v -53.7973 -49.6158 -5.28075
v -53.9697 -49.7764 -5.78461
v -53.868 -49.7338 -6.32979
v -53.5309 -49.5041 -6.70804
v -53.0874 -49.1752 -6.77489
v -52.7067 -48.8727 -6.5048
v -52.5343 -48.7121 -6.00093
v -52.6361 -48.7547 -5.45575
v -52.9731 -48.9844 -5.0775
v -53.4167 -49.3133 -5.01065
v -52.2475 -51.6739 -5.14972
v -52.4147 -51.8455 -5.65172
v -52.3156 -51.8041 -6.19749
v -51.9882 -51.5654 -6.57856
v -51.5575 -51.2206 -6.64938
v -51.188 -50.9015 -6.3829
v -51.0209 -50.7298 -5.8809
v -51.1199 -50.7713 -5.33513
v -51.4473 -51.01 -4.95406
v -51.878 -51.3548 -4.88324
v -50.6146 -53.6793 -5.00327
v -50.7757 -53.8616 -5.50348
v -50.679 -53.8212 -6.04975
v -50.3614 -53.5736 -6.43341
v -49.9442 -53.2133 -6.50792
v -49.5867 -52.878 -6.24482
v -49.4256 -52.6958 -5.74461
v -49.5223 -52.7362 -5.19834
v -49.84 -52.9838 -4.81468
v -50.2572 -53.344 -4.74017
v -48.9 -55.6279 -4.84176
v -49.0544 -55.8203 -5.34028
v -48.9596 -55.7808 -5.88696
v -48.652 -55.5245 -6.27299
v -48.2489 -55.1491 -6.35091
v -47.9044 -54.7983 -6.09097
v -47.75 -54.6058 -5.59245
v -47.8447 -54.6453 -5.04577
v -48.1524 -54.9017 -4.65974
v -48.5554 -55.277 -4.58182
v -47.1054 -57.5157 -4.66563
v -47.2523 -57.7178 -5.16256
v -47.1593 -57.679 -5.70957
v -46.8618 -57.414 -6.09774
v -46.4735 -57.024 -6.17879
v -46.1427 -56.6581 -5.92177
v -45.9957 -56.456 -5.42484
v -46.0888 -56.4948 -4.87782
v -46.3863 -56.7598 -4.48966
v -46.7746 -57.1497 -4.40861
v -45.2327 -59.3386 -4.47536
v -45.3715 -59.5499 -4.9708
v -45.2799 -59.5115 -5.51808
v -44.9928 -59.238 -5.90816
v -44.6199 -58.8339 -5.99205
v -44.3036 -58.4536 -5.73769
v -44.1647 -58.2422 -5.24226
v -44.2564 -58.2807 -4.69497
v -44.5435 -58.5542 -4.30489
v -44.9164 -58.9582 -4.221
v -43.2841 -61.0928 -4.27145
v -43.4142 -61.3127 -4.76552
v -43.3237 -61.2744 -5.313
v -43.0472 -60.9925 -5.70478
v -42.6903 -60.5748 -5.7912
v -42.3893 -60.1807 -5.53926
v -42.2592 -59.9607 -5.04519
v -42.3496 -59.999 -4.49771
v -42.6262 -60.2809 -4.10593
v -42.9831 -60.6987 -4.01951
v -41.262 -62.7743 -4.05446
v -41.3828 -63.0022 -4.54729
v -41.2933 -62.9637 -5.09492
v -41.0276 -62.6736 -5.48816
v -40.6872 -62.2427 -5.57681
v -40.4022 -61.8355 -5.32702
v -40.2814 -61.6077 -4.83419
v -40.371 -61.6461 -4.28656
v -40.6367 -61.9362 -3.89332
v -40.977 -62.3672 -3.80466
v -39.1692 -64.3795 -3.82499
v -39.2801 -64.6146 -4.31672
v -39.1913 -64.5756 -4.86443
v -38.9367 -64.2774 -5.25891
v -38.6135 -63.8338 -5.34948
v -38.3452 -63.4144 -5.10155
v -38.2342 -63.1793 -4.60981
v -38.323 -63.2183 -4.06211
v -38.5777 -63.5165 -3.66763
v -38.9009 -63.96 -3.57706
v -37.0084 -65.9046 -3.58366
v -37.109 -66.1463 -4.07444
v -37.0208 -66.1064 -4.62218
v -36.7774 -65.8001 -5.01766
v -36.472 -65.3445 -5.10982
v -36.221 -64.9136 -4.86346
v -36.1204 -64.6719 -4.37268
v -36.2086 -64.7118 -3.82494
v -36.4519 -65.0181 -3.42946
v -36.7574 -65.4737 -3.3373
v -34.7828 -67.3462 -3.33115
v -34.8726 -67.5937 -3.82114
v -34.7849 -67.5525 -4.36886
v -34.5532 -67.2383 -4.7651
v -34.2659 -66.7712 -4.85851
v -34.0329 -66.3296 -4.61341
v -33.9431 -66.0821 -4.12342
v -34.0309 -66.1234 -3.57569
v -34.2626 -66.4375 -3.17945
v -34.5498 -66.9046 -3.08604
v -32.4958 -68.7009 -3.06815
v -32.5744 -68.9533 -3.55752
v -32.4871 -68.9104 -4.10518
v -32.2673 -68.5884 -4.50193
v -31.9989 -68.1105 -4.59624
v -31.7844 -67.6591 -4.35207
v -31.7057 -67.4066 -3.86269
v -31.793 -67.4496 -3.31504
v -32.0129 -67.7715 -2.91828
v -32.2813 -68.2495 -2.82398
v -30.1509 -69.9655 -2.79539
v -30.218 -70.222 -3.28434
v -30.1311 -70.1769 -3.83188
v -29.9235 -69.8472 -4.22889
v -29.6744 -69.359 -4.32372
v -29.4789 -68.8988 -4.08014
v -29.4118 -68.6422 -3.5912
v -29.4987 -68.6873 -3.04365
v -29.7063 -69.017 -2.64664
v -29.9555 -69.5052 -2.55182
v -27.7519 -71.1369 -2.51365
v -27.8072 -71.3967 -3.00236
v -27.7208 -71.3489 -3.54975
v -27.5257 -71.0117 -3.94674
v -27.2963 -70.5139 -4.0417
v -27.1204 -70.0457 -3.79836
v -27.0651 -69.7859 -3.30966
v -27.1515 -69.8337 -2.76226
v -27.3466 -70.1709 -2.36527
v -27.576 -70.6687 -2.27031
v -25.3027 -72.2123 -2.22372
v -25.3461 -72.4745 -2.71239
v -25.2602 -72.4235 -3.25958
v -25.0779 -72.0788 -3.65628
v -24.8688 -71.5721 -3.75097
v -24.7129 -71.097 -3.50747
v -24.6695 -70.8348 -3.0188
v -24.7554 -70.8858 -2.47161
v -24.9377 -71.2305 -2.07491
v -25.1467 -71.7372 -1.98022
v -22.8075 -73.1892 -1.92641
v -22.8387 -73.4527 -2.41527
v -22.7536 -73.398 -2.96221
v -22.5845 -73.046 -3.35832
v -22.3962 -72.5311 -3.45229
v -22.2605 -72.0501 -3.20824
v -22.2293 -71.7866 -2.71939
v -22.3145 -71.8413 -2.17245
v -22.4835 -72.1933 -1.77634
v -22.6719 -72.7081 -1.68236
v -20.2706 -74.0651 -1.62257
v -20.2896 -74.329 -2.11185
v -20.2053 -74.2701 -2.65848
v -20.0499 -73.9108 -3.05368
v -19.8827 -73.3885 -3.1465
v -19.7676 -72.9026 -2.90147
v -19.7486 -72.6387 -2.4122
v -19.833 -72.6976 -1.86556
v -19.9884 -73.0568 -1.47036
v -20.1556 -73.5792 -1.37755
v -17.6964 -74.8378 -1.31307
v -17.7032 -75.1011 -1.803
v -17.6201 -75.0374 -2.34928
v -17.4787 -74.6711 -2.74324
v -17.3331 -74.1421 -2.83441
v -17.2389 -73.6524 -2.58796
v -17.2321 -73.3891 -2.09803
v -17.3152 -73.4528 -1.55176
v -17.4566 -73.8191 -1.1578
v -17.6022 -74.3482 -1.06663
v -15.0896 -75.5055 -0.998806
v -15.0843 -75.7671 -1.48964
v -15.0025 -75.6981 -2.03549
v -14.8756 -75.3249 -2.42786
v -14.752 -74.7899 -2.51687
v -14.6788 -74.2976 -2.26853
v -14.6841 -74.036 -1.7777
v -14.7658 -74.105 -1.23184
v -14.8928 -74.4782 -0.839478
v -15.0164 -75.0132 -0.750465
v -12.4547 -76.0665 -0.680676
v -12.4374 -76.3254 -1.17268
v -12.3576 -76.2505 -1.71803
v -12.2456 -75.8704 -2.10842
v -12.1442 -75.3304 -2.19473
v -12.0923 -74.8366 -1.94401
v -12.1095 -74.5777 -1.452
v -12.1894 -74.6525 -0.906653
v -12.3014 -75.0326 -0.516263
v -12.4027 -75.5727 -0.429947
v -9.79662 -76.5193 -0.359612
v -9.76769 -76.7744 -0.85305
v -9.69013 -76.6931 -1.39781
v -9.59357 -76.3064 -1.78581
v -9.51488 -75.7621 -1.86886
v -9.48413 -75.268 -1.61522
v -9.51306 -75.0129 -1.12178
v -9.59061 -75.0942 -0.577022
v -9.68718 -75.4809 -0.189018
v -9.76586 -76.0252 -0.105975
v -7.12024 -76.8629 -0.0365546
v -7.07998 -77.1131 -0.531699
v -7.00526 -77.0247 -1.07577
v -6.92464 -76.6316 -1.46095
v -6.8689 -76.0839 -1.54011
v -6.85934 -75.5907 -1.28302
v -6.8996 -75.3405 -0.787871
v -6.97431 -75.4288 -0.243802
v -7.05494 -75.822 0.141375
v -7.11068 -76.3697 0.220537
v -4.43051 -77.0963 0.287543
v -4.37936 -77.3405 -0.209586
v -4.3081 -77.2446 -0.752841
v -4.24395 -76.8453 -1.13472
v -4.21142 -76.2951 -1.20935
v -4.22293 -75.8041 -0.948234
v -4.27408 -75.5599 -0.451105
v -4.34534 -75.6557 0.0921504
v -4.40949 -76.055 0.474026
v -4.44202 -76.6053 0.54866
v -1.73242 -77.219 0.611716
v -1.67092 -77.4561 0.112324
v -1.6038 -77.3522 -0.429972
v -1.55669 -76.9469 -0.808034
v -1.5476 -76.3951 -0.877454
v -1.57998 -75.9075 -0.611716
v -1.64148 -75.6704 -0.112324
v -1.7086 -75.7744 0.429972
v -1.7557 -76.1796 0.808034
v -1.7648 -76.7314 0.877454
v 0.969017 -77.2307 0.934993
v 1.0402 -77.4596 0.43306
v 1.10242 -77.3471 -0.108107
v 1.1319 -76.9361 -0.481799
v 1.11738 -76.3837 -0.54528
v 1.06442 -75.9008 -0.274302
v 0.99323 -75.672 0.22763
v 0.931016 -75.7845 0.768797
v 0.901536 -76.1954 1.14249
v 0.916051 -76.7478 1.20597
v 3.66875 -77.1313 1.25639
v 3.74886 -77.3509 0.75165
v 3.80532 -77.2293 0.211817
v 3.81657 -76.813 -0.156908
v 3.77831 -76.261 -0.213684
v 3.70516 -75.7842 0.0631757
v 3.62505 -75.5646 0.56792
v 3.56859 -75.6862 1.10775
v 3.55734 -76.1025 1.47648
v 3.5956 -76.6545 1.53325
v 6.36176 -76.9212 1.57494
v 6.44991 -77.1303 1.06712
v 6.49969 -76.9992 0.528863
v 6.49209 -76.5779 0.165754
v 6.43002 -76.0274 0.116491
v 6.33717 -75.5579 0.399893
v 6.24902 -75.3487 0.907708
v 6.19924 -75.4798 1.44597
v 6.20684 -75.9011 1.80908
v 6.26892 -76.4517 1.85834
v 9.04304 -76.6007 1.88965
v 9.13823 -76.7984 1.37852
v 9.18032 -76.6574 0.84211
v 9.15325 -76.2315 0.485315
v 9.06734 -75.6835 0.444416
v 8.95542 -75.2226 0.735034
v 8.86023 -75.0249 1.24616
v 8.81814 -75.166 1.78257
v 8.84521 -75.5918 2.13937
v 8.93112 -76.1399 2.18027
v 11.7076 -76.1708 2.19954
v 11.8087 -76.356 1.68488
v 11.8421 -76.2047 1.15065
v 11.7949 -75.7747 0.800922
v 11.6852 -75.2303 0.769274
v 11.5549 -74.7795 1.0678
v 11.4538 -74.5943 1.58246
v 11.4205 -74.7456 2.11669
v 11.4677 -75.1755 2.46642
v 11.5774 -75.7199 2.49806
v 14.3506 -75.6324 2.50365
v 14.4564 -75.8041 1.98526
v 14.4798 -75.6423 1.4536
v 14.4119 -75.2088 1.11174
v 14.2786 -74.6692 1.09027
v 14.1308 -74.2296 1.39739
v 14.025 -74.0579 1.91578
v 14.0016 -74.2197 2.44744
v 14.0696 -74.6532 2.78929
v 14.2029 -75.1928 2.81076
v 16.9672 -74.9869 2.80102
v 17.0762 -75.1442 2.27875
v 17.0885 -74.9717 1.75009
v 16.9992 -74.5352 1.41698
v 16.8425 -74.0016 1.40664
v 16.6783 -73.5747 1.72303
v 16.5692 -73.4174 2.2453
v 16.557 -73.5899 2.77395
v 16.6462 -74.0263 3.10707
v 16.8029 -74.5599 3.11741
v 19.5526 -74.2359 3.09069
v 19.6634 -74.3779 2.56445
v 19.6632 -74.1945 2.0393
v 19.552 -73.7559 1.71584
v 19.3723 -73.2295 1.71762
v 19.1927 -72.8164 2.04396
v 19.0818 -72.6744 2.57021
v 19.082 -72.8578 3.09535
v 19.1932 -73.2964 3.41881
v 19.3729 -73.8228 3.41703
v 22.1021 -73.3811 3.37176
v 22.2132 -73.507 2.84149
v 22.1992 -73.3129 2.32042
v 22.0655 -72.8728 2.00759
v 21.8632 -72.3549 2.02249
v 21.6695 -71.957 2.35942
v 21.5584 -71.831 2.8897
v 21.5724 -72.0252 3.41076
v 21.7061 -72.4652 3.72359
v 21.9084 -72.9832 3.7087
v 24.6113 -72.4246 3.64333
v 24.7209 -72.5339 3.10905
v 24.6918 -72.3291 2.59271
v 24.5351 -71.8885 2.29153
v 24.3108 -71.3803 2.32055
v 24.1045 -70.9987 2.66869
v 23.9949 -70.8895 3.20296
v 24.024 -71.0942 3.7193
v 24.1806 -71.5349 4.02048
v 24.405 -72.043 3.99146
v 27.0758 -71.3687 3.90453
v 27.182 -71.4608 3.36635
v 27.1364 -71.2456 2.85545
v 26.9564 -70.8054 2.56698
v 26.7108 -70.3083 2.61112
v 26.4933 -69.9442 2.97101
v 26.3871 -69.8521 3.50919
v 26.4327 -70.0673 4.02009
v 26.6127 -70.5075 4.30856
v 26.8583 -71.0046 4.26442
v 29.4912 -70.2159 4.15454
v 29.5922 -70.2904 3.61264
v 29.5287 -70.0653 3.10798
v 29.3251 -69.6266 2.8333
v 29.059 -69.1418 2.89354
v 28.8322 -68.7962 3.26568
v 28.7312 -68.7217 3.80757
v 28.7947 -68.9468 4.31224
v 28.9983 -69.3855 4.58691
v 29.2644 -69.8703 4.52668
v 31.8535 -68.9689 4.3926
v 31.9472 -69.0256 3.84727
v 31.8646 -68.7911 3.34969
v 31.6371 -68.355 3.08992
v 31.3517 -67.8839 3.16718
v 31.1173 -67.5577 3.55196
v 31.0235 -67.501 4.09729
v 31.1062 -67.7355 4.59487
v 31.3337 -68.1716 4.85464
v 31.6191 -68.6427 4.77738
v 34.1586 -67.6306 4.61798
v 34.2432 -67.6694 4.06959
v 34.1402 -67.4264 3.58002
v 33.8888 -66.9942 3.33626
v 33.5852 -66.538 3.43141
v 33.3452 -66.232 3.82914
v 33.2606 -66.1931 4.37753
v 33.3637 -66.4362 4.8671
v 33.6151 -66.8683 5.11086
v 33.9187 -67.3246 5.01571
v 36.4029 -66.204 4.83003
v 36.4764 -66.2253 4.27908
v 36.3517 -65.9746 3.79848
v 36.0766 -65.5476 3.5718
v 35.7561 -65.1074 3.68564
v 35.5126 -64.8223 4.0965
v 35.4392 -64.801 4.64746
v 35.5639 -65.0517 5.12806
v 35.839 -65.4787 5.35473
v 36.1595 -65.9189 5.24089
v 38.5828 -64.6926 5.02817
v 38.6431 -64.6967 4.47523
v 38.4958 -64.4393 4.00461
v 38.1972 -64.0189 3.79606
v 37.8614 -63.596 3.92925
v 37.6166 -63.3321 4.3533
v 37.5563 -63.328 4.90624
v 37.7035 -63.5854 5.37687
v 38.0021 -64.0058 5.58541
v 38.338 -64.4287 5.45222
v 40.6948 -63.0997 5.21189
v 40.74 -63.0872 4.65765
v 40.5693 -62.8246 4.19802
v 40.2477 -62.4121 4.00857
v 39.8982 -62.0074 4.16166
v 39.6542 -61.765 4.59882
v 39.6089 -61.7776 5.15306
v 39.7797 -62.0402 5.61269
v 40.1012 -62.4526 5.80214
v 40.4508 -62.8573 5.64905
v 42.7357 -61.429 5.38075
v 42.7642 -61.4008 4.82597
v 42.5693 -61.1343 4.37835
v 42.2255 -60.7312 4.20887
v 41.864 -60.3456 4.38226
v 41.623 -60.1248 4.8323
v 41.5945 -60.153 5.38708
v 41.7894 -60.4195 5.8347
v 42.1333 -60.8226 6.00418
v 42.4947 -61.2082 5.83079
v 44.7028 -59.6843 5.53439
v 44.7129 -59.6415 4.97991
v 44.4934 -59.3725 4.54528
v 44.1281 -58.9803 4.39653
v 43.7566 -58.6145 4.59046
v 43.5208 -58.415 5.05301
v 43.5107 -58.4579 5.60749
v 43.7302 -58.7268 6.04212
v 44.0954 -59.119 6.19087
v 44.4669 -59.4848 5.99694
v 46.5932 -57.8695 5.67252
v 46.5835 -57.8133 5.11922
v 46.3392 -57.5436 4.69852
v 45.9536 -57.1635 4.57111
v 45.574 -56.8182 4.78565
v 45.3454 -56.6395 5.26021
v 45.3551 -56.6957 5.8135
v 45.5994 -56.9654 6.2342
v 45.985 -57.3455 6.36162
v 46.3646 -57.6908 6.14707
v 48.4047 -55.9886 5.79493
v 48.374 -55.9205 5.24373
v 48.1049 -55.6518 4.83781
v 47.7002 -55.2852 4.7322
v 47.3144 -54.9606 4.96724
v 47.095 -54.8021 5.45316
v 47.1257 -54.8701 6.00435
v 47.3948 -55.1388 6.41028
v 47.7995 -55.5055 6.51589
v 48.1853 -55.8301 6.28085
v 50.1351 -54.0458 5.90145
v 50.0824 -53.9675 5.35328
v 49.7888 -53.7015 4.96288
v 49.3663 -53.3494 4.87936
v 48.9764 -53.0458 5.13463
v 48.768 -52.9065 5.63117
v 48.8207 -52.9848 6.17934
v 49.1143 -53.2508 6.56974
v 49.5367 -53.6029 6.65326
v 49.9266 -53.9066 6.39799
v 51.7825 -52.0454 5.99198
v 51.7072 -51.9586 5.44775
v 51.3895 -51.697 5.0735
v 50.9509 -51.3605 5.01219
v 50.5587 -51.0777 5.28723
v 50.3629 -50.9566 5.79357
v 50.4382 -51.0434 6.3378
v 50.7559 -51.305 6.71204
v 51.1946 -51.6414 6.77335
v 51.5867 -51.9242 6.49831
v 53.3455 -49.9914 6.06645
v 53.2472 -49.898 5.52701
v 52.9062 -49.6425 5.16942
v 52.4529 -49.3226 5.13026
v 52.0603 -49.0605 5.42448
v 51.8785 -48.9562 5.93971
v 51.9769 -49.0496 6.47915
v 52.3179 -49.3051 6.83674
v 52.7712 -49.625 6.8759
v 53.1637 -49.8871 6.58168
v 54.8229 -47.8884 6.12483
v 54.7014 -47.7902 5.59099
v 54.338 -47.5425 5.25041
v 53.8716 -47.2398 5.23318
v 53.4804 -46.9978 5.54587
v 53.3137 -46.9089 6.06904
v 53.4353 -47.0071 6.60288
v 53.7987 -47.2548 6.94346
v 54.265 -47.5575 6.96069
v 54.6563 -47.7995 6.64801
v 56.2137 -45.7404 6.1671
v 56.0691 -45.6394 5.6396
v 55.6844 -45.401 5.31624
v 55.2066 -45.1161 5.32056
v 54.8183 -44.8937 5.65088
v 54.6677 -44.8187 6.18105
v 54.8124 -44.9197 6.70856
v 55.197 -45.1581 7.03191
v 55.6748 -45.443 7.0276
v 56.0631 -45.6654 6.69728
v 57.5173 -43.5519 6.19329
v 57.3499 -43.4499 5.67274
v 56.9451 -43.2221 5.36669
v 56.4576 -42.9555 5.39204
v 56.0736 -42.7519 5.7391
v 55.9397 -42.6891 6.27531
v 56.1071 -42.7911 6.79586
v 56.5119 -43.0189 7.10191
v 56.9994 -43.2855 7.07656
v 57.3834 -43.4891 6.7295
v 58.7333 -41.3269 6.2034
v 58.5437 -41.2258 5.69036
v 58.1201 -41.01 5.40155
v 57.6244 -40.7618 5.44731
v 57.2459 -40.5761 5.81014
v 57.1292 -40.5239 6.35147
v 57.3188 -40.625 6.86451
v 57.7423 -40.8408 7.15332
v 58.238 -41.089 7.10756
v 58.6165 -41.2747 6.74473
v 59.8615 -39.0697 6.19747
v 59.6505 -38.9711 5.69237
v 59.2095 -38.7683 5.42064
v 58.7071 -38.5387 5.48608
v 58.3352 -38.37 5.8637
v 58.2358 -38.3266 6.40925
v 58.4469 -38.4251 6.91436
v 58.8878 -38.6279 7.18608
v 59.3902 -38.8575 7.12064
v 59.7621 -39.0263 6.74303
v 60.9022 -36.7841 6.17555
v 60.6705 -36.6898 5.67872
v 60.2136 -36.501 5.42379
v 59.706 -36.2898 5.50813
v 59.3415 -36.137 5.89953
v 59.2594 -36.1008 6.44848
v 59.4911 -36.1952 6.9453
v 59.948 -36.3839 7.20023
v 60.4556 -36.5951 7.11589
v 60.8201 -36.7479 6.7245
v 61.8556 -34.4741 6.13768
v 61.6043 -34.3855 5.64939
v 61.1329 -34.2115 5.41089
v 60.6213 -34.0187 5.51329
v 60.265 -33.8807 5.91747
v 60.2 -33.8501 6.46905
v 60.4512 -33.9387 6.95734
v 60.9227 -34.1127 7.19583
v 61.4343 -34.3055 7.09344
v 61.7906 -34.4435 6.68926
v 62.7222 -32.1434 6.08394
v 62.4525 -32.0619 5.60434
v 61.9679 -31.9035 5.38184
v 61.4536 -31.7287 5.50143
v 61.1059 -31.6044 5.91742
v 61.0577 -31.5779 6.47093
v 61.3274 -31.6595 6.95053
v 61.8119 -31.8179 7.17303
v 62.3263 -31.9926 7.05344
v 62.674 -32.117 6.63744
v 63.5027 -29.7957 6.01442
v 63.2157 -29.7225 5.5436
v 62.7194 -29.5802 5.33661
v 62.2034 -29.4231 5.47251
v 61.8648 -29.3114 5.89938
v 61.8329 -29.2875 6.45418
v 62.1199 -29.3608 6.925
v 62.6161 -29.5031 7.13199
v 63.1322 -29.6601 6.99609
v 63.4708 -29.7719 6.56922
v 64.1981 -27.4345 5.92923
v 63.895 -27.3706 5.46722
v 63.3883 -27.2448 5.2752
v 62.8716 -27.105 5.42653
v 62.5423 -27.0048 5.86339
v 62.526 -26.9822 6.41893
v 62.8291 -27.0461 6.88094
v 63.3358 -27.1719 7.07296
v 63.8524 -27.3117 6.92163
v 64.1818 -27.412 6.48477
v 64.8092 -25.0629 5.82851
v 64.4912 -25.0094 5.37527
v 63.9755 -24.9004 5.19767
v 63.459 -24.7775 5.36357
v 63.1391 -24.6877 5.80958
v 63.1378 -24.6652 6.36536
v 63.4558 -24.7187 6.8186
v 63.9715 -24.8277 6.9962
v 64.488 -24.9506 6.83031
v 64.808 -25.0405 6.38429
v 65.3373 -22.6843 5.71244
v 65.0057 -22.642 5.26788
v 64.4821 -22.5499 5.10413
v 63.9666 -22.4434 5.28375
v 63.656 -22.363 5.73814
v 63.669 -22.3394 6.29372
v 64.0006 -22.3818 6.73828
v 64.5241 -22.4738 6.90203
v 65.0397 -22.5804 6.72241
v 65.3503 -22.6608 6.26802
v 65.7835 -20.3016 5.58122
v 65.4394 -20.2711 5.14521
v 64.9092 -20.1962 4.99474
v 64.3953 -20.1054 5.18729
v 64.094 -20.0335 5.64931
v 64.1205 -20.0079 6.20432
v 64.4645 -20.0384 6.64033
v 64.9947 -20.1133 6.7908
v 65.5086 -20.204 6.59825
v 65.8099 -20.2759 6.13624
v 66.1491 -17.9175 5.4351
v 65.7938 -17.8995 5.00749
v 65.258 -17.8417 4.86972
v 64.7464 -17.7662 5.07442
v 64.4543 -17.7019 5.5434
v 64.4933 -17.6733 6.09752
v 64.8486 -17.6913 6.52513
v 65.3844 -17.7491 6.6629
v 65.8961 -17.8246 6.4582
v 66.1882 -17.8889 5.98922
v 66.4356 -15.5348 5.27435
v 66.0702 -15.5296 4.85496
v 65.5299 -15.489 4.72934
v 65.021 -15.4283 4.94547
v 64.7379 -15.3708 5.42079
v 64.7887 -15.3384 5.97374
v 65.154 -15.3435 6.39312
v 65.6944 -15.3842 6.51874
v 66.2033 -15.4448 6.30262
v 66.4864 -15.5024 5.8273
v 66.6444 -13.1559 5.09929
v 66.27 -13.164 4.68794
v 65.7261 -13.1404 4.57392
v 65.2204 -13.094 4.80078
v 64.946 -13.0425 5.28188
v 65.0078 -13.0056 5.83344
v 65.3821 -12.9974 6.24479
v 65.926 -13.0211 6.35881
v 66.4317 -13.0675 6.13194
v 66.7061 -13.119 5.65085
v 66.7769 -10.7831 4.91029
v 66.3947 -10.8049 4.50677
v 65.8481 -10.7981 4.40383
v 65.3459 -10.7655 4.64079
v 65.08 -10.7193 5.12714
v 65.1518 -10.6774 5.67711
v 65.5341 -10.6556 6.08063
v 66.0806 -10.6623 6.18357
v 66.5828 -10.695 5.94661
v 66.8488 -10.7411 5.46026
v 66.8347 -8.41867 4.70775
v 66.4456 -8.45423 4.31185
v 65.8972 -8.46421 4.21948
v 65.3989 -8.4448 4.46594
v 65.1411 -8.40341 4.95708
v 65.2223 -8.35584 5.5053
v 65.6114 -8.32028 5.9012
v 66.1598 -8.3103 5.99357
v 66.658 -8.32971 5.74711
v 66.9159 -8.37111 5.25597
v 66.8194 -6.06456 4.49212
v 66.4244 -6.11404 4.10362
v 65.8749 -6.14054 4.02135
v 65.3808 -6.13392 4.27675
v 65.1308 -6.09671 4.77224
v 65.2205 -6.04313 5.31859
v 65.6154 -5.99365 5.70709
v 66.1649 -5.96715 5.78936
v 66.659 -5.97377 5.53396
v 66.909 -6.01098 5.03846
v 66.7324 -3.72262 4.26388
v 66.3324 -3.78611 3.88257
v 65.7826 -3.82888 3.80995
v 65.2929 -3.83461 4.07376
v 65.0505 -3.80111 4.57324
v 65.1478 -3.74117 5.1176
v 65.5478 -3.67769 5.49891
v 66.0976 -3.63491 5.57153
v 66.5872 -3.62918 5.30772
v 66.8297 -3.66268 4.80824
v 66.5753 -1.39458 4.02356
v 66.1712 -1.47207 3.64922
v 65.6217 -1.53088 3.58582
v 65.1367 -1.54855 3.85757
v 64.9014 -1.51832 4.36068
v 65.0058 -1.45175 4.90297
v 65.4098 -1.37426 5.27731
v 65.9593 -1.31544 5.34071
v 66.4443 -1.29778 5.06896
v 66.6796 -1.32801 4.56585
v 66.3496 0.918002 3.77172
v 65.9422 0.826532 3.40414
v 65.3937 0.751947 3.34956
v 64.9136 0.722737 3.62881
v 64.6852 0.750057 4.13524
v 64.7957 0.823474 4.6754
v 65.2031 0.914944 5.04298
v 65.7515 0.989529 5.09756
v 66.2317 1.01874 4.81831
v 66.4601 0.991419 4.31188
v 66.0567 3.21368 3.50895
v 65.6469 3.10831 3.14794
v 65.1 3.01822 3.10179
v 64.6248 2.97782 3.38814
v 64.403 3.00255 3.89761
v 64.5191 3.08296 4.4356
v 64.929 3.18834 4.79662
v 65.4759 3.27843 4.84276
v 65.9511 3.31882 4.55641
v 66.1729 3.29409 4.04694
v 65.6983 5.49114 3.23591
v 65.2867 5.37197 2.88125
v 64.7418 5.26665 2.84319
v 64.2718 5.2154 3.13627
v 64.0563 5.23781 3.64852
v 64.1774 5.32531 4.18431
v 64.589 5.44448 4.53896
v 65.1338 5.5498 4.57702
v 65.6038 5.60105 4.28395
v 65.8194 5.57864 3.77169
v 65.2755 7.74917 2.95325
v 64.8628 7.61634 2.60476
v 64.3206 7.49606 2.57445
v 63.8559 7.43427 2.8739
v 63.6463 7.45457 3.38873
v 63.7718 7.54922 3.92229
v 64.1845 7.68205 4.27077
v 64.7267 7.80233 4.30108
v 65.1914 7.86412 4.00163
v 65.401 7.84381 3.48681
v 64.7897 9.98666 2.66168
v 64.3766 9.84034 2.31917
v 63.8375 9.70537 2.2963
v 63.3783 9.63331 2.60181
v 63.1744 9.65169 3.11901
v 63.3037 9.75349 3.65033
v 63.7169 9.89982 3.99284
v 64.256 10.0348 4.01571
v 64.7152 10.1068 3.7102
v 64.9191 10.0885 3.19301
v 64.2423 12.2026 2.36193
v 63.8294 12.043 2.02521
v 63.2938 11.8936 2.0095
v 62.8402 11.8115 2.32078
v 62.6418 11.8281 2.84016
v 62.7744 11.937 3.36926
v 63.1874 12.0967 3.70597
v 63.7229 12.2461 3.72169
v 64.1765 12.3281 3.41041
v 64.3749 12.3115 2.89103
v 63.6344 14.3961 2.05475
v 63.2222 14.2233 1.72366
v 62.6906 14.0598 1.71482
v 62.2427 13.9679 2.0316
v 62.0496 13.9828 2.55302
v 62.185 14.0988 3.0799
v 62.5972 14.2716 3.41099
v 63.1288 14.4351 3.41984
v 63.5767 14.527 3.10305
v 63.7698 14.5121 2.58163
v 62.9671 16.5662 1.74094
v 62.5561 16.3805 1.41529
v 62.029 16.2031 1.41307
v 61.5869 16.1016 1.73511
v 61.3989 16.1149 2.25842
v 61.5366 16.2379 2.7831
v 61.9476 16.4236 3.10875
v 62.4747 16.6011 3.11098
v 62.9167 16.7025 2.78893
v 63.1048 16.6892 2.26562
v 62.2414 18.7122 1.4213
v 61.8322 18.5138 1.10093
v 61.3099 18.3227 1.10508
v 60.8739 18.2118 1.43216
v 60.6907 18.2236 1.95723
v 60.8304 18.3535 2.47974
v 61.2395 18.5518 2.80011
v 61.7619 18.743 2.79596
v 62.1979 18.8538 2.46888
v 62.381 18.8421 1.94381
v 61.4583 20.8333 1.09664
v 61.0514 20.6224 0.781394
v 60.5343 20.4178 0.791686
v 60.1044 20.2977 1.12359
v 59.926 20.3079 1.65032
v 60.0672 20.4446 2.17069
v 60.474 20.6555 2.48594
v 60.9912 20.86 2.47565
v 61.4211 20.9801 2.14375
v 61.5995 20.9699 1.61702
v 60.6187 22.9287 0.76783
v 60.2146 22.7056 0.457539
v 59.703 22.4878 0.473754
v 59.2794 22.3585 0.810281
v 59.1056 22.3672 1.33858
v 59.2479 22.5105 1.85685
v 59.652 22.7336 2.16714
v 60.1636 22.9514 2.15093
v 60.5872 23.0807 1.8144
v 60.761 23.072 1.28611
v 59.7233 24.9978 0.435716
v 59.3224 24.7626 0.130227
v 58.8168 24.5318 0.152155
v 58.3996 24.3936 0.493124
v 58.2303 24.4007 1.0229
v 58.3734 24.5504 1.53912
v 58.7743 24.7856 1.84461
v 59.2799 25.0164 1.82268
v 59.6971 25.1546 1.48171
v 59.8664 25.1475 0.951936
v 58.7729 27.0398 0.101175
v 58.3756 26.7928 -0.199668
v 57.8763 26.5492 -0.17223
v 57.4657 26.402 0.173009
v 57.3007 26.4075 0.704181
v 57.4443 26.5636 1.21839
v 57.8417 26.8106 1.51924
v 58.341 27.0542 1.4918
v 58.7515 27.2014 1.14656
v 58.9165 27.1959 0.615389
v 57.768 29.0541 -0.234909
v 57.3747 28.7954 -0.531261
v 56.8821 28.5392 -0.49851
v 56.4783 28.3832 -0.149163
v 56.3176 28.387 0.383339
v 56.4614 28.5493 0.895599
v 56.8547 28.8079 1.19195
v 57.3473 29.0641 1.1592
v 57.7511 29.2201 0.809854
v 57.9117 29.2163 0.277352
v 56.7092 31.0398 -0.571644
v 56.3203 30.7698 -0.86366
v 55.8347 30.5011 -0.825787
v 55.438 30.3363 -0.472492
v 55.2815 30.3385 0.0612798
v 55.4252 30.5066 0.571644
v 55.814 30.7767 0.86366
v 56.2996 31.0454 0.825787
v 56.6963 31.2101 0.472492
v 56.8528 31.208 -0.0612798
v 55.5968 32.9963 -0.908134
v 55.2128 32.7151 -1.19597
v 54.7347 32.4341 -1.15316
v 54.3451 32.2606 -0.796072
v 54.1928 32.261 -0.261087
v 54.3361 32.4349 0.247444
v 54.7201 32.7161 0.535279
v 55.1982 32.9971 0.492475
v 55.5878 33.1706 0.135381
v 55.7401 33.1703 -0.399604
v 54.4315 34.9227 -1.24348
v 54.0527 34.6305 -1.52729
v 53.5823 34.3374 -1.47974
v 53.2001 34.1553 -1.119
v 53.052 34.1537 -0.582853
v 53.1946 34.3333 -0.0760911
v 53.5734 34.6255 0.20772
v 54.0437 34.9186 0.160173
v 54.4259 35.1008 -0.200569
v 54.574 35.1023 -0.736717
v 53.2133 36.8182 -1.57678
v 52.8401 36.5153 -1.85673
v 52.378 36.2102 -1.80463
v 52.0034 36.0194 -1.44038
v 51.8594 36.0159 -0.903118
v 52.0011 36.2009 -0.398055
v 52.3742 36.5038 -0.118107
v 52.8364 36.809 -0.170206
v 53.211 36.9997 -0.534452
v 53.3549 37.0033 -1.07171
v 51.9426 38.6819 -1.90713
v 51.5755 38.3684 -2.18338
v 51.1219 38.0514 -2.12692
v 50.7552 37.8521 -1.75932
v 50.6153 37.8464 -1.22099
v 50.7558 38.0367 -0.717549
v 51.1229 38.3502 -0.441301
v 51.5765 38.6672 -0.49776
v 51.9432 38.8666 -0.865362
v 52.0831 38.8722 -1.40369
v 50.6197 40.5128 -2.23365
v 50.259 40.1889 -2.50637
v 49.8144 39.8602 -2.44575
v 49.4557 39.6523 -2.07494
v 49.32 39.6445 -1.53558
v 49.459 39.8398 -1.03368
v 49.8197 40.1637 -0.760967
v 50.2643 40.4924 -0.821591
v 50.623 40.7004 -1.1924
v 50.7587 40.7082 -1.73176
v 49.2447 42.3098 -2.55545
v 48.8908 41.9758 -2.82482
v 48.4555 41.6355 -2.76023
v 48.1052 41.419 -2.38636
v 47.9736 41.4089 -1.84601
v 48.111 41.6091 -1.34559
v 48.4649 41.9432 -1.07622
v 48.9001 42.2834 -1.14081
v 49.2505 42.5 -1.51468
v 49.3821 42.5101 -2.05503
v 47.8177 44.0719 -2.87166
v 47.471 43.7278 -3.13785
v 47.0456 43.3761 -3.0695
v 46.7039 43.151 -2.69273
v 46.5764 43.1385 -2.15144
v 46.7119 43.3434 -1.65239
v 47.0586 43.6874 -1.3862
v 47.484 44.0392 -1.45454
v 47.8257 44.2643 -1.83132
v 47.9532 44.2768 -2.37261
v 46.3389 45.7976 -3.1814
v 45.9999 45.4438 -3.44461
v 45.5847 45.0808 -3.37272
v 45.2518 44.8472 -2.9932
v 45.1286 44.8322 -2.45101
v 45.2619 45.0415 -1.95325
v 45.601 45.3953 -1.69004
v 46.0162 45.7584 -1.76193
v 46.349 45.992 -2.14145
v 46.4723 46.007 -2.68364
v 44.8085 47.4858 -3.48385
v 44.4775 47.1225 -3.74427
v 44.0729 46.7483 -3.66907
v 43.7493 46.5061 -3.28696
v 43.6302 46.4885 -2.74391
v 43.7612 46.7021 -2.24734
v 44.0922 47.0655 -1.98692
v 44.4968 47.4397 -2.06212
v 44.8205 47.6818 -2.44422
v 44.9395 47.6995 -2.98727
v 43.2266 49.135 -3.77816
v 42.9041 48.7623 -4.036
v 42.5106 48.3771 -3.95772
v 42.1964 48.1264 -3.57321
v 42.0816 48.106 -3.02934
v 42.2099 48.3238 -2.53385
v 42.5325 48.6964 -2.27601
v 42.926 49.0817 -2.35429
v 43.2402 49.3323 -2.7388
v 43.355 49.3527 -3.28267
v 41.5934 50.7436 -4.06353
v 41.2797 50.3618 -4.31901
v 40.8977 49.9657 -4.23789
v 40.5933 49.7066 -3.85115
v 40.4828 49.6833 -3.30651
v 40.6083 49.9049 -2.81201
v 40.922 50.2867 -2.55652
v 41.304 50.6828 -2.63764
v 41.6084 50.942 -3.02438
v 41.7189 50.9652 -3.56902
v 39.909 52.31 -4.33917
v 39.6047 51.9194 -4.59253
v 39.2347 51.5126 -4.50883
v 38.9404 51.245 -4.12005
v 38.8341 51.2188 -3.57468
v 38.9566 51.444 -3.08105
v 39.2609 51.8346 -2.82769
v 39.6309 52.2414 -2.91138
v 39.9252 52.509 -3.30017
v 40.0314 52.5353 -3.84553
v 38.1737 53.8326 -4.60432
v 37.8791 53.4333 -4.85579
v 37.5216 53.016 -4.76979
v 37.2377 52.7399 -4.37917
v 37.1359 52.7106 -3.83313
v 37.255 52.9392 -3.34024
v 37.5496 53.3385 -3.08877
v 37.9071 53.7558 -3.17477
v 38.191 54.0319 -3.56539
v 38.2928 54.0612 -4.11143
v 36.3879 55.3093 -4.85825
v 36.1035 54.9018 -5.10808
v 35.7589 54.4741 -5.02006
v 35.4857 54.1897 -4.62781
v 35.3883 54.1571 -4.08114
v 35.5039 54.3889 -3.58888
v 35.7883 54.7964 -3.33904
v 36.1328 55.2241 -3.42706
v 36.406 55.5085 -3.81931
v 36.5034 55.5411 -4.36598
v 34.5519 56.7384 -5.10024
v 34.2781 56.3228 -5.34871
v 33.9469 55.885 -5.25897
v 33.6848 55.5922 -4.8653
v 33.5919 55.5563 -4.31807
v 33.7036 55.791 -3.82629
v 33.9774 56.2066 -3.57782
v 34.3086 56.6444 -3.66756
v 34.5707 56.9371 -4.06123
v 34.6636 56.973 -4.60847
v 32.6661 58.1177 -5.32963
v 32.4035 57.6944 -5.57701
v 32.0862 57.2467 -5.48587
v 31.8354 56.9456 -5.09102
v 31.7471 56.9062 -4.54327
v 31.8548 57.1435 -4.05185
v 32.1174 57.5668 -3.80447
v 32.4347 58.0145 -3.89561
v 32.6854 58.3156 -4.29046
v 32.7738 58.355 -4.83821
v 30.7312 59.4451 -5.54576
v 30.4801 59.0144 -5.79236
v 30.1772 58.5571 -5.70015
v 29.9382 58.2479 -5.30435
v 29.8544 58.2048 -4.75615
v 29.9578 58.4444 -4.26495
v 30.209 58.8751 -4.01835
v 30.5119 59.3325 -4.11056
v 30.7509 59.6417 -4.50636
v 30.8346 59.6847 -5.05455
v 28.7478 60.7185 -5.74804
v 28.5086 60.2808 -5.99416
v 28.2206 59.8141 -5.90122
v 27.9937 59.4968 -5.50474
v 27.9146 59.4499 -4.95616
v 28.0135 59.6916 -4.46501
v 28.2527 60.1293 -4.21889
v 28.5408 60.596 -4.31183
v 28.7677 60.9133 -4.70831
v 28.8468 60.9601 -5.25689
v 26.7168 61.9355 -5.9359
v 26.49 61.4911 -6.18185
v 26.2172 61.0154 -6.08855
v 26.0028 60.6901 -5.69165
v 25.9284 60.6393 -5.14275
v 26.0227 60.8826 -4.6515
v 26.2495 61.327 -4.40555
v 26.5222 61.8027 -4.49884
v 26.7367 62.1281 -4.89574
v 26.811 62.1788 -5.44465
v 24.639 63.0938 -6.10878
v 24.425 62.6432 -6.35491
v 24.168 62.1588 -6.26164
v 23.9663 61.8255 -5.8646
v 23.8969 61.7707 -5.31545
v 23.9862 62.0153 -4.82394
v 24.2002 62.4659 -4.57782
v 24.4571 62.9504 -4.67109
v 24.6588 63.2836 -5.06813
v 24.7283 63.3384 -5.61728
v 22.5155 64.191 -6.26621
v 22.3147 63.7346 -6.51286
v 22.074 63.2418 -6.42001
v 21.8855 62.9008 -6.02313
v 21.821 62.8418 -5.47381
v 21.9052 63.0873 -4.98188
v 22.106 63.5437 -4.73523
v 22.3466 64.0365 -4.82808
v 22.5352 64.3775 -5.22496
v 22.5997 64.4365 -5.77428
v 20.3476 65.2246 -6.40772
v 20.1604 64.763 -6.65526
v 19.9365 64.2622 -6.56325
v 19.7613 63.9135 -6.16683
v 19.7019 63.8501 -5.61743
v 19.7809 64.0962 -5.1249
v 19.9681 64.5578 -4.87736
v 20.192 65.0586 -4.96937
v 20.3671 65.4073 -5.36579
v 20.4266 65.4707 -5.91519
v 18.1366 66.1921 -6.53291
v 17.9634 65.7257 -6.78171
v 17.7566 65.2174 -6.69097
v 17.5953 64.8612 -6.29534
v 17.5411 64.7933 -5.74594
v 17.6147 65.0395 -5.25263
v 17.7879 65.5058 -5.00383
v 17.9947 66.0142 -5.09458
v 18.156 66.3704 -5.4902
v 18.2102 66.4383 -6.0396
v 15.8842 67.091 -6.6414
v 15.7252 66.6205 -6.89185
v 15.5361 66.105 -6.80283
v 15.389 65.7416 -6.40832
v 15.3401 65.6689 -5.85903
v 15.4081 65.9148 -5.36476
v 15.5671 66.3853 -5.11431
v 15.7562 66.9008 -5.20334
v 15.9033 67.2642 -5.59784
v 15.9522 67.3369 -6.14713
v 13.5919 67.9189 -6.73287
v 13.4476 67.4447 -6.98537
v 13.2765 66.9226 -6.89853
v 13.1439 66.552 -6.5055
v 13.1006 66.4745 -5.95642
v 13.163 66.7195 -5.46101
v 13.3073 67.1937 -5.2085
v 13.4784 67.7158 -5.29534
v 13.611 68.0864 -5.68837
v 13.6543 68.1639 -6.23746
v 11.2619 68.6731 -6.80702
v 11.1324 68.196 -7.062
v 10.9797 67.6678 -6.97782
v 10.8621 67.2902 -6.58664
v 10.8244 67.2076 -6.03787
v 10.8811 67.4514 -5.54114
v 11.0105 67.9285 -5.28616
v 11.1632 68.4567 -5.37034
v 11.2809 68.8342 -5.76152
v 11.3186 68.9169 -6.31029
v 8.89604 69.3512 -6.86363
v 8.78177 68.8717 -7.1215
v 8.64785 68.338 -7.04048
v 8.54545 67.9538 -6.65153
v 8.51367 67.8658 -6.10322
v 8.56465 68.1078 -5.60497
v 8.67893 68.5872 -5.3471
v 8.81284 69.121 -5.42812
v 8.91525 69.5052 -5.81707
v 8.94703 69.5931 -6.36538
v 6.49675 69.9507 -6.9025
v 6.39783 69.4696 -7.16369
v 6.28306 68.9309 -7.08636
v 6.19627 68.5402 -6.70004
v 6.17062 68.4469 -6.15231
v 6.2159 68.6864 -5.65237
v 6.31481 69.1675 -5.39118
v 6.42959 69.7062 -5.46851
v 6.51637 70.0969 -5.85482
v 6.54203 70.1903 -6.40256
v 4.06646 70.4692 -6.92349
v 3.98307 69.9873 -7.18844
v 3.88776 69.4442 -7.11532
v 3.81695 69.0473 -6.73206
v 3.79767 68.9483 -6.18506
v 3.8373 69.185 -5.68324
v 3.9207 69.6669 -5.41828
v 4.016 70.21 -5.4914
v 4.08682 70.6068 -5.87466
v 4.10609 70.7058 -6.42167
v 1.60785 70.9044 -6.92648
v 1.54009 70.4224 -7.19565
v 1.46454 69.8755 -7.12729
v 1.41006 69.4728 -6.74753
v 1.39745 69.368 -6.20141
v 1.43153 69.6011 -5.69754
v 1.49929 70.0831 -5.42838
v 1.57484 70.6299 -5.49673
v 1.62932 71.0327 -5.87649
v 1.64193 71.1375 -6.42261
v -0.876248 71.254 -6.91143
v -0.928303 70.7726 -7.18527
v -0.983836 70.2228 -7.12224
v -1.02164 69.8144 -6.74643
v -1.02726 69.7036 -6.20139
v -0.998567 69.9326 -5.69529
v -0.946511 70.4139 -5.42146
v -0.890978 70.9638 -5.48448
v -0.853179 71.3721 -5.86029
v -0.847553 71.483 -6.40534
v -3.38278 71.5158 -6.87833
v -3.41913 71.036 -7.15729
v -3.45442 70.4838 -7.10018
v -3.47519 70.0702 -6.7288
v -3.47348 69.9532 -6.18502
v -3.44997 70.1774 -5.67654
v -3.41362 70.6573 -5.39758
v -3.37832 71.2095 -5.45469
v -3.35756 71.623 -5.82607
v -3.35927 71.74 -6.36985
v -5.90853 71.6878 -6.82721
v -5.92923 71.2103 -7.11176
v -5.9441 70.6566 -7.06115
v -5.94748 70.2381 -6.69471
v -5.93807 70.1148 -6.15241
v -5.91946 70.3337 -5.64139
v -5.89877 70.8112 -5.35684
v -5.88389 71.3649 -5.40745
v -5.88052 71.7833 -5.77389
v -5.88993 71.9067 -6.31619
v -8.4501 71.7681 -6.75816
v -8.45526 71.2938 -7.04876
v -8.44958 70.7393 -7.00526
v -8.43523 70.3164 -6.64428
v -8.41769 70.1866 -6.1037
v -8.40366 70.3994 -5.59
v -8.39851 70.8737 -5.2994
v -8.40419 71.4282 -5.3429
v -8.41854 71.8511 -5.70388
v -8.43608 71.9809 -6.24446
v -11.0039 71.7548 -6.6713
v -10.9937 71.2847 -6.96841
v -10.9674 70.7303 -6.93265
v -10.935 70.3033 -6.57767
v -10.9089 70.1668 -6.03907
v -10.899 70.373 -5.52258
v -10.9092 70.8431 -5.22546
v -10.9356 71.3976 -5.26122
v -10.968 71.8246 -5.6162
v -10.9941 71.9611 -6.1548
v -13.5663 71.6465 -6.5668
v -13.541 71.1814 -6.87088
v -13.494 70.6278 -6.84349
v -13.4432 70.1972 -6.49509
v -13.408 70.054 -5.95876
v -13.4019 70.253 -5.43936
v -13.4271 70.718 -5.13528
v -13.4742 71.2716 -5.16267
v -13.525 71.7022 -5.51107
v -13.5601 71.8454 -6.0474
v -16.1332 71.4415 -6.4449
v -16.0932 70.9824 -6.7564
v -16.0255 70.4306 -6.73802
v -15.956 69.9969 -6.39679
v -15.9112 69.8469 -5.86304
v -15.9083 70.0379 -5.34065
v -15.9483 70.497 -5.02915
v -16.016 71.0488 -5.04752
v -16.0855 71.4825 -5.38875
v -16.1303 71.6325 -5.9225
v -18.7008 71.1387 -6.30584
v -18.6464 70.6866 -6.6252
v -18.5581 70.1374 -6.61649
v -18.4696 69.7011 -6.28304
v -18.4147 69.5443 -5.75222
v -18.4144 69.7268 -5.22678
v -18.4687 70.1789 -4.90742
v -18.557 70.728 -4.91613
v -18.6455 71.1644 -5.24958
v -18.7004 71.3212 -5.7804
v -21.2647 70.737 -6.14994
v -21.1965 70.2927 -6.47758
v -21.0878 69.7472 -6.4792
v -20.98 69.3089 -6.15418
v -20.9144 69.1452 -5.62667
v -20.916 69.3185 -5.09815
v -20.9842 69.7628 -4.77051
v -21.0929 70.3083 -4.76889
v -21.2007 70.7467 -5.09391
v -21.2663 70.9104 -5.62142
v -23.8208 70.2356 -5.97755
v -23.7394 69.8001 -6.31388
v -23.6104 69.2592 -6.32649
v -23.4831 68.8194 -6.01057
v -23.4061 68.6488 -5.48677
v -23.4089 68.8125 -4.95518
v -23.4903 69.248 -4.61884
v -23.6193 69.7889 -4.60623
v -23.7466 70.2287 -4.92216
v -23.8236 70.3993 -5.44596
v -26.3646 69.6338 -5.78906
v -26.2706 69.2081 -6.13447
v -26.1216 68.6727 -6.15874
v -25.9746 68.2322 -5.8526
v -25.8856 68.0548 -5.33297
v -25.8888 68.2083 -4.79834
v -25.9828 68.634 -4.45292
v -26.1317 69.1694 -4.42865
v -26.2788 69.6099 -4.7348
v -26.3677 69.7873 -5.25443
v -28.8916 68.9312 -5.58491
v -28.7858 68.5162 -5.93977
v -28.6172 67.9874 -5.97636
v -28.4503 67.5468 -5.6807
v -28.3487 67.3627 -5.16573
v -28.3513 67.5055 -4.62814
v -28.457 67.9206 -4.27328
v -28.6256 68.4494 -4.23669
v -28.7926 68.8899 -4.53235
v -28.8942 69.074 -5.04732
v -31.3973 68.1277 -5.36559
v -31.2805 67.7242 -5.73022
v -31.0928 67.203 -5.77979
v -30.9057 66.7631 -5.49535
v -30.7908 66.5726 -4.98555
v -30.7919 66.7043 -4.44512
v -30.9086 67.1078 -4.08049
v -31.0964 67.629 -4.03092
v -31.2835 68.0689 -4.31536
v -31.3984 68.2594 -4.82516
v -33.8769 67.2235 -5.13161
v -33.7502 66.8324 -5.50632
v -33.5438 66.3198 -5.5695
v -33.3365 65.8814 -5.29703
v -33.2076 65.6847 -4.79297
v -33.2062 65.8048 -4.24987
v -33.3329 66.1958 -3.87516
v -33.5394 66.7085 -3.81198
v -33.7466 67.1469 -4.08445
v -33.8756 67.3436 -4.58851
v -36.3259 66.2187 -4.88355
v -36.1902 65.8409 -5.26858
v -35.9658 65.3379 -5.34601
v -35.7382 64.9019 -5.08626
v -35.5946 64.6993 -4.58854
v -35.5897 64.8076 -4.04298
v -35.7254 65.1854 -3.65795
v -35.9498 65.6884 -3.58052
v -36.1773 66.1244 -3.84028
v -36.321 66.327 -4.33799
v -38.7395 65.1142 -4.62202
v -38.5959 64.7504 -5.01758
v -38.3541 64.2581 -5.10985
v -38.1064 63.8252 -4.86359
v -37.9473 63.6172 -4.37286
v -37.9377 63.7134 -3.8251
v -38.0813 64.0772 -3.42954
v -38.3231 64.5695 -3.33727
v -38.5708 65.0024 -3.58353
v -38.7299 65.2104 -4.07426
v -41.1129 63.9107 -4.34766
v -40.9627 63.5617 -4.7539
v -40.7044 63.081 -4.86159
v -40.4365 62.6523 -4.62959
v -40.2614 62.4393 -4.14652
v -40.2459 62.5234 -3.5969
v -40.3961 62.8724 -3.19065
v -40.6544 63.3531 -3.08296
v -40.9223 63.7818 -3.31496
v -41.0974 63.9948 -3.79803
v -43.4414 62.6095 -4.06117
v -43.2859 62.2759 -4.47819
v -43.0119 61.8079 -4.60183
v -42.724 61.3843 -4.38487
v -42.5322 61.1669 -3.91016
v -42.5097 61.2387 -3.35905
v -42.6652 61.5723 -2.94202
v -42.9392 62.0403 -2.81838
v -43.2271 62.4639 -3.03535
v -43.4189 62.6813 -3.51005
v -45.7203 61.212 -3.76328
v -45.5608 60.8943 -4.19112
v -45.2721 60.44 -4.3312
v -44.9645 60.0225 -4.13002
v -44.7554 59.8014 -3.66442
v -44.7247 59.861 -3.11225
v -44.8842 60.1787 -2.68442
v -45.1729 60.6331 -2.54434
v -45.4805 61.0505 -2.74552
v -45.6896 61.2717 -3.21111
v -47.945 59.7199 -3.45478
v -47.7829 59.4186 -3.89339
v -47.4806 58.9789 -4.05034
v -47.1536 58.5686 -3.86569
v -46.9267 58.3445 -3.40996
v -46.8866 58.3922 -2.85723
v -47.0486 58.6934 -2.41862
v -47.3509 59.1332 -2.26167
v -47.678 59.5435 -2.44632
v -47.9049 59.7676 -2.90205
v -50.1108 58.1352 -3.13647
v -49.9476 57.8507 -3.58575
v -49.6329 57.4264 -3.75995
v -49.2868 57.0244 -3.59254
v -49.0416 56.7982 -3.14746
v -48.9909 56.8342 -2.59471
v -49.1541 57.1187 -2.14544
v -49.4688 57.543 -1.97124
v -49.8149 57.945 -2.13865
v -50.0601 58.1712 -2.58373
v -52.2132 56.4602 -2.80922
v -52.0504 56.1927 -3.26898
v -51.7246 55.7848 -3.46073
v -51.3601 55.3921 -3.31123
v -51.0962 55.1648 -2.87759
v -51.0337 55.1895 -2.32543
v -51.1964 55.4569 -1.86567
v -51.5223 55.8649 -1.67392
v -51.8868 56.2575 -1.82342
v -52.1507 56.4849 -2.25707
v -54.2479 54.6974 -2.47392
v -54.087 54.4471 -2.9439
v -53.7513 54.0563 -3.15342
v -53.369 53.6741 -3.02247
v -53.0861 53.4466 -2.60104
v -53.0107 53.4606 -2.05013
v -53.1716 53.7109 -1.58015
v -53.5073 54.1017 -1.37062
v -53.8896 54.4839 -1.50158
v -54.1725 54.7114 -1.923
v -56.2106 52.8497 -2.13149
v -56.0531 52.6166 -2.61136
v -55.7089 52.2435 -2.8388
v -55.3095 51.8729 -2.72695
v -55.0074 51.6463 -2.31853
v -54.9181 51.6503 -1.76954
v -55.0755 51.8834 -1.28968
v -55.4197 52.2565 -1.06224
v -55.8191 52.6271 -1.17409
v -56.1212 52.8537 -1.58251
v -58.0971 50.92 -1.78291
v -57.9445 50.704 -2.27224
v -57.5933 50.3493 -2.51766
v -57.1777 49.9913 -2.42542
v -56.8564 49.7669 -2.03076
v -56.752 49.7617 -1.48443
v -56.9046 49.9777 -0.995097
v -57.2558 50.3325 -0.749678
v -57.6714 50.6904 -0.841914
v -57.9927 50.9149 -1.23657
v -59.9034 48.9119 -1.42916
v -59.7572 48.7126 -1.92747
v -59.4006 48.3767 -2.19083
v -58.9697 48.0325 -2.11863
v -58.6291 47.8114 -1.73846
v -58.509 47.7979 -1.19552
v -58.6551 47.9972 -0.697209
v -59.0118 48.3331 -0.433855
v -59.4427 48.6773 -0.506053
v -59.7833 48.8984 -0.886225
v -61.6259 46.8287 -1.07126
v -61.4875 46.6458 -1.578
v -61.1268 46.3292 -1.85916
v -60.6817 45.9997 -1.80734
v -60.3221 45.7833 -1.44234
v -60.1854 45.7625 -0.903571
v -60.3238 45.9454 -0.396829
v -60.6844 46.2621 -0.115672
v -61.1296 46.5916 -0.167491
v -61.4892 46.808 -0.532494
v -63.2609 44.6744 -0.710255
v -63.1316 44.5073 -1.22481
v -62.7685 44.2101 -1.52354
v -62.3103 43.8964 -1.49235
v -61.9319 43.6859 -1.14315
v -61.778 43.6591 -0.609314
v -61.9073 43.8262 -0.0947597
v -62.2704 44.1233 0.203975
v -62.7286 44.4371 0.172782
v -63.107 44.6476 -0.176423
v -64.8051 42.4529 -0.347196
v -64.6862 42.3009 -0.868897
v -64.3222 42.0234 -1.18489
v -63.852 41.7263 -1.17447
v -63.4554 41.5231 -0.841631
v -63.2838 41.4914 -0.313494
v -63.4027 41.6433 0.208206
v -63.7667 41.9209 0.524199
v -64.2369 42.218 0.513784
v -64.6335 42.4212 0.180941
f 4353 4363 4364 4354
f 4354 4364 4365 4355
f 4355 4365 4366 4356
f 4356 4366 4367 4357
f 4357 4367 4368 4358
f 4358 4368 4369 4359
f 4359 4369 4370 4360
f 4360 4370 4371 4361
f 4361 4371 4372 4362
f 4362 4372 4363 4353
f 4363 4373 4374 4364
f 4364 4374 4375 4365
f 4365 4375 4376 4366
f 4366 4376 4377 4367
f 4367 4377 4378 4368
f 4368 4378 4379 4369
f 4369 4379 4380 4370
f 4370 4380 4381 4371
f 4371 4381 4382 4372
f 4372 4382 4373 4363
f 4373 4383 4384 4374
f 4374 4384 4385 4375
f 4375 4385 4386 4376
f 4376 4386 4387 4377
f 4377 4387 4388 4378
f 4378 4388 4389 4379
f 4379 4389 4390 4380
f 4380 4390 4391 4381
f 4381 4391 4392 4382
f 4382 4392 4383 4373
f 4383 4393 4394 4384
f 4384 4394 4395 4385
f 4385 4395 4396 4386
f 4386 4396 4397 4387
f 4387 4397 4398 4388
f 4388 4398 4399 4389
f 4389 4399 4400 4390
f 4390 4400 4401 4391
f 4391 4401 4402 4392
f 4392 4402 4393 4383
f 4393 4403 4404 4394
f 4394 4404 4405 4395
f 4395 4405 4406 4396
f 4396 4406 4407 4397
f 4397 4407 4408 4398
f 4398 4408 4409 4399
f 4399 4409 4410 4400
f 4400 4410 4411 4401
f 4401 4411 4412 4402
f 4402 4412 4403 4393
f 4403 4413 4414 4404
f 4404 4414 4415 4405
f 4405 4415 4416 4406
f 4406 4416 4417 4407
f 4407 4417 4418 4408
f 4408 4418 4419 4409
f 4409 4419 4420 4410
f 4410 4420 4421 4411
f 4411 4421 4422 4412
f 4412 4422 4413 4403
f 4413 4423 4424 4414
f 4414 4424 4425 4415
f 4415 4425 4426 4416
f 4416 4426 4427 4417
f 4417 4427 4428 4418
f 4418 4428 4429 4419
f 4419 4429 4430 4420
f 4420 4430 4431 4421
f 4421 4431 4432 4422
f 4422 4432 4423 4413
f 4423 4433 4434 4424
f 4424 4434 4435 4425
f 4425 4435 4436 4426
f 4426 4436 4437 4427
f 4427 4437 4438 4428
f 4428 4438 4439 4429
f 4429 4439 4440 4430
f 4430 4440 4441 4431
f 4431 4441 4442 4432
f 4432 4442 4433 4423
f 4433 4443 4444 4434
f 4434 4444 4445 4435
f 4435 4445 4446 4436
f 4436 4446 4447 4437
f 4437 4447 4448 4438
f 4438 4448 4449 4439
f 4439 4449 4450 4440
f 4440 4450 4451 4441
f 4441 4451 4452 4442
f 4442 4452 4443 4433
f 4443 4453 4454 4444
f 4444 4454 4455 4445
f 4445 4455 4456 4446
f 4446 4456 4457 4447
f 4447 4457 4458 4448
f 4448 4458 4459 4449
f 4449 4459 4460 4450
f 4450 4460 4461 4451
f 4451 4461 4462 4452
f 4452 4462 4453 4443
f 4453 4463 4464 4454
f 4454 4464 4465 4455
f 4455 4465 4466 4456
f 4456 4466 4467 4457
f 4457 4467 4468 4458
f 4458 4468 4469 4459
f 4459 4469 4470 4460
f 4460 4470 4471 4461
f 4461 4471 4472 4462
f 4462 4472 4463 4453
f 4463 4473 4474 4464
f 4464 4474 4475 4465
f 4465 4475 4476 4466
f 4466 4476 4477 4467
f 4467 4477 4478 4468
f 4468 4478 4479 4469
f 4469 4479 4480 4470
f 4470 4480 4481 4471
f 4471 4481 4482 4472
f 4472 4482 4473 4463
f 4473 4483 4484 4474
f 4474 4484 4485 4475
f 4475 4485 4486 4476
f 4476 4486 4487 4477
f 4477 4487 4488 4478
f 4478 4488 4489 4479
f 4479 4489 4490 4480
f 4480 4490 4491 4481
f 4481 4491 4492 4482
f 4482 4492 4483 4473
f 4483 4493 4494 4484
f 4484 4494 4495 4485
f 4485 4495 4496 4486
f 4486 4496 4497 4487
f 4487 4497 4498 4488
f 4488 4498 4499 4489
f 4489 4499 4500 4490
f 4490 4500 4501 4491
f 4491 4501 4502 4492
f 4492 4502 4493 4483
f 4493 4503 4504 4494
f 4494 4504 4505 4495
f 4495 4505 4506 4496
f 4496 4506 4507 4497
f 4497 4507 4508 4498
f 4498 4508 4509 4499
f 4499 4509 4510 4500
f 4500 4510 4511 4501
f 4501 4511 4512 4502
f 4502 4512 4503 4493
f 4503 4513 4514 4504
f 4504 4514 4515 4505
f 4505 4515 4516 4506
f 4506 4516 4517 4507
f 4507 4517 4518 4508
f 4508 4518 4519 4509
f 4509 4519 4520 4510
f 4510 4520 4521 4511
f 4511 4521 4522 4512
f 4512 4522 4513 4503
f 4513 4523 4524 4514
f 4514 4524 4525 4515
f 4515 4525 4526 4516
f 4516 4526 4527 4517
f 4517 4527 4528 4518
f 4518 4528 4529 4519
f 4519 4529 4530 4520
f 4520 4530 4531 4521
f 4521 4531 4532 4522
f 4522 4532 4523 4513
f 4523 4533 4534 4524
f 4524 4534 4535 4525
f 4525 4535 4536 4526
f 4526 4536 4537 4527
f 4527 4537 4538 4528
f 4528 4538 4539 4529
f 4529 4539 4540 4530
f 4530 4540 4541 4531
f 4531 4541 4542 4532
f 4532 4542 4533 4523
f 4533 4543 4544 4534
f 4534 4544 4545 4535
f 4535 4545 4546 4536
f 4536 4546 4547 4537
f 4537 4547 4548 4538
f 4538 4548 4549 4539
f 4539 4549 4550 4540
f 4540 4550 4551 4541
f 4541 4551 4552 4542
f 4542 4552 4543 4533
f 4543 4553 4554 4544
f 4544 4554 4555 4545
f 4545 4555 4556 4546
f 4546 4556 4557 4547
f 4547 4557 4558 4548
f 4548 4558 4559 4549
f 4549 4559 4560 4550
f 4550 4560 4561 4551
f 4551 4561 4562 4552
f 4552 4562 4553 4543
f 4553 4563 4564 4554
f 4554 4564 4565 4555
f 4555 4565 4566 4556
f 4556 4566 4567 4557
f 4557 4567 4568 4558
f 4558 4568 4569 4559
f 4559 4569 4570 4560
f 4560 4570 4571 4561
f 4561 4571 4572 4562
f 4562 4572 4563 4553
f 4563 4573 4574 4564
f 4564 4574 4575 4565
f 4565 4575 4576 4566
f 4566 4576 4577 4567
f 4567 4577 4578 4568
f 4568 4578 4579 4569
f 4569 4579 4580 4570
f 4570 4580 4581 4571
f 4571 4581 4582 4572
f 4572 4582 4573 4563
f 4573 4583 4584 4574
f 4574 4584 4585 4575
f 4575 4585 4586 4576
f 4576 4586 4587 4577
f 4577 4587 4588 4578
f 4578 4588 4589 4579
f 4579 4589 4590 4580
f 4580 4590 4591 4581
f 4581 4591 4592 4582
f 4582 4592 4583 4573
f 4583 4593 4594 4584
f 4584 4594 4595 4585
f 4585 4595 4596 4586
f 4586 4596 4597 4587
f 4587 4597 4598 4588
f 4588 4598 4599 4589
f 4589 4599 4600 4590
f 4590 4600 4601 4591
f 4591 4601 4602 4592
f 4592 4602 4593 4583
f 4593 4603 4604 4594
f 4594 4604 4605 4595
f 4595 4605 4606 4596
f 4596 4606 4607 4597
f 4597 4607 4608 4598
f 4598 4608 4609 4599
f 4599 4609 4610 4600
f 4600 4610 4611 4601
f 4601 4611 4612 4602
f 4602 4612 4603 4593
f 4603 4613 4614 4604
f 4604 4614 4615 4605
f 4605 4615 4616 4606
f 4606 4616 4617 4607
f 4607 4617 4618 4608
f 4608 4618 4619 4609
f 4609 4619 4620 4610
f 4610 4620 4621 4611
f 4611 4621 4622 4612
f 4612 4622 4613 4603
f 4613 4623 4624 4614
f 4614 4624 4625 4615
f 4615 4625 4626 4616
f 4616 4626 4627 4617
f 4617 4627 4628 4618
f 4618 4628 4629 4619
f 4619 4629 4630 4620
f 4620 4630 4631 4621
f 4621 4631 4632 4622
f 4622 4632 4623 4613
f 4623 4633 4634 4624
f 4624 4634 4635 4625
f 4625 4635 4636 4626
f 4626 4636 4637 4627
f 4627 4637 4638 4628
f 4628 4638 4639 4629
f 4629 4639 4640 4630
f 4630 4640 4641 4631
f 4631 4641 4642 4632
f 4632 4642 4633 4623
f 4633 4643 4644 4634
f 4634 4644 4645 4635
f 4635 4645 4646 4636
f 4636 4646 4647 4637
f 4637 4647 4648 4638
f 4638 4648 4649 4639
f 4639 4649 4650 4640
f 4640 4650 4651 4641
f 4641 4651 4652 4642
f 4642 4652 4643 4633
f 4643 4653 4654 4644
f 4644 4654 4655 4645
f 4645 4655 4656 4646
f 4646 4656 4657 4647
f 4647 4657 4658 4648
f 4648 4658 4659 4649
f 4649 4659 4660 4650
f 4650 4660 4661 4651
f 4651 4661 4662 4652
f 4652 4662 4653 4643
f 4653 4663 4664 4654
f 4654 4664 4665 4655
f 4655 4665 4666 4656
f 4656 4666 4667 4657
f 4657 4667 4668 4658
f 4658 4668 4669 4659
f 4659 4669 4670 4660
f 4660 4670 4671 4661
f 4661 4671 4672 4662
f 4662 4672 4663 4653
f 4663 4673 4674 4664
f 4664 4674 4675 4665
f 4665 4675 4676 4666
f 4666 4676 4677 4667
f 4667 4677 4678 4668
f 4668 4678 4679 4669
f 4669 4679 4680 4670
f 4670 4680 4681 4671
f 4671 4681 4682 4672
f 4672 4682 4673 4663
f 4673 4683 4684 4674
f 4674 4684 4685 4675
f 4675 4685 4686 4676
f 4676 4686 4687 4677
f 4677 4687 4688 4678
f 4678 4688 4689 4679
f 4679 4689 4690 4680
f 4680 4690 4691 4681
f 4681 4691 4692 4682
f 4682 4692 4683 4673
f 4683 4693 4694 4684
f 4684 4694 4695 4685
f 4685 4695 4696 4686
f 4686 4696 4697 4687
f 4687 4697 4698 4688
f 4688 4698 4699 4689
f 4689 4699 4700 4690
f 4690 4700 4701 4691
f 4691 4701 4702 4692
f 4692 4702 4693 4683
f 4693 4703 4704 4694
f 4694 4704 4705 4695
f 4695 4705 4706 4696
f 4696 4706 4707 4697
f 4697 4707 4708 4698
f 4698 4708 4709 4699
f 4699 4709 4710 4700
f 4700 4710 4711 4701
f 4701 4711 4712 4702
f 4702 4712 4703 4693
f 4703 4713 4714 4704
f 4704 4714 4715 4705
f 4705 4715 4716 4706
f 4706 4716 4717 4707
f 4707 4717 4718 4708
f 4708 4718 4719 4709
f 4709 4719 4720 4710
f 4710 4720 4721 4711
f 4711 4721 4722 4712
f 4712 4722 4713 4703
f 4713 4723 4724 4714
f 4714 4724 4725 4715
f 4715 4725 4726 4716
f 4716 4726 4727 4717
f 4717 4727 4728 4718
f 4718 4728 4729 4719
f 4719 4729 4730 4720
f 4720 4730 4731 4721
f 4721 4731 4732 4722
f 4722 4732 4723 4713
f 4723 4733 4734 4724
f 4724 4734 4735 4725
f 4725 4735 4736 4726
f 4726 4736 4737 4727
f 4727 4737 4738 4728
f 4728 4738 4739 4729
f 4729 4739 4740 4730
f 4730 4740 4741 4731
f 4731 4741 4742 4732
f 4732 4742 4733 4723
f 4733 4743 4744 4734
f 4734 4744 4745 4735
f 4735 4745 4746 4736
f 4736 4746 4747 4737
f 4737 4747 4748 4738
f 4738 4748 4749 4739
f 4739 4749 4750 4740
f 4740 4750 4751 4741
f 4741 4751 4752 4742
f 4742 4752 4743 4733
f 4743 4753 4754 4744
f 4744 4754 4755 4745
f 4745 4755 4756 4746
f 4746 4756 4757 4747
f 4747 4757 4758 4748
f 4748 4758 4759 4749
f 4749 4759 4760 4750
f 4750 4760 4761 4751
f 4751 4761 4762 4752
f 4752 4762 4753 4743
f 4753 4763 4764 4754
f 4754 4764 4765 4755
f 4755 4765 4766 4756
f 4756 4766 4767 4757
f 4757 4767 4768 4758
f 4758 4768 4769 4759
f 4759 4769 4770 4760
f 4760 4770 4771 4761
f 4761 4771 4772 4762
f 4762 4772 4763 4753
f 4763 4773 4774 4764
f 4764 4774 4775 4765
f 4765 4775 4776 4766
f 4766 4776 4777 4767
f 4767 4777 4778 4768
f 4768 4778 4779 4769
f 4769 4779 4780 4770
f 4770 4780 4781 4771
f 4771 4781 4782 4772
f 4772 4782 4773 4763
f 4773 4783 4784 4774
f 4774 4784 4785 4775
f 4775 4785 4786 4776
f 4776 4786 4787 4777
f 4777 4787 4788 4778
f 4778 4788 4789 4779
f 4779 4789 4790 4780
f 4780 4790 4791 4781
f 4781 4791 4792 4782
f 4782 4792 4783 4773
f 4783 4793 4794 4784
f 4784 4794 4795 4785
f 4785 4795 4796 4786
f 4786 4796 4797 4787
f 4787 4797 4798 4788
f 4788 4798 4799 4789
f 4789 4799 4800 4790
f 4790 4800 4801 4791
f 4791 4801 4802 4792
f 4792 4802 4793 4783
f 4793 4803 4804 4794
f 4794 4804 4805 4795
f 4795 4805 4806 4796
f 4796 4806 4807 4797
f 4797 4807 4808 4798
f 4798 4808 4809 4799
f 4799 4809 4810 4800
f 4800 4810 4811 4801
f 4801 4811 4812 4802
f 4802 4812 4803 4793
f 4803 4813 4814 4804
f 4804 4814 4815 4805
f 4805 4815 4816 4806
f 4806 4816 4817 4807
f 4807 4817 4818 4808
f 4808 4818 4819 4809
f 4809 4819 4820 4810
f 4810 4820 4821 4811
f 4811 4821 4822 4812
f 4812 4822 4813 4803
f 4813 4823 4824 4814
f 4814 4824 4825 4815
f 4815 4825 4826 4816
f 4816 4826 4827 4817
f 4817 4827 4828 4818
f 4818 4828 4829 4819
f 4819 4829 4830 4820
f 4820 4830 4831 4821
f 4821 4831 4832 4822
f 4822 4832 4823 4813
f 4823 4833 4834 4824
f 4824 4834 4835 4825
f 4825 4835 4836 4826
f 4826 4836 4837 4827
f 4827 4837 4838 4828
f 4828 4838 4839 4829
f 4829 4839 4840 4830
f 4830 4840 4841 4831
f 4831 4841 4842 4832
f 4832 4842 4833 4823
f 4833 4843 4844 4834
f 4834 4844 4845 4835
f 4835 4845 4846 4836
f 4836 4846 4847 4837
f 4837 4847 4848 4838
f 4838 4848 4849 4839
f 4839 4849 4850 4840
f 4840 4850 4851 4841
f 4841 4851 4852 4842
f 4842 4852 4843 4833
f 4843 4853 4854 4844
f 4844 4854 4855 4845
f 4845 4855 4856 4846
f 4846 4856 4857 4847
f 4847 4857 4858 4848
f 4848 4858 4859 4849
f 4849 4859 4860 4850
f 4850 4860 4861 4851
f 4851 4861 4862 4852
f 4852 4862 4853 4843
f 4853 4863 4864 4854
f 4854 4864 4865 4855
f 4855 4865 4866 4856
f 4856 4866 4867 4857
f 4857 4867 4868 4858
f 4858 4868 4869 4859
f 4859 4869 4870 4860
f 4860 4870 4871 4861
f 4861 4871 4872 4862
f 4862 4872 4863 4853
f 4863 4873 4874 4864
f 4864 4874 4875 4865
f 4865 4875 4876 4866
f 4866 4876 4877 4867
f 4867 4877 4878 4868
f 4868 4878 4879 4869
f 4869 4879 4880 4870
f 4870 4880 4881 4871
f 4871 4881 4882 4872
f 4872 4882 4873 4863
f 4873 4883 4884 4874
f 4874 4884 4885 4875
f 4875 4885 4886 4876
f 4876 4886 4887 4877
f 4877 4887 4888 4878
f 4878 4888 4889 4879
f 4879 4889 4890 4880
f 4880 4890 4891 4881
f 4881 4891 4892 4882
f 4882 4892 4883 4873
f 4883 4893 4894 4884
f 4884 4894 4895 4885
f 4885 4895 4896 4886
f 4886 4896 4897 4887
f 4887 4897 4898 4888
f 4888 4898 4899 4889
f 4889 4899 4900 4890
f 4890 4900 4901 4891
f 4891 4901 4902 4892
f 4892 4902 4893 4883
f 4893 4903 4904 4894
f 4894 4904 4905 4895
f 4895 4905 4906 4896
f 4896 4906 4907 4897
f 4897 4907 4908 4898
f 4898 4908 4909 4899
f 4899 4909 4910 4900
f 4900 4910 4911 4901
f 4901 4911 4912 4902
f 4902 4912 4903 4893
f 4903 4913 4914 4904
f 4904 4914 4915 4905
f 4905 4915 4916 4906
f 4906 4916 4917 4907
f 4907 4917 4918 4908
f 4908 4918 4919 4909
f 4909 4919 4920 4910
f 4910 4920 4921 4911
f 4911 4921 4922 4912
f 4912 4922 4913 4903
f 4913 4923 4924 4914
f 4914 4924 4925 4915
f 4915 4925 4926 4916
f 4916 4926 4927 4917
f 4917 4927 4928 4918
f 4918 4928 4929 4919
f 4919 4929 4930 4920
f 4920 4930 4931 4921
f 4921 4931 4932 4922
f 4922 4932 4923 4913
f 4923 4933 4934 4924
f 4924 4934 4935 4925
f 4925 4935 4936 4926
f 4926 4936 4937 4927
f 4927 4937 4938 4928
f 4928 4938 4939 4929
f 4929 4939 4940 4930
f 4930 4940 4941 4931
f 4931 4941 4942 4932
f 4932 4942 4933 4923
f 4933 4943 4944 4934
f 4934 4944 4945 4935
f 4935 4945 4946 4936
f 4936 4946 4947 4937
f 4937 4947 4948 4938
f 4938 4948 4949 4939
f 4939 4949 4950 4940
f 4940 4950 4951 4941
f 4941 4951 4952 4942
f 4942 4952 4943 4933
f 4943 4953 4954 4944
f 4944 4954 4955 4945
f 4945 4955 4956 4946
f 4946 4956 4957 4947
f 4947 4957 4958 4948
f 4948 4958 4959 4949
f 4949 4959 4960 4950
f 4950 4960 4961 4951
f 4951 4961 4962 4952
f 4952 4962 4953 4943
f 4953 4963 4964 4954
f 4954 4964 4965 4955
f 4955 4965 4966 4956
f 4956 4966 4967 4957
f 4957 4967 4968 4958
f 4958 4968 4969 4959
f 4959 4969 4970 4960
f 4960 4970 4971 4961
f 4961 4971 4972 4962
f 4962 4972 4963 4953
f 4963 4973 4974 4964
f 4964 4974 4975 4965
f 4965 4975 4976 4966
f 4966 4976 4977 4967
f 4967 4977 4978 4968
f 4968 4978 4979 4969
f 4969 4979 4980 4970
f 4970 4980 4981 4971
f 4971 4981 4982 4972
f 4972 4982 4973 4963
f 4973 4983 4984 4974
f 4974 4984 4985 4975
f 4975 4985 4986 4976
f 4976 4986 4987 4977
f 4977 4987 4988 4978
f 4978 4988 4989 4979
f 4979 4989 4990 4980
f 4980 4990 4991 4981
f 4981 4991 4992 4982
f 4982 4992 4983 4973
f 4983 4993 4994 4984
f 4984 4994 4995 4985
f 4985 4995 4996 4986
f 4986 4996 4997 4987
f 4987 4997 4998 4988
f 4988 4998 4999 4989
f 4989 4999 5000 4990
f 4990 5000 5001 4991
f 4991 5001 5002 4992
f 4992 5002 4993 4983
f 4993 5003 5004 4994
f 4994 5004 5005 4995
f 4995 5005 5006 4996
f 4996 5006 5007 4997
f 4997 5007 5008 4998
f 4998 5008 5009 4999
f 4999 5009 5010 5000
f 5000 5010 5011 5001
f 5001 5011 5012 5002
f 5002 5012 5003 4993
f 5003 5013 5014 5004
f 5004 5014 5015 5005
f 5005 5015 5016 5006
f 5006 5016 5017 5007
f 5007 5017 5018 5008
f 5008 5018 5019 5009
f 5009 5019 5020 5010
f 5010 5020 5021 5011
f 5011 5021 5022 5012
f 5012 5022 5013 5003
f 5013 5023 5024 5014
f 5014 5024 5025 5015
f 5015 5025 5026 5016
f 5016 5026 5027 5017
f 5017 5027 5028 5018
f 5018 5028 5029 5019
f 5019 5029 5030 5020
f 5020 5030 5031 5021
f 5021 5031 5032 5022
f 5022 5032 5023 5013
f 5023 5033 5034 5024
f 5024 5034 5035 5025
f 5025 5035 5036 5026
f 5026 5036 5037 5027
f 5027 5037 5038 5028
f 5028 5038 5039 5029
f 5029 5039 5040 5030
f 5030 5040 5041 5031
f 5031 5041 5042 5032
f 5032 5042 5033 5023
f 5033 5043 5044 5034
f 5034 5044 5045 5035
f 5035 5045 5046 5036
f 5036 5046 5047 5037
f 5037 5047 5048 5038
f 5038 5048 5049 5039
f 5039 5049 5050 5040
f 5040 5050 5051 5041
f 5041 5051 5052 5042
f 5042 5052 5043 5033
f 5043 5053 5054 5044
f 5044 5054 5055 5045
f 5045 5055 5056 5046
f 5046 5056 5057 5047
f 5047 5057 5058 5048
f 5048 5058 5059 5049
f 5049 5059 5060 5050
f 5050 5060 5061 5051
f 5051 5061 5062 5052
f 5052 5062 5053 5043
f 5053 5063 5064 5054
f 5054 5064 5065 5055
f 5055 5065 5066 5056
f 5056 5066 5067 5057
f 5057 5067 5068 5058
f 5058 5068 5069 5059
f 5059 5069 5070 5060
f 5060 5070 5071 5061
f 5061 5071 5072 5062
f 5062 5072 5063 5053
f 5063 5073 5074 5064
f 5064 5074 5075 5065
f 5065 5075 5076 5066
f 5066 5076 5077 5067
f 5067 5077 5078 5068
f 5068 5078 5079 5069
f 5069 5079 5080 5070
f 5070 5080 5081 5071
f 5071 5081 5082 5072
f 5072 5082 5073 5063
f 5073 5083 5084 5074
f 5074 5084 5085 5075
f 5075 5085 5086 5076
f 5076 5086 5087 5077
f 5077 5087 5088 5078
f 5078 5088 5089 5079
f 5079 5089 5090 5080
f 5080 5090 5091 5081
f 5081 5091 5092 5082
f 5082 5092 5083 5073
f 5083 5093 5094 5084
f 5084 5094 5095 5085
f 5085 5095 5096 5086
f 5086 5096 5097 5087
f 5087 5097 5098 5088
f 5088 5098 5099 5089
f 5089 5099 5100 5090
f 5090 5100 5101 5091
f 5091 5101 5102 5092
f 5092 5102 5093 5083
f 5093 5103 5104 5094
f 5094 5104 5105 5095
f 5095 5105 5106 5096
f 5096 5106 5107 5097
f 5097 5107 5108 5098
f 5098 5108 5109 5099
f 5099 5109 5110 5100
f 5100 5110 5111 5101
f 5101 5111 5112 5102
f 5102 5112 5103 5093
f 5103 5113 5114 5104
f 5104 5114 5115 5105
f 5105 5115 5116 5106
f 5106 5116 5117 5107
f 5107 5117 5118 5108
f 5108 5118 5119 5109
f 5109 5119 5120 5110
f 5110 5120 5121 5111
f 5111 5121 5122 5112
f 5112 5122 5113 5103
f 5113 5123 5124 5114
f 5114 5124 5125 5115
f 5115 5125 5126 5116
f 5116 5126 5127 5117
f 5117 5127 5128 5118
f 5118 5128 5129 5119
f 5119 5129 5130 5120
f 5120 5130 5131 5121
f 5121 5131 5132 5122
f 5122 5132 5123 5113
f 5123 5133 5134 5124
f 5124 5134 5135 5125
f 5125 5135 5136 5126
f 5126 5136 5137 5127
f 5127 5137 5138 5128
f 5128 5138 5139 5129
f 5129 5139 5140 5130
f 5130 5140 5141 5131
f 5131 5141 5142 5132
f 5132 5142 5133 5123
f 5133 5143 5144 5134
f 5134 5144 5145 5135
f 5135 5145 5146 5136
f 5136 5146 5147 5137
f 5137 5147 5148 5138
f 5138 5148 5149 5139
f 5139 5149 5150 5140
f 5140 5150 5151 5141
f 5141 5151 5152 5142
f 5142 5152 5143 5133
f 5143 5153 5154 5144
f 5144 5154 5155 5145
f 5145 5155 5156 5146
f 5146 5156 5157 5147
f 5147 5157 5158 5148
f 5148 5158 5159 5149
f 5149 5159 5160 5150
f 5150 5160 5161 5151
f 5151 5161 5162 5152
f 5152 5162 5153 5143
f 5153 5163 5164 5154
f 5154 5164 5165 5155
f 5155 5165 5166 5156
f 5156 5166 5167 5157
f 5157 5167 5168 5158
f 5158 5168 5169 5159
f 5159 5169 5170 5160
f 5160 5170 5171 5161
f 5161 5171 5172 5162
f 5162 5172 5163 5153
f 5163 5173 5174 5164
f 5164 5174 5175 5165
f 5165 5175 5176 5166
f 5166 5176 5177 5167
f 5167 5177 5178 5168
f 5168 5178 5179 5169
f 5169 5179 5180 5170
f 5170 5180 5181 5171
f 5171 5181 5182 5172
f 5172 5182 5173 5163
f 5173 5183 5184 5174
f 5174 5184 5185 5175
f 5175 5185 5186 5176
f 5176 5186 5187 5177
f 5177 5187 5188 5178
f 5178 5188 5189 5179
f 5179 5189 5190 5180
f 5180 5190 5191 5181
f 5181 5191 5192 5182
f 5182 5192 5183 5173
f 5183 5193 5194 5184
f 5184 5194 5195 5185
f 5185 5195 5196 5186
f 5186 5196 5197 5187
f 5187 5197 5198 5188
f 5188 5198 5199 5189
f 5189 5199 5200 5190
f 5190 5200 5201 5191
f 5191 5201 5202 5192
f 5192 5202 5193 5183
f 5193 5203 5204 5194
f 5194 5204 5205 5195
f 5195 5205 5206 5196
f 5196 5206 5207 5197
f 5197 5207 5208 5198
f 5198 5208 5209 5199
f 5199 5209 5210 5200
f 5200 5210 5211 5201
f 5201 5211 5212 5202
f 5202 5212 5203 5193
f 5203 5213 5214 5204
f 5204 5214 5215 5205
f 5205 5215 5216 5206
f 5206 5216 5217 5207
f 5207 5217 5218 5208
f 5208 5218 5219 5209
f 5209 5219 5220 5210
f 5210 5220 5221 5211
f 5211 5221 5222 5212
f 5212 5222 5213 5203
f 5213 5223 5224 5214
f 5214 5224 5225 5215
f 5215 5225 5226 5216
f 5216 5226 5227 5217
f 5217 5227 5228 5218
f 5218 5228 5229 5219
f 5219 5229 5230 5220
f 5220 5230 5231 5221
f 5221 5231 5232 5222
f 5222 5232 5223 5213
f 5223 5233 5234 5224
f 5224 5234 5235 5225
f 5225 5235 5236 5226
f 5226 5236 5237 5227
f 5227 5237 5238 5228
f 5228 5238 5239 5229
f 5229 5239 5240 5230
f 5230 5240 5241 5231
f 5231 5241 5242 5232
f 5232 5242 5233 5223
f 5233 5243 5244 5234
f 5234 5244 5245 5235
f 5235 5245 5246 5236
f 5236 5246 5247 5237
f 5237 5247 5248 5238
f 5238 5248 5249 5239
f 5239 5249 5250 5240
f 5240 5250 5251 5241
f 5241 5251 5252 5242
f 5242 5252 5243 5233
f 5243 5253 5254 5244
f 5244 5254 5255 5245
f 5245 5255 5256 5246
f 5246 5256 5257 5247
f 5247 5257 5258 5248
f 5248 5258 5259 5249
f 5249 5259 5260 5250
f 5250 5260 5261 5251
f 5251 5261 5262 5252
f 5252 5262 5253 5243
f 5253 5263 5264 5254
f 5254 5264 5265 5255
f 5255 5265 5266 5256
f 5256 5266 5267 5257
f 5257 5267 5268 5258
f 5258 5268 5269 5259
f 5259 5269 5270 5260
f 5260 5270 5271 5261
f 5261 5271 5272 5262
f 5262 5272 5263 5253
f 5263 5273 5274 5264
f 5264 5274 5275 5265
f 5265 5275 5276 5266
f 5266 5276 5277 5267
f 5267 5277 5278 5268
f 5268 5278 5279 5269
f 5269 5279 5280 5270
f 5270 5280 5281 5271
f 5271 5281 5282 5272
f 5272 5282 5273 5263
f 5273 5283 5284 5274
f 5274 5284 5285 5275
f 5275 5285 5286 5276
f 5276 5286 5287 5277
f 5277 5287 5288 5278
f 5278 5288 5289 5279
f 5279 5289 5290 5280
f 5280 5290 5291 5281
f 5281 5291 5292 5282
f 5282 5292 5283 5273
f 5283 5293 5294 5284
f 5284 5294 5295 5285
f 5285 5295 5296 5286
f 5286 5296 5297 5287
f 5287 5297 5298 5288
f 5288 5298 5299 5289
f 5289 5299 5300 5290
f 5290 5300 5301 5291
f 5291 5301 5302 5292
f 5292 5302 5293 5283
f 5293 5303 5304 5294
f 5294 5304 5305 5295
f 5295 5305 5306 5296
f 5296 5306 5307 5297
f 5297 5307 5308 5298
f 5298 5308 5309 5299
f 5299 5309 5310 5300
f 5300 5310 5311 5301
f 5301 5311 5312 5302
f 5302 5312 5303 5293
f 5303 5313 5314 5304
f 5304 5314 5315 5305
f 5305 5315 5316 5306
f 5306 5316 5317 5307
f 5307 5317 5318 5308
f 5308 5318 5319 5309
f 5309 5319 5320 5310
f 5310 5320 5321 5311
f 5311 5321 5322 5312
f 5312 5322 5313 5303
f 5313 5323 5324 5314
f 5314 5324 5325 5315
f 5315 5325 5326 5316
f 5316 5326 5327 5317
f 5317 5327 5328 5318
f 5318 5328 5329 5319
f 5319 5329 5330 5320
f 5320 5330 5331 5321
f 5321 5331 5332 5322
f 5322 5332 5323 5313
f 5323 5333 5334 5324
f 5324 5334 5335 5325
f 5325 5335 5336 5326
f 5326 5336 5337 5327
f 5327 5337 5338 5328
f 5328 5338 5339 5329
f 5329 5339 5340 5330
f 5330 5340 5341 5331
f 5331 5341 5342 5332
f 5332 5342 5333 5323
f 5333 5343 5344 5334
f 5334 5344 5345 5335
f 5335 5345 5346 5336
f 5336 5346 5347 5337
f 5337 5347 5348 5338
f 5338 5348 5349 5339
f 5339 5349 5350 5340
f 5340 5350 5351 5341
f 5341 5351 5352 5342
f 5342 5352 5343 5333
f 5343 5353 5354 5344
f 5344 5354 5355 5345
f 5345 5355 5356 5346
f 5346 5356 5357 5347
f 5347 5357 5358 5348
f 5348 5358 5359 5349
f 5349 5359 5360 5350
f 5350 5360 5361 5351
f 5351 5361 5362 5352
f 5352 5362 5353 5343
f 5353 5363 5364 5354
f 5354 5364 5365 5355
f 5355 5365 5366 5356
f 5356 5366 5367 5357
f 5357 5367 5368 5358
f 5358 5368 5369 5359
f 5359 5369 5370 5360
f 5360 5370 5371 5361
f 5361 5371 5372 5362
f 5362 5372 5363 5353
f 5363 5373 5374 5364
f 5364 5374 5375 5365
f 5365 5375 5376 5366
f 5366 5376 5377 5367
f 5367 5377 5378 5368
f 5368 5378 5379 5369
f 5369 5379 5380 5370
f 5370 5380 5381 5371
f 5371 5381 5382 5372
f 5372 5382 5373 5363
f 5373 5383 5384 5374
f 5374 5384 5385 5375
f 5375 5385 5386 5376
f 5376 5386 5387 5377
f 5377 5387 5388 5378
f 5378 5388 5389 5379
f 5379 5389 5390 5380
f 5380 5390 5391 5381
f 5381 5391 5392 5382
f 5382 5392 5383 5373
f 5383 5393 5394 5384
f 5384 5394 5395 5385
f 5385 5395 5396 5386
f 5386 5396 5397 5387
f 5387 5397 5398 5388
f 5388 5398 5399 5389
f 5389 5399 5400 5390
f 5390 5400 5401 5391
f 5391 5401 5402 5392
f 5392 5402 5393 5383
f 5393 5403 5404 5394
f 5394 5404 5405 5395
f 5395 5405 5406 5396
f 5396 5406 5407 5397
f 5397 5407 5408 5398
f 5398 5408 5409 5399
f 5399 5409 5410 5400
f 5400 5410 5411 5401
f 5401 5411 5412 5402
f 5402 5412 5403 5393
f 5403 5413 5414 5404
f 5404 5414 5415 5405
f 5405 5415 5416 5406
f 5406 5416 5417 5407
f 5407 5417 5418 5408
f 5408 5418 5419 5409
f 5409 5419 5420 5410
f 5410 5420 5421 5411
f 5411 5421 5422 5412
f 5412 5422 5413 5403
f 5413 5423 5424 5414
f 5414 5424 5425 5415
f 5415 5425 5426 5416
f 5416 5426 5427 5417
f 5417 5427 5428 5418
f 5418 5428 5429 5419
f 5419 5429 5430 5420
f 5420 5430 5431 5421
f 5421 5431 5432 5422
f 5422 5432 5423 5413
f 5423 5433 5434 5424
f 5424 5434 5435 5425
f 5425 5435 5436 5426
f 5426 5436 5437 5427
f 5427 5437 5438 5428
f 5428 5438 5439 5429
f 5429 5439 5440 5430
f 5430 5440 5441 5431
f 5431 5441 5442 5432
f 5432 5442 5433 5423
f 5433 5443 5444 5434
f 5434 5444 5445 5435
f 5435 5445 5446 5436
f 5436 5446 5447 5437
f 5437 5447 5448 5438
f 5438 5448 5449 5439
f 5439 5449 5450 5440
f 5440 5450 5451 5441
f 5441 5451 5452 5442
f 5442 5452 5443 5433
f 5443 5453 5454 5444
f 5444 5454 5455 5445
f 5445 5455 5456 5446
f 5446 5456 5457 5447
f 5447 5457 5458 5448
f 5448 5458 5459 5449
f 5449 5459 5460 5450
f 5450 5460 5461 5451
f 5451 5461 5462 5452
f 5452 5462 5453 5443
f 5453 5463 5464 5454
f 5454 5464 5465 5455
f 5455 5465 5466 5456
f 5456 5466 5467 5457
f 5457 5467 5468 5458
f 5458 5468 5469 5459
f 5459 5469 5470 5460
f 5460 5470 5471 5461
f 5461 5471 5472 5462
f 5462 5472 5463 5453
f 5463 5473 5474 5464
f 5464 5474 5475 5465
f 5465 5475 5476 5466
f 5466 5476 5477 5467
f 5467 5477 5478 5468
f 5468 5478 5479 5469
f 5469 5479 5480 5470
f 5470 5480 5481 5471
f 5471 5481 5482 5472
f 5472 5482 5473 5463
f 5473 5483 5484 5474
f 5474 5484 5485 5475
f 5475 5485 5486 5476
f 5476 5486 5487 5477
f 5477 5487 5488 5478
f 5478 5488 5489 5479
f 5479 5489 5490 5480
f 5480 5490 5491 5481
f 5481 5491 5492 5482
f 5482 5492 5483 5473
f 5483 5493 5494 5484
f 5484 5494 5495 5485
f 5485 5495 5496 5486
f 5486 5496 5497 5487
f 5487 5497 5498 5488
f 5488 5498 5499 5489
f 5489 5499 5500 5490
f 5490 5500 5501 5491
f 5491 5501 5502 5492
f 5492 5502 5493 5483
f 5493 5503 5504 5494
f 5494 5504 5505 5495
f 5495 5505 5506 5496
f 5496 5506 5507 5497
f 5497 5507 5508 5498
f 5498 5508 5509 5499
f 5499 5509 5510 5500
f 5500 5510 5511 5501
f 5501 5511 5512 5502
f 5502 5512 5503 5493
f 5503 5513 5514 5504
f 5504 5514 5515 5505
f 5505 5515 5516 5506
f 5506 5516 5517 5507
f 5507 5517 5518 5508
f 5508 5518 5519 5509
f 5509 5519 5520 5510
f 5510 5520 5521 5511
f 5511 5521 5522 5512
f 5512 5522 5513 5503
f 5513 5523 5524 5514
f 5514 5524 5525 5515
f 5515 5525 5526 5516
f 5516 5526 5527 5517
f 5517 5527 5528 5518
f 5518 5528 5529 5519
f 5519 5529 5530 5520
f 5520 5530 5531 5521
f 5521 5531 5532 5522
f 5522 5532 5523 5513
f 5523 5533 5534 5524
f 5524 5534 5535 5525
f 5525 5535 5536 5526
f 5526 5536 5537 5527
f 5527 5537 5538 5528
f 5528 5538 5539 5529
f 5529 5539 5540 5530
f 5530 5540 5541 5531
f 5531 5541 5542 5532
f 5532 5542 5533 5523
f 5533 5543 5544 5534
f 5534 5544 5545 5535
f 5535 5545 5546 5536
f 5536 5546 5547 5537
f 5537 5547 5548 5538
f 5538 5548 5549 5539
f 5539 5549 5550 5540
f 5540 5550 5551 5541
f 5541 5551 5552 5542
f 5542 5552 5543 5533
f 5543 5553 5554 5544
f 5544 5554 5555 5545
f 5545 5555 5556 5546
f 5546 5556 5557 5547
f 5547 5557 5558 5548
f 5548 5558 5559 5549
f 5549 5559 5560 5550
f 5550 5560 5561 5551
f 5551 5561 5562 5552
f 5552 5562 5553 5543
f 5553 5563 5564 5554
f 5554 5564 5565 5555
f 5555 5565 5566 5556
f 5556 5566 5567 5557
f 5557 5567 5568 5558
f 5558 5568 5569 5559
f 5559 5569 5570 5560
f 5560 5570 5571 5561
f 5561 5571 5572 5562
f 5562 5572 5563 5553
f 5563 5573 5574 5564
f 5564 5574 5575 5565
f 5565 5575 5576 5566
f 5566 5576 5577 5567
f 5567 5577 5578 5568
f 5568 5578 5579 5569
f 5569 5579 5580 5570
f 5570 5580 5581 5571
f 5571 5581 5582 5572
f 5572 5582 5573 5563
f 5573 5583 5584 5574
f 5574 5584 5585 5575
f 5575 5585 5586 5576
f 5576 5586 5587 5577
f 5577 5587 5588 5578
f 5578 5588 5589 5579
f 5579 5589 5590 5580
f 5580 5590 5591 5581
f 5581 5591 5592 5582
f 5582 5592 5583 5573
f 5583 5593 5594 5584
f 5584 5594 5595 5585
f 5585 5595 5596 5586
f 5586 5596 5597 5587
f 5587 5597 5598 5588
f 5588 5598 5599 5589
f 5589 5599 5600 5590
f 5590 5600 5601 5591
f 5591 5601 5602 5592
f 5592 5602 5593 5583
f 5593 5603 5604 5594
f 5594 5604 5605 5595
f 5595 5605 5606 5596
f 5596 5606 5607 5597
f 5597 5607 5608 5598
f 5598 5608 5609 5599
f 5599 5609 5610 5600
f 5600 5610 5611 5601
f 5601 5611 5612 5602
f 5602 5612 5603 5593
f 5603 5613 5614 5604
f 5604 5614 5615 5605
f 5605 5615 5616 5606
f 5606 5616 5617 5607
f 5607 5617 5618 5608
f 5608 5618 5619 5609
f 5609 5619 5620 5610
f 5610 5620 5621 5611
f 5611 5621 5622 5612
f 5612 5622 5613 5603
f 5613 5623 5624 5614
f 5614 5624 5625 5615
f 5615 5625 5626 5616
f 5616 5626 5627 5617
f 5617 5627 5628 5618
f 5618 5628 5629 5619
f 5619 5629 5630 5620
f 5620 5630 5631 5621
f 5621 5631 5632 5622
f 5622 5632 5623 5613
f 5623 5633 5634 5624
f 5624 5634 5635 5625
f 5625 5635 5636 5626
f 5626 5636 5637 5627
f 5627 5637 5638 5628
f 5628 5638 5639 5629
f 5629 5639 5640 5630
f 5630 5640 5641 5631
f 5631 5641 5642 5632
f 5632 5642 5633 5623
f 5633 5643 5644 5634
f 5634 5644 5645 5635
f 5635 5645 5646 5636
f 5636 5646 5647 5637
f 5637 5647 5648 5638
f 5638 5648 5649 5639
f 5639 5649 5650 5640
f 5640 5650 5651 5641
f 5641 5651 5652 5642
f 5642 5652 5643 5633
f 5643 5653 5654 5644
f 5644 5654 5655 5645
f 5645 5655 5656 5646
f 5646 5656 5657 5647
f 5647 5657 5658 5648
f 5648 5658 5659 5649
f 5649 5659 5660 5650
f 5650 5660 5661 5651
f 5651 5661 5662 5652
f 5652 5662 5653 5643
f 5653 5663 5664 5654
f 5654 5664 5665 5655
f 5655 5665 5666 5656
f 5656 5666 5667 5657
f 5657 5667 5668 5658
f 5658 5668 5669 5659
f 5659 5669 5670 5660
f 5660 5670 5671 5661
f 5661 5671 5672 5662
f 5662 5672 5663 5653
f 5663 5673 5674 5664
f 5664 5674 5675 5665
f 5665 5675 5676 5666
f 5666 5676 5677 5667
f 5667 5677 5678 5668
f 5668 5678 5679 5669
f 5669 5679 5680 5670
f 5670 5680 5681 5671
f 5671 5681 5682 5672
f 5672 5682 5673 5663
f 5673 5683 5684 5674
f 5674 5684 5685 5675
f 5675 5685 5686 5676
f 5676 5686 5687 5677
f 5677 5687 5688 5678
f 5678 5688 5689 5679
f 5679 5689 5690 5680
f 5680 5690 5691 5681
f 5681 5691 5692 5682
f 5682 5692 5683 5673
f 5683 5693 5694 5684
f 5684 5694 5695 5685
f 5685 5695 5696 5686
f 5686 5696 5697 5687
f 5687 5697 5698 5688
f 5688 5698 5699 5689
f 5689 5699 5700 5690
f 5690 5700 5701 5691
f 5691 5701 5702 5692
f 5692 5702 5693 5683
f 5693 5703 5704 5694
f 5694 5704 5705 5695
f 5695 5705 5706 5696
f 5696 5706 5707 5697
f 5697 5707 5708 5698
f 5698 5708 5709 5699
f 5699 5709 5710 5700
f 5700 5710 5711 5701
f 5701 5711 5712 5702
f 5702 5712 5703 5693
f 5703 5713 5714 5704
f 5704 5714 5715 5705
f 5705 5715 5716 5706
f 5706 5716 5717 5707
f 5707 5717 5718 5708
f 5708 5718 5719 5709
f 5709 5719 5720 5710
f 5710 5720 5721 5711
f 5711 5721 5722 5712
f 5712 5722 5713 5703
f 5713 5723 5724 5714
f 5714 5724 5725 5715
f 5715 5725 5726 5716
f 5716 5726 5727 5717
f 5717 5727 5728 5718
f 5718 5728 5729 5719
f 5719 5729 5730 5720
f 5720 5730 5731 5721
f 5721 5731 5732 5722
f 5722 5732 5723 5713
f 5723 5733 5734 5724
f 5724 5734 5735 5725
f 5725 5735 5736 5726
f 5726 5736 5737 5727
f 5727 5737 5738 5728
f 5728 5738 5739 5729
f 5729 5739 5740 5730
f 5730 5740 5741 5731
f 5731 5741 5742 5732
f 5732 5742 5733 5723
f 5733 5743 5744 5734
f 5734 5744 5745 5735
f 5735 5745 5746 5736
f 5736 5746 5747 5737
f 5737 5747 5748 5738
f 5738 5748 5749 5739
f 5739 5749 5750 5740
f 5740 5750 5751 5741
f 5741 5751 5752 5742
f 5742 5752 5743 5733
f 5743 5753 5754 5744
f 5744 5754 5755 5745
f 5745 5755 5756 5746
f 5746 5756 5757 5747
f 5747 5757 5758 5748
f 5748 5758 5759 5749
f 5749 5759 5760 5750
f 5750 5760 5761 5751
f 5751 5761 5762 5752
f 5752 5762 5753 5743
f 5753 5763 5764 5754
f 5754 5764 5765 5755
f 5755 5765 5766 5756
f 5756 5766 5767 5757
f 5757 5767 5768 5758
f 5758 5768 5769 5759
f 5759 5769 5770 5760
f 5760 5770 5771 5761
f 5761 5771 5772 5762
f 5762 5772 5763 5753
f 5763 5773 5774 5764
f 5764 5774 5775 5765
f 5765 5775 5776 5766
f 5766 5776 5777 5767
f 5767 5777 5778 5768
f 5768 5778 5779 5769
f 5769 5779 5780 5770
f 5770 5780 5781 5771
f 5771 5781 5782 5772
f 5772 5782 5773 5763
f 5773 5783 5784 5774
f 5774 5784 5785 5775
f 5775 5785 5786 5776
f 5776 5786 5787 5777
f 5777 5787 5788 5778
f 5778 5788 5789 5779
f 5779 5789 5790 5780
f 5780 5790 5791 5781
f 5781 5791 5792 5782
f 5782 5792 5783 5773
f 5783 5793 5794 5784
f 5784 5794 5795 5785
f 5785 5795 5796 5786
f 5786 5796 5797 5787
f 5787 5797 5798 5788
f 5788 5798 5799 5789
f 5789 5799 5800 5790
f 5790 5800 5801 5791
f 5791 5801 5802 5792
f 5792 5802 5793 5783
f 5793 5803 5804 5794
f 5794 5804 5805 5795
f 5795 5805 5806 5796
f 5796 5806 5807 5797
f 5797 5807 5808 5798
f 5798 5808 5809 5799
f 5799 5809 5810 5800
f 5800 5810 5811 5801
f 5801 5811 5812 5802
f 5802 5812 5803 5793
f 5803 5813 5814 5804
f 5804 5814 5815 5805
f 5805 5815 5816 5806
f 5806 5816 5817 5807
f 5807 5817 5818 5808
f 5808 5818 5819 5809
f 5809 5819 5820 5810
f 5810 5820 5821 5811
f 5811 5821 5822 5812
f 5812 5822 5813 5803
f 5813 5823 5824 5814
f 5814 5824 5825 5815
f 5815 5825 5826 5816
f 5816 5826 5827 5817
f 5817 5827 5828 5818
f 5818 5828 5829 5819
f 5819 5829 5830 5820
f 5820 5830 5831 5821
f 5821 5831 5832 5822
f 5822 5832 5823 5813
f 5823 5833 5834 5824
f 5824 5834 5835 5825
f 5825 5835 5836 5826
f 5826 5836 5837 5827
f 5827 5837 5838 5828
f 5828 5838 5839 5829
f 5829 5839 5840 5830
f 5830 5840 5841 5831
f 5831 5841 5842 5832
f 5832 5842 5833 5823
f 5833 5843 5844 5834
f 5834 5844 5845 5835
f 5835 5845 5846 5836
f 5836 5846 5847 5837
f 5837 5847 5848 5838
f 5838 5848 5849 5839
f 5839 5849 5850 5840
f 5840 5850 5851 5841
f 5841 5851 5852 5842
f 5842 5852 5843 5833
f 5843 5853 5854 5844
f 5844 5854 5855 5845
f 5845 5855 5856 5846
f 5846 5856 5857 5847
f 5847 5857 5858 5848
f 5848 5858 5859 5849
f 5849 5859 5860 5850
f 5850 5860 5861 5851
f 5851 5861 5862 5852
f 5852 5862 5853 5843
f 5853 5863 5864 5854
f 5854 5864 5865 5855
f 5855 5865 5866 5856
f 5856 5866 5867 5857
f 5857 5867 5868 5858
f 5858 5868 5869 5859
f 5859 5869 5870 5860
f 5860 5870 5871 5861
f 5861 5871 5872 5862
f 5862 5872 5863 5853
f 5863 5873 5874 5864
f 5864 5874 5875 5865
f 5865 5875 5876 5866
f 5866 5876 5877 5867
f 5867 5877 5878 5868
f 5868 5878 5879 5869
f 5869 5879 5880 5870
f 5870 5880 5881 5871
f 5871 5881 5882 5872
f 5872 5882 5873 5863
f 5873 5883 5884 5874
f 5874 5884 5885 5875
f 5875 5885 5886 5876
f 5876 5886 5887 5877
f 5877 5887 5888 5878
f 5878 5888 5889 5879
f 5879 5889 5890 5880
f 5880 5890 5891 5881
f 5881 5891 5892 5882
f 5882 5892 5883 5873
f 5883 5893 5894 5884
f 5884 5894 5895 5885
f 5885 5895 5896 5886
f 5886 5896 5897 5887
f 5887 5897 5898 5888
f 5888 5898 5899 5889
f 5889 5899 5900 5890
f 5890 5900 5901 5891
f 5891 5901 5902 5892
f 5892 5902 5893 5883
f 5893 5903 5904 5894
f 5894 5904 5905 5895
f 5895 5905 5906 5896
f 5896 5906 5907 5897
f 5897 5907 5908 5898
f 5898 5908 5909 5899
f 5899 5909 5910 5900
f 5900 5910 5911 5901
f 5901 5911 5912 5902
f 5902 5912 5903 5893
f 5903 5913 5914 5904
f 5904 5914 5915 5905
f 5905 5915 5916 5906
f 5906 5916 5917 5907
f 5907 5917 5918 5908
f 5908 5918 5919 5909
f 5909 5919 5920 5910
f 5910 5920 5921 5911
f 5911 5921 5922 5912
f 5912 5922 5913 5903
f 5913 5923 5924 5914
f 5914 5924 5925 5915
f 5915 5925 5926 5916
f 5916 5926 5927 5917
f 5917 5927 5928 5918
f 5918 5928 5929 5919
f 5919 5929 5930 5920
f 5920 5930 5931 5921
f 5921 5931 5932 5922
f 5922 5932 5923 5913
f 5923 5933 5934 5924
f 5924 5934 5935 5925
f 5925 5935 5936 5926
f 5926 5936 5937 5927
f 5927 5937 5938 5928
f 5928 5938 5939 5929
f 5929 5939 5940 5930
f 5930 5940 5941 5931
f 5931 5941 5942 5932
f 5932 5942 5933 5923
f 5933 5943 5944 5934
f 5934 5944 5945 5935
f 5935 5945 5946 5936
f 5936 5946 5947 5937
f 5937 5947 5948 5938
f 5938 5948 5949 5939
f 5939 5949 5950 5940
f 5940 5950 5951 5941
f 5941 5951 5952 5942
f 5942 5952 5943 5933
f 5943 5953 5954 5944
f 5944 5954 5955 5945
f 5945 5955 5956 5946
f 5946 5956 5957 5947
f 5947 5957 5958 5948
f 5948 5958 5959 5949
f 5949 5959 5960 5950
f 5950 5960 5961 5951
f 5951 5961 5962 5952
f 5952 5962 5953 5943
f 5953 5963 5964 5954
f 5954 5964 5965 5955
f 5955 5965 5966 5956
f 5956 5966 5967 5957
f 5957 5967 5968 5958
f 5958 5968 5969 5959
f 5959 5969 5970 5960
f 5960 5970 5971 5961
f 5961 5971 5972 5962
f 5962 5972 5963 5953
f 5963 5973 5974 5964
f 5964 5974 5975 5965
f 5965 5975 5976 5966
f 5966 5976 5977 5967
f 5967 5977 5978 5968
f 5968 5978 5979 5969
f 5969 5979 5980 5970
f 5970 5980 5981 5971
f 5971 5981 5982 5972
f 5972 5982 5973 5963
f 5973 5983 5984 5974
f 5974 5984 5985 5975
f 5975 5985 5986 5976
f 5976 5986 5987 5977
f 5977 5987 5988 5978
f 5978 5988 5989 5979
f 5979 5989 5990 5980
f 5980 5990 5991 5981
f 5981 5991 5992 5982
f 5982 5992 5983 5973
f 5983 5993 5994 5984
f 5984 5994 5995 5985
f 5985 5995 5996 5986
f 5986 5996 5997 5987
f 5987 5997 5998 5988
f 5988 5998 5999 5989
f 5989 5999 6000 5990
f 5990 6000 6001 5991
f 5991 6001 6002 5992
f 5992 6002 5993 5983
f 5993 6003 6004 5994
f 5994 6004 6005 5995
f 5995 6005 6006 5996
f 5996 6006 6007 5997
f 5997 6007 6008 5998
f 5998 6008 6009 5999
f 5999 6009 6010 6000
f 6000 6010 6011 6001
f 6001 6011 6012 6002
f 6002 6012 6003 5993
f 6003 6013 6014 6004
f 6004 6014 6015 6005
f 6005 6015 6016 6006
f 6006 6016 6017 6007
f 6007 6017 6018 6008
f 6008 6018 6019 6009
f 6009 6019 6020 6010
f 6010 6020 6021 6011
f 6011 6021 6022 6012
f 6012 6022 6013 6003
f 6013 6023 6024 6014
f 6014 6024 6025 6015
f 6015 6025 6026 6016
f 6016 6026 6027 6017
f 6017 6027 6028 6018
f 6018 6028 6029 6019
f 6019 6029 6030 6020
f 6020 6030 6031 6021
f 6021 6031 6032 6022
f 6022 6032 6023 6013
f 6023 6033 6034 6024
f 6024 6034 6035 6025
f 6025 6035 6036 6026
f 6026 6036 6037 6027
f 6027 6037 6038 6028
f 6028 6038 6039 6029
f 6029 6039 6040 6030
f 6030 6040 6041 6031
f 6031 6041 6042 6032
f 6032 6042 6033 6023
f 6033 6043 6044 6034
f 6034 6044 6045 6035
f 6035 6045 6046 6036
f 6036 6046 6047 6037
f 6037 6047 6048 6038
f 6038 6048 6049 6039
f 6039 6049 6050 6040
f 6040 6050 6051 6041
f 6041 6051 6052 6042
f 6042 6052 6043 6033
f 6043 6053 6054 6044
f 6044 6054 6055 6045
f 6045 6055 6056 6046
f 6046 6056 6057 6047
f 6047 6057 6058 6048
f 6048 6058 6059 6049
f 6049 6059 6060 6050
f 6050 6060 6061 6051
f 6051 6061 6062 6052
f 6052 6062 6053 6043
f 6053 6063 6064 6054
f 6054 6064 6065 6055
f 6055 6065 6066 6056
f 6056 6066 6067 6057
f 6057 6067 6068 6058
f 6058 6068 6069 6059
f 6059 6069 6070 6060
f 6060 6070 6071 6061
f 6061 6071 6072 6062
f 6062 6072 6063 6053
f 6063 6073 6074 6064
f 6064 6074 6075 6065
f 6065 6075 6076 6066
f 6066 6076 6077 6067
f 6067 6077 6078 6068
f 6068 6078 6079 6069
f 6069 6079 6080 6070
f 6070 6080 6081 6071
f 6071 6081 6082 6072
f 6072 6082 6073 6063
f 6073 6083 6084 6074
f 6074 6084 6085 6075
f 6075 6085 6086 6076
f 6076 6086 6087 6077
f 6077 6087 6088 6078
f 6078 6088 6089 6079
f 6079 6089 6090 6080
f 6080 6090 6091 6081
f 6081 6091 6092 6082
f 6082 6092 6083 6073
f 6083 6093 6094 6084
f 6084 6094 6095 6085
f 6085 6095 6096 6086
f 6086 6096 6097 6087
f 6087 6097 6098 6088
f 6088 6098 6099 6089
f 6089 6099 6100 6090
f 6090 6100 6101 6091
f 6091 6101 6102 6092
f 6092 6102 6093 6083
f 6093 6103 6104 6094
f 6094 6104 6105 6095
f 6095 6105 6106 6096
f 6096 6106 6107 6097
f 6097 6107 6108 6098
f 6098 6108 6109 6099
f 6099 6109 6110 6100
f 6100 6110 6111 6101
f 6101 6111 6112 6102
f 6102 6112 6103 6093
f 6103 6113 6114 6104
f 6104 6114 6115 6105
f 6105 6115 6116 6106
f 6106 6116 6117 6107
f 6107 6117 6118 6108
f 6108 6118 6119 6109
f 6109 6119 6120 6110
f 6110 6120 6121 6111
f 6111 6121 6122 6112
f 6112 6122 6113 6103
f 6113 6123 6124 6114
f 6114 6124 6125 6115
f 6115 6125 6126 6116
f 6116 6126 6127 6117
f 6117 6127 6128 6118
f 6118 6128 6129 6119
f 6119 6129 6130 6120
f 6120 6130 6131 6121
f 6121 6131 6132 6122
f 6122 6132 6123 6113
f 6123 6133 6134 6124
f 6124 6134 6135 6125
f 6125 6135 6136 6126
f 6126 6136 6137 6127
f 6127 6137 6138 6128
f 6128 6138 6139 6129
f 6129 6139 6140 6130
f 6130 6140 6141 6131
f 6131 6141 6142 6132
f 6132 6142 6133 6123
f 6133 6143 6144 6134
f 6134 6144 6145 6135
f 6135 6145 6146 6136
f 6136 6146 6147 6137
f 6137 6147 6148 6138
f 6138 6148 6149 6139
f 6139 6149 6150 6140
f 6140 6150 6151 6141
f 6141 6151 6152 6142
f 6142 6152 6143 6133
f 6143 6153 6154 6144
f 6144 6154 6155 6145
f 6145 6155 6156 6146
f 6146 6156 6157 6147
f 6147 6157 6158 6148
f 6148 6158 6159 6149
f 6149 6159 6160 6150
f 6150 6160 6161 6151
f 6151 6161 6162 6152
f 6152 6162 6153 6143
f 6153 6163 6164 6154
f 6154 6164 6165 6155
f 6155 6165 6166 6156
f 6156 6166 6167 6157
f 6157 6167 6168 6158
f 6158 6168 6169 6159
f 6159 6169 6170 6160
f 6160 6170 6171 6161
f 6161 6171 6172 6162
f 6162 6172 6163 6153
f 6163 6173 6174 6164
f 6164 6174 6175 6165
f 6165 6175 6176 6166
f 6166 6176 6177 6167
f 6167 6177 6178 6168
f 6168 6178 6179 6169
f 6169 6179 6180 6170
f 6170 6180 6181 6171
f 6171 6181 6182 6172
f 6172 6182 6173 6163
f 6173 6183 6184 6174
f 6174 6184 6185 6175
f 6175 6185 6186 6176
f 6176 6186 6187 6177
f 6177 6187 6188 6178
f 6178 6188 6189 6179
f 6179 6189 6190 6180
f 6180 6190 6191 6181
f 6181 6191 6192 6182
f 6182 6192 6183 6173
f 6183 6193 6194 6184
f 6184 6194 6195 6185
f 6185 6195 6196 6186
f 6186 6196 6197 6187
f 6187 6197 6198 6188
f 6188 6198 6199 6189
f 6189 6199 6200 6190
f 6190 6200 6201 6191
f 6191 6201 6202 6192
f 6192 6202 6193 6183
f 6193 6203 6204 6194
f 6194 6204 6205 6195
f 6195 6205 6206 6196
f 6196 6206 6207 6197
f 6197 6207 6208 6198
f 6198 6208 6209 6199
f 6199 6209 6210 6200
f 6200 6210 6211 6201
f 6201 6211 6212 6202
f 6202 6212 6203 6193
f 6203 6213 6214 6204
f 6204 6214 6215 6205
f 6205 6215 6216 6206
f 6206 6216 6217 6207
f 6207 6217 6218 6208
f 6208 6218 6219 6209
f 6209 6219 6220 6210
f 6210 6220 6221 6211
f 6211 6221 6222 6212
f 6212 6222 6213 6203
f 6213 6223 6224 6214
f 6214 6224 6225 6215
f 6215 6225 6226 6216
f 6216 6226 6227 6217
f 6217 6227 6228 6218
f 6218 6228 6229 6219
f 6219 6229 6230 6220
f 6220 6230 6231 6221
f 6221 6231 6232 6222
f 6222 6232 6223 6213
f 6223 6233 6234 6224
f 6224 6234 6235 6225
f 6225 6235 6236 6226
f 6226 6236 6237 6227
f 6227 6237 6238 6228
f 6228 6238 6239 6229
f 6229 6239 6240 6230
f 6230 6240 6241 6231
f 6231 6241 6242 6232
f 6232 6242 6233 6223
f 6233 6243 6244 6234
f 6234 6244 6245 6235
f 6235 6245 6246 6236
f 6236 6246 6247 6237
f 6237 6247 6248 6238
f 6238 6248 6249 6239
f 6239 6249 6250 6240
f 6240 6250 6251 6241
f 6241 6251 6252 6242
f 6242 6252 6243 6233
f 6243 6253 6254 6244
f 6244 6254 6255 6245
f 6245 6255 6256 6246
f 6246 6256 6257 6247
f 6247 6257 6258 6248
f 6248 6258 6259 6249
f 6249 6259 6260 6250
f 6250 6260 6261 6251
f 6251 6261 6262 6252
f 6252 6262 6253 6243
f 6253 6263 6264 6254
f 6254 6264 6265 6255
f 6255 6265 6266 6256
f 6256 6266 6267 6257
f 6257 6267 6268 6258
f 6258 6268 6269 6259
f 6259 6269 6270 6260
f 6260 6270 6271 6261
f 6261 6271 6272 6262
f 6262 6272 6263 6253
f 6263 6273 6274 6264
f 6264 6274 6275 6265
f 6265 6275 6276 6266
f 6266 6276 6277 6267
f 6267 6277 6278 6268
f 6268 6278 6279 6269
f 6269 6279 6280 6270
f 6270 6280 6281 6271
f 6271 6281 6282 6272
f 6272 6282 6273 6263
f 6273 6283 6284 6274
f 6274 6284 6285 6275
f 6275 6285 6286 6276
f 6276 6286 6287 6277
f 6277 6287 6288 6278
f 6278 6288 6289 6279
f 6279 6289 6290 6280
f 6280 6290 6291 6281
f 6281 6291 6292 6282
f 6282 6292 6283 6273
f 6283 6293 6294 6284
f 6284 6294 6295 6285
f 6285 6295 6296 6286
f 6286 6296 6297 6287
f 6287 6297 6298 6288
f 6288 6298 6299 6289
f 6289 6299 6300 6290
f 6290 6300 6301 6291
f 6291 6301 6302 6292
f 6292 6302 6293 6283
f 6293 6303 6304 6294
f 6294 6304 6305 6295
f 6295 6305 6306 6296
f 6296 6306 6307 6297
f 6297 6307 6308 6298
f 6298 6308 6309 6299
f 6299 6309 6310 6300
f 6300 6310 6311 6301
f 6301 6311 6312 6302
f 6302 6312 6303 6293
f 6303 6313 6314 6304
f 6304 6314 6315 6305
f 6305 6315 6316 6306
f 6306 6316 6317 6307
f 6307 6317 6318 6308
f 6308 6318 6319 6309
f 6309 6319 6320 6310
f 6310 6320 6321 6311
f 6311 6321 6322 6312
f 6312 6322 6313 6303
f 6313 6323 6324 6314
f 6314 6324 6325 6315
f 6315 6325 6326 6316
f 6316 6326 6327 6317
f 6317 6327 6328 6318
f 6318 6328 6329 6319
f 6319 6329 6330 6320
f 6320 6330 6331 6321
f 6321 6331 6332 6322
f 6322 6332 6323 6313
f 6323 6333 6334 6324
f 6324 6334 6335 6325
f 6325 6335 6336 6326
f 6326 6336 6337 6327
f 6327 6337 6338 6328
f 6328 6338 6339 6329
f 6329 6339 6340 6330
f 6330 6340 6341 6331
f 6331 6341 6342 6332
f 6332 6342 6333 6323
f 6333 6343 6344 6334
f 6334 6344 6345 6335
f 6335 6345 6346 6336
f 6336 6346 6347 6337
f 6337 6347 6348 6338
f 6338 6348 6349 6339
f 6339 6349 6350 6340
f 6340 6350 6351 6341
f 6341 6351 6352 6342
f 6342 6352 6343 6333
f 6343 6353 6354 6344
f 6344 6354 6355 6345
f 6345 6355 6356 6346
f 6346 6356 6357 6347
f 6347 6357 6358 6348
f 6348 6358 6359 6349
f 6349 6359 6360 6350
f 6350 6360 6361 6351
f 6351 6361 6362 6352
f 6352 6362 6353 6343
f 6353 6363 6364 6354
f 6354 6364 6365 6355
f 6355 6365 6366 6356
f 6356 6366 6367 6357
f 6357 6367 6368 6358
f 6358 6368 6369 6359
f 6359 6369 6370 6360
f 6360 6370 6371 6361
f 6361 6371 6372 6362
f 6362 6372 6363 6353
f 6363 6373 6374 6364
f 6364 6374 6375 6365
f 6365 6375 6376 6366
f 6366 6376 6377 6367
f 6367 6377 6378 6368
f 6368 6378 6379 6369
f 6369 6379 6380 6370
f 6370 6380 6381 6371
f 6371 6381 6382 6372
f 6372 6382 6373 6363
f 6373 6383 6384 6374
f 6374 6384 6385 6375
f 6375 6385 6386 6376
f 6376 6386 6387 6377
f 6377 6387 6388 6378
f 6378 6388 6389 6379
f 6379 6389 6390 6380
f 6380 6390 6391 6381
f 6381 6391 6392 6382
f 6382 6392 6383 6373
f 6383 6393 6394 6384
f 6384 6394 6395 6385
f 6385 6395 6396 6386
f 6386 6396 6397 6387
f 6387 6397 6398 6388
f 6388 6398 6399 6389
f 6389 6399 6400 6390
f 6390 6400 6401 6391
f 6391 6401 6402 6392
f 6392 6402 6393 6383
f 6393 6403 6404 6394
f 6394 6404 6405 6395
f 6395 6405 6406 6396
f 6396 6406 6407 6397
f 6397 6407 6408 6398
f 6398 6408 6409 6399
f 6399 6409 6410 6400
f 6400 6410 6411 6401
f 6401 6411 6412 6402
f 6402 6412 6403 6393
f 6403 6413 6414 6404
f 6404 6414 6415 6405
f 6405 6415 6416 6406
f 6406 6416 6417 6407
f 6407 6417 6418 6408
f 6408 6418 6419 6409
f 6409 6419 6420 6410
f 6410 6420 6421 6411
f 6411 6421 6422 6412
f 6412 6422 6413 6403
f 6413 6423 6424 6414
f 6414 6424 6425 6415
f 6415 6425 6426 6416
f 6416 6426 6427 6417
f 6417 6427 6428 6418
f 6418 6428 6429 6419
f 6419 6429 6430 6420
f 6420 6430 6431 6421
f 6421 6431 6432 6422
f 6422 6432 6423 6413
f 6423 6433 6434 6424
f 6424 6434 6435 6425
f 6425 6435 6436 6426
f 6426 6436 6437 6427
f 6427 6437 6438 6428
f 6428 6438 6439 6429
f 6429 6439 6440 6430
f 6430 6440 6441 6431
f 6431 6441 6442 6432
f 6432 6442 6433 6423
f 6433 6443 6444 6434
f 6434 6444 6445 6435
f 6435 6445 6446 6436
f 6436 6446 6447 6437
f 6437 6447 6448 6438
f 6438 6448 6449 6439
f 6439 6449 6450 6440
f 6440 6450 6451 6441
f 6441 6451 6452 6442
f 6442 6452 6443 6433
f 6443 6453 6454 6444
f 6444 6454 6455 6445
f 6445 6455 6456 6446
f 6446 6456 6457 6447
f 6447 6457 6458 6448
f 6448 6458 6459 6449
f 6449 6459 6460 6450
f 6450 6460 6461 6451
f 6451 6461 6462 6452
f 6452 6462 6453 6443
f 6453 6463 6464 6454
f 6454 6464 6465 6455
f 6455 6465 6466 6456
f 6456 6466 6467 6457
f 6457 6467 6468 6458
f 6458 6468 6469 6459
f 6459 6469 6470 6460
f 6460 6470 6471 6461
f 6461 6471 6472 6462
f 6462 6472 6463 6453
f 6463 6473 6474 6464
f 6464 6474 6475 6465
f 6465 6475 6476 6466
f 6466 6476 6477 6467
f 6467 6477 6478 6468
f 6468 6478 6479 6469
f 6469 6479 6480 6470
f 6470 6480 6481 6471
f 6471 6481 6482 6472
f 6472 6482 6473 6463
f 6473 6483 6484 6474
f 6474 6484 6485 6475
f 6475 6485 6486 6476
f 6476 6486 6487 6477
f 6477 6487 6488 6478
f 6478 6488 6489 6479
f 6479 6489 6490 6480
f 6480 6490 6491 6481
f 6481 6491 6492 6482
f 6482 6492 6483 6473
f 6483 6493 6494 6484
f 6484 6494 6495 6485
f 6485 6495 6496 6486
f 6486 6496 6497 6487
f 6487 6497 6498 6488
f 6488 6498 6499 6489
f 6489 6499 6500 6490
f 6490 6500 6501 6491
f 6491 6501 6502 6492
f 6492 6502 6493 6483
f 6493 6503 6504 6494
f 6494 6504 6505 6495
f 6495 6505 6506 6496
f 6496 6506 6507 6497
f 6497 6507 6508 6498
f 6498 6508 6509 6499
f 6499 6509 6510 6500
f 6500 6510 6511 6501
f 6501 6511 6512 6502
f 6502 6512 6503 6493
f 6503 6513 6514 6504
f 6504 6514 6515 6505
f 6505 6515 6516 6506
f 6506 6516 6517 6507
f 6507 6517 6518 6508
f 6508 6518 6519 6509
f 6509 6519 6520 6510
f 6510 6520 6521 6511
f 6511 6521 6522 6512
f 6512 6522 6513 6503
f 6513 6523 6524 6514
f 6514 6524 6525 6515
f 6515 6525 6526 6516
f 6516 6526 6527 6517
f 6517 6527 6528 6518
f 6518 6528 6529 6519
f 6519 6529 6530 6520
f 6520 6530 6531 6521
f 6521 6531 6532 6522
f 6522 6532 6523 6513
f 6523 6533 6534 6524
f 6524 6534 6535 6525
f 6525 6535 6536 6526
f 6526 6536 6537 6527
f 6527 6537 6538 6528
f 6528 6538 6539 6529
f 6529 6539 6540 6530
f 6530 6540 6541 6531
f 6531 6541 6542 6532
f 6532 6542 6533 6523
f 6533 6543 6544 6534
f 6534 6544 6545 6535
f 6535 6545 6546 6536
f 6536 6546 6547 6537
f 6537 6547 6548 6538
f 6538 6548 6549 6539
f 6539 6549 6550 6540
f 6540 6550 6551 6541
f 6541 6551 6552 6542
f 6542 6552 6543 6533
f 6543 6553 6554 6544
f 6544 6554 6555 6545
f 6545 6555 6556 6546
f 6546 6556 6557 6547
f 6547 6557 6558 6548
f 6548 6558 6559 6549
f 6549 6559 6560 6550
f 6550 6560 6561 6551
f 6551 6561 6562 6552
f 6552 6562 6553 6543
f 6553 6563 6564 6554
f 6554 6564 6565 6555
f 6555 6565 6566 6556
f 6556 6566 6567 6557
f 6557 6567 6568 6558
f 6558 6568 6569 6559
f 6559 6569 6570 6560
f 6560 6570 6571 6561
f 6561 6571 6572 6562
f 6562 6572 6563 6553
f 6563 6573 6574 6564
f 6564 6574 6575 6565
f 6565 6575 6576 6566
f 6566 6576 6577 6567
f 6567 6577 6578 6568
f 6568 6578 6579 6569
f 6569 6579 6580 6570
f 6570 6580 6581 6571
f 6571 6581 6582 6572
f 6572 6582 6573 6563
f 6573 6583 6584 6574
f 6574 6584 6585 6575
f 6575 6585 6586 6576
f 6576 6586 6587 6577
f 6577 6587 6588 6578
f 6578 6588 6589 6579
f 6579 6589 6590 6580
f 6580 6590 6591 6581
f 6581 6591 6592 6582
f 6582 6592 6583 6573
f 6583 6593 6594 6584
f 6584 6594 6595 6585
f 6585 6595 6596 6586
f 6586 6596 6597 6587
f 6587 6597 6598 6588
f 6588 6598 6599 6589
f 6589 6599 6600 6590
f 6590 6600 6601 6591
f 6591 6601 6602 6592
f 6592 6602 6593 6583
f 6593 6603 6604 6594
f 6594 6604 6605 6595
f 6595 6605 6606 6596
f 6596 6606 6607 6597
f 6597 6607 6608 6598
f 6598 6608 6609 6599
f 6599 6609 6610 6600
f 6600 6610 6611 6601
f 6601 6611 6612 6602
f 6602 6612 6603 6593
f 6603 6613 6614 6604
f 6604 6614 6615 6605
f 6605 6615 6616 6606
f 6606 6616 6617 6607
f 6607 6617 6618 6608
f 6608 6618 6619 6609
f 6609 6619 6620 6610
f 6610 6620 6621 6611
f 6611 6621 6622 6612
f 6612 6622 6613 6603
f 6613 6623 6624 6614
f 6614 6624 6625 6615
f 6615 6625 6626 6616
f 6616 6626 6627 6617
f 6617 6627 6628 6618
f 6618 6628 6629 6619
f 6619 6629 6630 6620
f 6620 6630 6631 6621
f 6621 6631 6632 6622
f 6622 6632 6623 6613
f 6623 6633 6634 6624
f 6624 6634 6635 6625
f 6625 6635 6636 6626
f 6626 6636 6637 6627
f 6627 6637 6638 6628
f 6628 6638 6639 6629
f 6629 6639 6640 6630
f 6630 6640 6641 6631
f 6631 6641 6642 6632
f 6632 6642 6633 6623
f 6633 6643 6644 6634
f 6634 6644 6645 6635
f 6635 6645 6646 6636
f 6636 6646 6647 6637
f 6637 6647 6648 6638
f 6638 6648 6649 6639
f 6639 6649 6650 6640
f 6640 6650 6651 6641
f 6641 6651 6652 6642
f 6642 6652 6643 6633
f 6643 6653 6654 6644
f 6644 6654 6655 6645
f 6645 6655 6656 6646
f 6646 6656 6657 6647
f 6647 6657 6658 6648
f 6648 6658 6659 6649
f 6649 6659 6660 6650
f 6650 6660 6661 6651
f 6651 6661 6662 6652
f 6652 6662 6653 6643
f 6653 6663 6664 6654
f 6654 6664 6665 6655
f 6655 6665 6666 6656
f 6656 6666 6667 6657
f 6657 6667 6668 6658
f 6658 6668 6669 6659
f 6659 6669 6670 6660
f 6660 6670 6671 6661
f 6661 6671 6672 6662
f 6662 6672 6663 6653
f 6663 6673 6674 6664
f 6664 6674 6675 6665
f 6665 6675 6676 6666
f 6666 6676 6677 6667
f 6667 6677 6678 6668
f 6668 6678 6679 6669
f 6669 6679 6680 6670
f 6670 6680 6681 6671
f 6671 6681 6682 6672
f 6672 6682 6673 6663
f 6673 6683 6684 6674
f 6674 6684 6685 6675
f 6675 6685 6686 6676
f 6676 6686 6687 6677
f 6677 6687 6688 6678
f 6678 6688 6689 6679
f 6679 6689 6690 6680
f 6680 6690 6691 6681
f 6681 6691 6692 6682
f 6682 6692 6683 6673
f 6683 6693 6694 6684
f 6684 6694 6695 6685
f 6685 6695 6696 6686
f 6686 6696 6697 6687
f 6687 6697 6698 6688
f 6688 6698 6699 6689
f 6689 6699 6700 6690
f 6690 6700 6701 6691
f 6691 6701 6702 6692
f 6692 6702 6693 6683
f 6693 6703 6704 6694
f 6694 6704 6705 6695
f 6695 6705 6706 6696
f 6696 6706 6707 6697
f 6697 6707 6708 6698
f 6698 6708 6709 6699
f 6699 6709 6710 6700
f 6700 6710 6711 6701
f 6701 6711 6712 6702
f 6702 6712 6703 6693
f 6703 6713 6714 6704
f 6704 6714 6715 6705
f 6705 6715 6716 6706
f 6706 6716 6717 6707
f 6707 6717 6718 6708
f 6708 6718 6719 6709
f 6709 6719 6720 6710
f 6710 6720 6721 6711
f 6711 6721 6722 6712
f 6712 6722 6713 6703
f 6713 6723 6724 6714
f 6714 6724 6725 6715
f 6715 6725 6726 6716
f 6716 6726 6727 6717
f 6717 6727 6728 6718
f 6718 6728 6729 6719
f 6719 6729 6730 6720
f 6720 6730 6731 6721
f 6721 6731 6732 6722
f 6722 6732 6723 6713
f 6723 6733 6734 6724
f 6724 6734 6735 6725
f 6725 6735 6736 6726
f 6726 6736 6737 6727
f 6727 6737 6738 6728
f 6728 6738 6739 6729
f 6729 6739 6740 6730
f 6730 6740 6741 6731
f 6731 6741 6742 6732
f 6732 6742 6733 6723
f 6733 6743 6744 6734
f 6734 6744 6745 6735
f 6735 6745 6746 6736
f 6736 6746 6747 6737
f 6737 6747 6748 6738
f 6738 6748 6749 6739
f 6739 6749 6750 6740
f 6740 6750 6751 6741
f 6741 6751 6752 6742
f 6742 6752 6743 6733
f 6743 6753 6754 6744
f 6744 6754 6755 6745
f 6745 6755 6756 6746
f 6746 6756 6757 6747
f 6747 6757 6758 6748
f 6748 6758 6759 6749
f 6749 6759 6760 6750
f 6750 6760 6761 6751
f 6751 6761 6762 6752
f 6752 6762 6753 6743
f 6753 6763 6764 6754
f 6754 6764 6765 6755
f 6755 6765 6766 6756
f 6756 6766 6767 6757
f 6757 6767 6768 6758
f 6758 6768 6769 6759
f 6759 6769 6770 6760
f 6760 6770 6771 6761
f 6761 6771 6772 6762
f 6762 6772 6763 6753
f 6763 6773 6774 6764
f 6764 6774 6775 6765
f 6765 6775 6776 6766
f 6766 6776 6777 6767
f 6767 6777 6778 6768
f 6768 6778 6779 6769
f 6769 6779 6780 6770
f 6770 6780 6781 6771
f 6771 6781 6782 6772
f 6772 6782 6773 6763
f 6773 6783 6784 6774
f 6774 6784 6785 6775
f 6775 6785 6786 6776
f 6776 6786 6787 6777
f 6777 6787 6788 6778
f 6778 6788 6789 6779
f 6779 6789 6790 6780
f 6780 6790 6791 6781
f 6781 6791 6792 6782
f 6782 6792 6783 6773
f 6783 6793 6794 6784
f 6784 6794 6795 6785
f 6785 6795 6796 6786
f 6786 6796 6797 6787
f 6787 6797 6798 6788
f 6788 6798 6799 6789
f 6789 6799 6800 6790
f 6790 6800 6801 6791
f 6791 6801 6802 6792
f 6792 6802 6793 6783
f 6793 6803 6804 6794
f 6794 6804 6805 6795
f 6795 6805 6806 6796
f 6796 6806 6807 6797
f 6797 6807 6808 6798
f 6798 6808 6809 6799
f 6799 6809 6810 6800
f 6800 6810 6811 6801
f 6801 6811 6812 6802
f 6802 6812 6803 6793
f 6803 6813 6814 6804
f 6804 6814 6815 6805
f 6805 6815 6816 6806
f 6806 6816 6817 6807
f 6807 6817 6818 6808
f 6808 6818 6819 6809
f 6809 6819 6820 6810
f 6810 6820 6821 6811
f 6811 6821 6822 6812
f 6812 6822 6813 6803
f 6813 6823 6824 6814
f 6814 6824 6825 6815
f 6815 6825 6826 6816
f 6816 6826 6827 6817
f 6817 6827 6828 6818
f 6818 6828 6829 6819
f 6819 6829 6830 6820
f 6820 6830 6831 6821
f 6821 6831 6832 6822
f 6822 6832 6823 6813
f 6823 6833 6834 6824
f 6824 6834 6835 6825
f 6825 6835 6836 6826
f 6826 6836 6837 6827
f 6827 6837 6838 6828
f 6828 6838 6839 6829
f 6829 6839 6840 6830
f 6830 6840 6841 6831
f 6831 6841 6842 6832
f 6832 6842 6833 6823
f 6833 6843 6844 6834
f 6834 6844 6845 6835
f 6835 6845 6846 6836
f 6836 6846 6847 6837
f 6837 6847 6848 6838
f 6838 6848 6849 6839
f 6839 6849 6850 6840
f 6840 6850 6851 6841
f 6841 6851 6852 6842
f 6842 6852 6843 6833
f 6843 6853 6854 6844
f 6844 6854 6855 6845
f 6845 6855 6856 6846
f 6846 6856 6857 6847
f 6847 6857 6858 6848
f 6848 6858 6859 6849
f 6849 6859 6860 6850
f 6850 6860 6861 6851
f 6851 6861 6862 6852
f 6852 6862 6853 6843
f 6853 6863 6864 6854
f 6854 6864 6865 6855
f 6855 6865 6866 6856
f 6856 6866 6867 6857
f 6857 6867 6868 6858
f 6858 6868 6869 6859
f 6859 6869 6870 6860
f 6860 6870 6871 6861
f 6861 6871 6872 6862
f 6862 6872 6863 6853
f 6863 6873 6874 6864
f 6864 6874 6875 6865
f 6865 6875 6876 6866
f 6866 6876 6877 6867
f 6867 6877 6878 6868
f 6868 6878 6879 6869
f 6869 6879 6880 6870
f 6870 6880 6881 6871
f 6871 6881 6882 6872
f 6872 6882 6873 6863
f 6873 6883 6884 6874
f 6874 6884 6885 6875
f 6875 6885 6886 6876
f 6876 6886 6887 6877
f 6877 6887 6888 6878
f 6878 6888 6889 6879
f 6879 6889 6890 6880
f 6880 6890 6891 6881
f 6881 6891 6892 6882
f 6882 6892 6883 6873
f 6883 6893 6894 6884
f 6884 6894 6895 6885
f 6885 6895 6896 6886
f 6886 6896 6897 6887
f 6887 6897 6898 6888
f 6888 6898 6899 6889
f 6889 6899 6900 6890
f 6890 6900 6901 6891
f 6891 6901 6902 6892
f 6892 6902 6893 6883
f 6893 6903 6904 6894
f 6894 6904 6905 6895
f 6895 6905 6906 6896
f 6896 6906 6907 6897
f 6897 6907 6908 6898
f 6898 6908 6909 6899
f 6899 6909 6910 6900
f 6900 6910 6911 6901
f 6901 6911 6912 6902
f 6902 6912 6903 6893
f 6903 6913 6914 6904
f 6904 6914 6915 6905
f 6905 6915 6916 6906
f 6906 6916 6917 6907
f 6907 6917 6918 6908
f 6908 6918 6919 6909
f 6909 6919 6920 6910
f 6910 6920 6921 6911
f 6911 6921 6922 6912
f 6912 6922 6913 6903
f 6913 6923 6924 6914
f 6914 6924 6925 6915
f 6915 6925 6926 6916
f 6916 6926 6927 6917
f 6917 6927 6928 6918
f 6918 6928 6929 6919
f 6919 6929 6930 6920
f 6920 6930 6931 6921
f 6921 6931 6932 6922
f 6922 6932 6923 6913
f 6923 6933 6934 6924
f 6924 6934 6935 6925
f 6925 6935 6936 6926
f 6926 6936 6937 6927
f 6927 6937 6938 6928
f 6928 6938 6939 6929
f 6929 6939 6940 6930
f 6930 6940 6941 6931
f 6931 6941 6942 6932
f 6932 6942 6933 6923
f 6933 6943 6944 6934
f 6934 6944 6945 6935
f 6935 6945 6946 6936
f 6936 6946 6947 6937
f 6937 6947 6948 6938
f 6938 6948 6949 6939
f 6939 6949 6950 6940
f 6940 6950 6951 6941
f 6941 6951 6952 6942
f 6942 6952 6943 6933
f 6943 6953 6954 6944
f 6944 6954 6955 6945
f 6945 6955 6956 6946
f 6946 6956 6957 6947
f 6947 6957 6958 6948
f 6948 6958 6959 6949
f 6949 6959 6960 6950
f 6950 6960 6961 6951
f 6951 6961 6962 6952
f 6952 6962 6953 6943
f 6953 6963 6964 6954
f 6954 6964 6965 6955
f 6955 6965 6966 6956
f 6956 6966 6967 6957
f 6957 6967 6968 6958
f 6958 6968 6969 6959
f 6959 6969 6970 6960
f 6960 6970 6971 6961
f 6961 6971 6972 6962
f 6962 6972 6963 6953
f 6963 6973 6974 6964
f 6964 6974 6975 6965
f 6965 6975 6976 6966
f 6966 6976 6977 6967
f 6967 6977 6978 6968
f 6968 6978 6979 6969
f 6969 6979 6980 6970
f 6970 6980 6981 6971
f 6971 6981 6982 6972
f 6972 6982 6973 6963
f 6973 6983 6984 6974
f 6974 6984 6985 6975
f 6975 6985 6986 6976
f 6976 6986 6987 6977
f 6977 6987 6988 6978
f 6978 6988 6989 6979
f 6979 6989 6990 6980
f 6980 6990 6991 6981
f 6981 6991 6992 6982
f 6982 6992 6983 6973
f 6983 6993 6994 6984
f 6984 6994 6995 6985
f 6985 6995 6996 6986
f 6986 6996 6997 6987
f 6987 6997 6998 6988
f 6988 6998 6999 6989
f 6989 6999 7000 6990
f 6990 7000 7001 6991
f 6991 7001 7002 6992
f 6992 7002 6993 6983
f 6993 7003 7004 6994
f 6994 7004 7005 6995
f 6995 7005 7006 6996
f 6996 7006 7007 6997
f 6997 7007 7008 6998
f 6998 7008 7009 6999
f 6999 7009 7010 7000
f 7000 7010 7011 7001
f 7001 7011 7012 7002
f 7002 7012 7003 6993
f 7003 7013 7014 7004
f 7004 7014 7015 7005
f 7005 7015 7016 7006
f 7006 7016 7017 7007
f 7007 7017 7018 7008
f 7008 7018 7019 7009
f 7009 7019 7020 7010
f 7010 7020 7021 7011
f 7011 7021 7022 7012
f 7012 7022 7013 7003
f 7013 7023 7024 7014
f 7014 7024 7025 7015
f 7015 7025 7026 7016
f 7016 7026 7027 7017
f 7017 7027 7028 7018
f 7018 7028 7029 7019
f 7019 7029 7030 7020
f 7020 7030 7031 7021
f 7021 7031 7032 7022
f 7022 7032 7023 7013
f 7023 7033 7034 7024
f 7024 7034 7035 7025
f 7025 7035 7036 7026
f 7026 7036 7037 7027
f 7027 7037 7038 7028
f 7028 7038 7039 7029
f 7029 7039 7040 7030
f 7030 7040 7041 7031
f 7031 7041 7042 7032
f 7032 7042 7033 7023
f 7033 7043 7044 7034
f 7034 7044 7045 7035
f 7035 7045 7046 7036
f 7036 7046 7047 7037
f 7037 7047 7048 7038
f 7038 7048 7049 7039
f 7039 7049 7050 7040
f 7040 7050 7051 7041
f 7041 7051 7052 7042
f 7042 7052 7043 7033
f 7043 7053 7054 7044
f 7044 7054 7055 7045
f 7045 7055 7056 7046
f 7046 7056 7057 7047
f 7047 7057 7058 7048
f 7048 7058 7059 7049
f 7049 7059 7060 7050
f 7050 7060 7061 7051
f 7051 7061 7062 7052
f 7052 7062 7053 7043
f 7053 7063 7064 7054
f 7054 7064 7065 7055
f 7055 7065 7066 7056
f 7056 7066 7067 7057
f 7057 7067 7068 7058
f 7058 7068 7069 7059
f 7059 7069 7070 7060
f 7060 7070 7071 7061
f 7061 7071 7072 7062
f 7062 7072 7063 7053
f 7063 7073 7074 7064
f 7064 7074 7075 7065
f 7065 7075 7076 7066
f 7066 7076 7077 7067
f 7067 7077 7078 7068
f 7068 7078 7079 7069
f 7069 7079 7080 7070
f 7070 7080 7081 7071
f 7071 7081 7082 7072
f 7072 7082 7073 7063
f 7073 7083 7084 7074
f 7074 7084 7085 7075
f 7075 7085 7086 7076
f 7076 7086 7087 7077
f 7077 7087 7088 7078
f 7078 7088 7089 7079
f 7079 7089 7090 7080
f 7080 7090 7091 7081
f 7081 7091 7092 7082
f 7082 7092 7083 7073
f 7083 7093 7094 7084
f 7084 7094 7095 7085
f 7085 7095 7096 7086
f 7086 7096 7097 7087
f 7087 7097 7098 7088
f 7088 7098 7099 7089
f 7089 7099 7100 7090
f 7090 7100 7101 7091
f 7091 7101 7102 7092
f 7092 7102 7093 7083
f 7093 7103 7104 7094
f 7094 7104 7105 7095
f 7095 7105 7106 7096
f 7096 7106 7107 7097
f 7097 7107 7108 7098
f 7098 7108 7109 7099
f 7099 7109 7110 7100
f 7100 7110 7111 7101
f 7101 7111 7112 7102
f 7102 7112 7103 7093
f 7103 7113 7114 7104
f 7104 7114 7115 7105
f 7105 7115 7116 7106
f 7106 7116 7117 7107
f 7107 7117 7118 7108
f 7108 7118 7119 7109
f 7109 7119 7120 7110
f 7110 7120 7121 7111
f 7111 7121 7122 7112
f 7112 7122 7113 7103
f 7113 7123 7124 7114
f 7114 7124 7125 7115
f 7115 7125 7126 7116
f 7116 7126 7127 7117
f 7117 7127 7128 7118
f 7118 7128 7129 7119
f 7119 7129 7130 7120
f 7120 7130 7131 7121
f 7121 7131 7132 7122
f 7122 7132 7123 7113
f 7123 7133 7134 7124
f 7124 7134 7135 7125
f 7125 7135 7136 7126
f 7126 7136 7137 7127
f 7127 7137 7138 7128
f 7128 7138 7139 7129
f 7129 7139 7140 7130
f 7130 7140 7141 7131
f 7131 7141 7142 7132
f 7132 7142 7133 7123
f 7133 7143 7144 7134
f 7134 7144 7145 7135
f 7135 7145 7146 7136
f 7136 7146 7147 7137
f 7137 7147 7148 7138
f 7138 7148 7149 7139
f 7139 7149 7150 7140
f 7140 7150 7151 7141
f 7141 7151 7152 7142
f 7142 7152 7143 7133
f 7143 7153 7154 7144
f 7144 7154 7155 7145
f 7145 7155 7156 7146
f 7146 7156 7157 7147
f 7147 7157 7158 7148
f 7148 7158 7159 7149
f 7149 7159 7160 7150
f 7150 7160 7161 7151
f 7151 7161 7162 7152
f 7152 7162 7153 7143
f 7153 7163 7164 7154
f 7154 7164 7165 7155
f 7155 7165 7166 7156
f 7156 7166 7167 7157
f 7157 7167 7168 7158
f 7158 7168 7169 7159
f 7159 7169 7170 7160
f 7160 7170 7171 7161
f 7161 7171 7172 7162
f 7162 7172 7163 7153
f 7163 7173 7174 7164
f 7164 7174 7175 7165
f 7165 7175 7176 7166
f 7166 7176 7177 7167
f 7167 7177 7178 7168
f 7168 7178 7179 7169
f 7169 7179 7180 7170
f 7170 7180 7181 7171
f 7171 7181 7182 7172
f 7172 7182 7173 7163
f 7173 7183 7184 7174
f 7174 7184 7185 7175
f 7175 7185 7186 7176
f 7176 7186 7187 7177
f 7177 7187 7188 7178
f 7178 7188 7189 7179
f 7179 7189 7190 7180
f 7180 7190 7191 7181
f 7181 7191 7192 7182
f 7182 7192 7183 7173
f 7183 7193 7194 7184
f 7184 7194 7195 7185
f 7185 7195 7196 7186
f 7186 7196 7197 7187
f 7187 7197 7198 7188
f 7188 7198 7199 7189
f 7189 7199 7200 7190
f 7190 7200 7201 7191
f 7191 7201 7202 7192
f 7192 7202 7193 7183
f 7193 7203 7204 7194
f 7194 7204 7205 7195
f 7195 7205 7206 7196
f 7196 7206 7207 7197
f 7197 7207 7208 7198
f 7198 7208 7209 7199
f 7199 7209 7210 7200
f 7200 7210 7211 7201
f 7201 7211 7212 7202
f 7202 7212 7203 7193
f 7203 7213 7214 7204
f 7204 7214 7215 7205
f 7205 7215 7216 7206
f 7206 7216 7217 7207
f 7207 7217 7218 7208
f 7208 7218 7219 7209
f 7209 7219 7220 7210
f 7210 7220 7221 7211
f 7211 7221 7222 7212
f 7212 7222 7213 7203
f 7213 7223 7224 7214
f 7214 7224 7225 7215
f 7215 7225 7226 7216
f 7216 7226 7227 7217
f 7217 7227 7228 7218
f 7218 7228 7229 7219
f 7219 7229 7230 7220
f 7220 7230 7231 7221
f 7221 7231 7232 7222
f 7222 7232 7223 7213
f 7223 7233 7234 7224
f 7224 7234 7235 7225
f 7225 7235 7236 7226
f 7226 7236 7237 7227
f 7227 7237 7238 7228
f 7228 7238 7239 7229
f 7229 7239 7240 7230
f 7230 7240 7241 7231
f 7231 7241 7242 7232
f 7232 7242 7233 7223
f 7233 7243 7244 7234
f 7234 7244 7245 7235
f 7235 7245 7246 7236
f 7236 7246 7247 7237
f 7237 7247 7248 7238
f 7238 7248 7249 7239
f 7239 7249 7250 7240
f 7240 7250 7251 7241
f 7241 7251 7252 7242
f 7242 7252 7243 7233
f 7243 7253 7254 7244
f 7244 7254 7255 7245
f 7245 7255 7256 7246
f 7246 7256 7257 7247
f 7247 7257 7258 7248
f 7248 7258 7259 7249
f 7249 7259 7260 7250
f 7250 7260 7261 7251
f 7251 7261 7262 7252
f 7252 7262 7253 7243
f 7253 7263 7264 7254
f 7254 7264 7265 7255
f 7255 7265 7266 7256
f 7256 7266 7267 7257
f 7257 7267 7268 7258
f 7258 7268 7269 7259
f 7259 7269 7270 7260
f 7260 7270 7271 7261
f 7261 7271 7272 7262
f 7262 7272 7263 7253
f 7263 7273 7274 7264
f 7264 7274 7275 7265
f 7265 7275 7276 7266
f 7266 7276 7277 7267
f 7267 7277 7278 7268
f 7268 7278 7279 7269
f 7269 7279 7280 7270
f 7270 7280 7281 7271
f 7271 7281 7282 7272
f 7272 7282 7273 7263
f 7273 7283 7284 7274
f 7274 7284 7285 7275
f 7275 7285 7286 7276
f 7276 7286 7287 7277
f 7277 7287 7288 7278
f 7278 7288 7289 7279
f 7279 7289 7290 7280
f 7280 7290 7291 7281
f 7281 7291 7292 7282
f 7282 7292 7283 7273
f 7283 7293 7294 7284
f 7284 7294 7295 7285
f 7285 7295 7296 7286
f 7286 7296 7297 7287
f 7287 7297 7298 7288
f 7288 7298 7299 7289
f 7289 7299 7300 7290
f 7290 7300 7301 7291
f 7291 7301 7302 7292
f 7292 7302 7293 7283
f 7293 7303 7304 7294
f 7294 7304 7305 7295
f 7295 7305 7306 7296
f 7296 7306 7307 7297
f 7297 7307 7308 7298
f 7298 7308 7309 7299
f 7299 7309 7310 7300
f 7300 7310 7311 7301
f 7301 7311 7312 7302
f 7302 7312 7303 7293
f 7303 7313 7314 7304
f 7304 7314 7315 7305
f 7305 7315 7316 7306
f 7306 7316 7317 7307
f 7307 7317 7318 7308
f 7308 7318 7319 7309
f 7309 7319 7320 7310
f 7310 7320 7321 7311
f 7311 7321 7322 7312
f 7312 7322 7313 7303
f 7313 7323 7324 7314
f 7314 7324 7325 7315
f 7315 7325 7326 7316
f 7316 7326 7327 7317
f 7317 7327 7328 7318
f 7318 7328 7329 7319
f 7319 7329 7330 7320
f 7320 7330 7331 7321
f 7321 7331 7332 7322
f 7322 7332 7323 7313
f 7323 7333 7334 7324
f 7324 7334 7335 7325
f 7325 7335 7336 7326
f 7326 7336 7337 7327
f 7327 7337 7338 7328
f 7328 7338 7339 7329
f 7329 7339 7340 7330
f 7330 7340 7341 7331
f 7331 7341 7342 7332
f 7332 7342 7333 7323
f 7333 7343 7344 7334
f 7334 7344 7345 7335
f 7335 7345 7346 7336
f 7336 7346 7347 7337
f 7337 7347 7348 7338
f 7338 7348 7349 7339
f 7339 7349 7350 7340
f 7340 7350 7351 7341
f 7341 7351 7352 7342
f 7342 7352 7343 7333
f 7343 7353 7354 7344
f 7344 7354 7355 7345
f 7345 7355 7356 7346
f 7346 7356 7357 7347
f 7347 7357 7358 7348
f 7348 7358 7359 7349
f 7349 7359 7360 7350
f 7350 7360 7361 7351
f 7351 7361 7362 7352
f 7352 7362 7353 7343
f 7353 7363 7364 7354
f 7354 7364 7365 7355
f 7355 7365 7366 7356
f 7356 7366 7367 7357
f 7357 7367 7368 7358
f 7358 7368 7369 7359
f 7359 7369 7370 7360
f 7360 7370 7371 7361
f 7361 7371 7372 7362
f 7362 7372 7363 7353
f 7363 7373 7374 7364
f 7364 7374 7375 7365
f 7365 7375 7376 7366
f 7366 7376 7377 7367
f 7367 7377 7378 7368
f 7368 7378 7379 7369
f 7369 7379 7380 7370
f 7370 7380 7381 7371
f 7371 7381 7382 7372
f 7372 7382 7373 7363
f 7373 7383 7384 7374
f 7374 7384 7385 7375
f 7375 7385 7386 7376
f 7376 7386 7387 7377
f 7377 7387 7388 7378
f 7378 7388 7389 7379
f 7379 7389 7390 7380
f 7380 7390 7391 7381
f 7381 7391 7392 7382
f 7382 7392 7383 7373
f 7383 7393 7394 7384
f 7384 7394 7395 7385
f 7385 7395 7396 7386
f 7386 7396 7397 7387
f 7387 7397 7398 7388
f 7388 7398 7399 7389
f 7389 7399 7400 7390
f 7390 7400 7401 7391
f 7391 7401 7402 7392
f 7392 7402 7393 7383
f 7393 7403 7404 7394
f 7394 7404 7405 7395
f 7395 7405 7406 7396
f 7396 7406 7407 7397
f 7397 7407 7408 7398
f 7398 7408 7409 7399
f 7399 7409 7410 7400
f 7400 7410 7411 7401
f 7401 7411 7412 7402
f 7402 7412 7403 7393
f 7403 7413 7414 7404
f 7404 7414 7415 7405
f 7405 7415 7416 7406
f 7406 7416 7417 7407
f 7407 7417 7418 7408
f 7408 7418 7419 7409
f 7409 7419 7420 7410
f 7410 7420 7421 7411
f 7411 7421 7422 7412
f 7412 7422 7413 7403
f 7413 7423 7424 7414
f 7414 7424 7425 7415
f 7415 7425 7426 7416
f 7416 7426 7427 7417
f 7417 7427 7428 7418
f 7418 7428 7429 7419
f 7419 7429 7430 7420
f 7420 7430 7431 7421
f 7421 7431 7432 7422
f 7422 7432 7423 7413
f 7423 7433 7434 7424
f 7424 7434 7435 7425
f 7425 7435 7436 7426
f 7426 7436 7437 7427
f 7427 7437 7438 7428
f 7428 7438 7439 7429
f 7429 7439 7440 7430
f 7430 7440 7441 7431
f 7431 7441 7442 7432
f 7432 7442 7433 7423
f 7433 7443 7444 7434
f 7434 7444 7445 7435
f 7435 7445 7446 7436
f 7436 7446 7447 7437
f 7437 7447 7448 7438
f 7438 7448 7449 7439
f 7439 7449 7450 7440
f 7440 7450 7451 7441
f 7441 7451 7452 7442
f 7442 7452 7443 7433
f 7443 7453 7454 7444
f 7444 7454 7455 7445
f 7445 7455 7456 7446
f 7446 7456 7457 7447
f 7447 7457 7458 7448
f 7448 7458 7459 7449
f 7449 7459 7460 7450
f 7450 7460 7461 7451
f 7451 7461 7462 7452
f 7452 7462 7453 7443
f 7453 7463 7464 7454
f 7454 7464 7465 7455
f 7455 7465 7466 7456
f 7456 7466 7467 7457
f 7457 7467 7468 7458
f 7458 7468 7469 7459
f 7459 7469 7470 7460
f 7460 7470 7471 7461
f 7461 7471 7472 7462
f 7462 7472 7463 7453
f 7463 7473 7474 7464
f 7464 7474 7475 7465
f 7465 7475 7476 7466
f 7466 7476 7477 7467
f 7467 7477 7478 7468
f 7468 7478 7479 7469
f 7469 7479 7480 7470
f 7470 7480 7481 7471
f 7471 7481 7482 7472
f 7472 7482 7473 7463
f 7473 7483 7484 7474
f 7474 7484 7485 7475
f 7475 7485 7486 7476
f 7476 7486 7487 7477
f 7477 7487 7488 7478
f 7478 7488 7489 7479
f 7479 7489 7490 7480
f 7480 7490 7491 7481
f 7481 7491 7492 7482
f 7482 7492 7483 7473
f 7483 7493 7494 7484
f 7484 7494 7495 7485
f 7485 7495 7496 7486
f 7486 7496 7497 7487
f 7487 7497 7498 7488
f 7488 7498 7499 7489
f 7489 7499 7500 7490
f 7490 7500 7501 7491
f 7491 7501 7502 7492
f 7492 7502 7493 7483
f 7493 7503 7504 7494
f 7494 7504 7505 7495
f 7495 7505 7506 7496
f 7496 7506 7507 7497
f 7497 7507 7508 7498
f 7498 7508 7509 7499
f 7499 7509 7510 7500
f 7500 7510 7511 7501
f 7501 7511 7512 7502
f 7502 7512 7503 7493
f 7503 7513 7514 7504
f 7504 7514 7515 7505
f 7505 7515 7516 7506
f 7506 7516 7517 7507
f 7507 7517 7518 7508
f 7508 7518 7519 7509
f 7509 7519 7520 7510
f 7510 7520 7521 7511
f 7511 7521 7522 7512
f 7512 7522 7513 7503
f 7513 7523 7524 7514
f 7514 7524 7525 7515
f 7515 7525 7526 7516
f 7516 7526 7527 7517
f 7517 7527 7528 7518
f 7518 7528 7529 7519
f 7519 7529 7530 7520
f 7520 7530 7531 7521
f 7521 7531 7532 7522
f 7522 7532 7523 7513
f 7523 7533 7534 7524
f 7524 7534 7535 7525
f 7525 7535 7536 7526
f 7526 7536 7537 7527
f 7527 7537 7538 7528
f 7528 7538 7539 7529
f 7529 7539 7540 7530
f 7530 7540 7541 7531
f 7531 7541 7542 7532
f 7532 7542 7533 7523
f 7533 7543 7544 7534
f 7534 7544 7545 7535
f 7535 7545 7546 7536
f 7536 7546 7547 7537
f 7537 7547 7548 7538
f 7538 7548 7549 7539
f 7539 7549 7550 7540
f 7540 7550 7551 7541
f 7541 7551 7552 7542
f 7542 7552 7543 7533
f 7543 7553 7554 7544
f 7544 7554 7555 7545
f 7545 7555 7556 7546
f 7546 7556 7557 7547
f 7547 7557 7558 7548
f 7548 7558 7559 7549
f 7549 7559 7560 7550
f 7550 7560 7561 7551
f 7551 7561 7562 7552
f 7552 7562 7553 7543
f 7553 7563 7564 7554
f 7554 7564 7565 7555
f 7555 7565 7566 7556
f 7556 7566 7567 7557
f 7557 7567 7568 7558
f 7558 7568 7569 7559
f 7559 7569 7570 7560
f 7560 7570 7571 7561
f 7561 7571 7572 7562
f 7562 7572 7563 7553
f 7563 7573 7574 7564
f 7564 7574 7575 7565
f 7565 7575 7576 7566
f 7566 7576 7577 7567
f 7567 7577 7578 7568
f 7568 7578 7579 7569
f 7569 7579 7580 7570
f 7570 7580 7581 7571
f 7571 7581 7582 7572
f 7572 7582 7573 7563
f 7573 7583 7584 7574
f 7574 7584 7585 7575
f 7575 7585 7586 7576
f 7576 7586 7587 7577
f 7577 7587 7588 7578
f 7578 7588 7589 7579
f 7579 7589 7590 7580
f 7580 7590 7591 7581
f 7581 7591 7592 7582
f 7582 7592 7583 7573
f 7583 7593 7594 7584
f 7584 7594 7595 7585
f 7585 7595 7596 7586
f 7586 7596 7597 7587
f 7587 7597 7598 7588
f 7588 7598 7599 7589
f 7589 7599 7600 7590
f 7590 7600 7601 7591
f 7591 7601 7602 7592
f 7592 7602 7593 7583
f 7593 7603 7604 7594
f 7594 7604 7605 7595
f 7595 7605 7606 7596
f 7596 7606 7607 7597
f 7597 7607 7608 7598
f 7598 7608 7609 7599
f 7599 7609 7610 7600
f 7600 7610 7611 7601
f 7601 7611 7612 7602
f 7602 7612 7603 7593
f 7603 7613 7614 7604
f 7604 7614 7615 7605
f 7605 7615 7616 7606
f 7606 7616 7617 7607
f 7607 7617 7618 7608
f 7608 7618 7619 7609
f 7609 7619 7620 7610
f 7610 7620 7621 7611
f 7611 7621 7622 7612
f 7612 7622 7613 7603
f 7613 7623 7624 7614
f 7614 7624 7625 7615
f 7615 7625 7626 7616
f 7616 7626 7627 7617
f 7617 7627 7628 7618
f 7618 7628 7629 7619
f 7619 7629 7630 7620
f 7620 7630 7631 7621
f 7621 7631 7632 7622
f 7622 7632 7623 7613
f 7623 7633 7634 7624
f 7624 7634 7635 7625
f 7625 7635 7636 7626
f 7626 7636 7637 7627
f 7627 7637 7638 7628
f 7628 7638 7639 7629
f 7629 7639 7640 7630
f 7630 7640 7641 7631
f 7631 7641 7642 7632
f 7632 7642 7633 7623
f 7633 7643 7644 7634
f 7634 7644 7645 7635
f 7635 7645 7646 7636
f 7636 7646 7647 7637
f 7637 7647 7648 7638
f 7638 7648 7649 7639
f 7639 7649 7650 7640
f 7640 7650 7651 7641
f 7641 7651 7652 7642
f 7642 7652 7643 7633
f 7643 7653 7654 7644
f 7644 7654 7655 7645
f 7645 7655 7656 7646
f 7646 7656 7657 7647
f 7647 7657 7658 7648
f 7648 7658 7659 7649
f 7649 7659 7660 7650
f 7650 7660 7661 7651
f 7651 7661 7662 7652
f 7652 7662 7653 7643
f 7653 7663 7664 7654
f 7654 7664 7665 7655
f 7655 7665 7666 7656
f 7656 7666 7667 7657
f 7657 7667 7668 7658
f 7658 7668 7669 7659
f 7659 7669 7670 7660
f 7660 7670 7671 7661
f 7661 7671 7672 7662
f 7662 7672 7663 7653
f 7663 7673 7674 7664
f 7664 7674 7675 7665
f 7665 7675 7676 7666
f 7666 7676 7677 7667
f 7667 7677 7678 7668
f 7668 7678 7679 7669
f 7669 7679 7680 7670
f 7670 7680 7681 7671
f 7671 7681 7682 7672
f 7672 7682 7673 7663
f 7673 7683 7684 7674
f 7674 7684 7685 7675
f 7675 7685 7686 7676
f 7676 7686 7687 7677
f 7677 7687 7688 7678
f 7678 7688 7689 7679
f 7679 7689 7690 7680
f 7680 7690 7691 7681
f 7681 7691 7692 7682
f 7682 7692 7683 7673
f 7683 7693 7694 7684
f 7684 7694 7695 7685
f 7685 7695 7696 7686
f 7686 7696 7697 7687
f 7687 7697 7698 7688
f 7688 7698 7699 7689
f 7689 7699 7700 7690
f 7690 7700 7701 7691
f 7691 7701 7702 7692
f 7692 7702 7693 7683
f 7693 7703 7704 7694
f 7694 7704 7705 7695
f 7695 7705 7706 7696
f 7696 7706 7707 7697
f 7697 7707 7708 7698
f 7698 7708 7709 7699
f 7699 7709 7710 7700
f 7700 7710 7711 7701
f 7701 7711 7712 7702
f 7702 7712 7703 7693
f 7703 7713 7714 7704
f 7704 7714 7715 7705
f 7705 7715 7716 7706
f 7706 7716 7717 7707
f 7707 7717 7718 7708
f 7708 7718 7719 7709
f 7709 7719 7720 7710
f 7710 7720 7721 7711
f 7711 7721 7722 7712
f 7712 7722 7713 7703
f 7713 7723 7724 7714
f 7714 7724 7725 7715
f 7715 7725 7726 7716
f 7716 7726 7727 7717
f 7717 7727 7728 7718
f 7718 7728 7729 7719
f 7719 7729 7730 7720
f 7720 7730 7731 7721
f 7721 7731 7732 7722
f 7722 7732 7723 7713
f 7723 7733 7734 7724
f 7724 7734 7735 7725
f 7725 7735 7736 7726
f 7726 7736 7737 7727
f 7727 7737 7738 7728
f 7728 7738 7739 7729
f 7729 7739 7740 7730
f 7730 7740 7741 7731
f 7731 7741 7742 7732
f 7732 7742 7733 7723
f 7733 7743 7744 7734
f 7734 7744 7745 7735
f 7735 7745 7746 7736
f 7736 7746 7747 7737
f 7737 7747 7748 7738
f 7738 7748 7749 7739
f 7739 7749 7750 7740
f 7740 7750 7751 7741
f 7741 7751 7752 7742
f 7742 7752 7743 7733
f 7743 7753 7754 7744
f 7744 7754 7755 7745
f 7745 7755 7756 7746
f 7746 7756 7757 7747
f 7747 7757 7758 7748
f 7748 7758 7759 7749
f 7749 7759 7760 7750
f 7750 7760 7761 7751
f 7751 7761 7762 7752
f 7752 7762 7753 7743
f 7753 7763 7764 7754
f 7754 7764 7765 7755
f 7755 7765 7766 7756
f 7756 7766 7767 7757
f 7757 7767 7768 7758
f 7758 7768 7769 7759
f 7759 7769 7770 7760
f 7760 7770 7771 7761
f 7761 7771 7772 7762
f 7762 7772 7763 7753
f 7763 7773 7774 7764
f 7764 7774 7775 7765
f 7765 7775 7776 7766
f 7766 7776 7777 7767
f 7767 7777 7778 7768
f 7768 7778 7779 7769
f 7769 7779 7780 7770
f 7770 7780 7781 7771
f 7771 7781 7782 7772
f 7772 7782 7773 7763
f 7773 7783 7784 7774
f 7774 7784 7785 7775
f 7775 7785 7786 7776
f 7776 7786 7787 7777
f 7777 7787 7788 7778
f 7778 7788 7789 7779
f 7779 7789 7790 7780
f 7780 7790 7791 7781
f 7781 7791 7792 7782
f 7782 7792 7783 7773
f 7783 7793 7794 7784
f 7784 7794 7795 7785
f 7785 7795 7796 7786
f 7786 7796 7797 7787
f 7787 7797 7798 7788
f 7788 7798 7799 7789
f 7789 7799 7800 7790
f 7790 7800 7801 7791
f 7791 7801 7802 7792
f 7792 7802 7793 7783
f 7793 7803 7804 7794
f 7794 7804 7805 7795
f 7795 7805 7806 7796
f 7796 7806 7807 7797
f 7797 7807 7808 7798
f 7798 7808 7809 7799
f 7799 7809 7810 7800
f 7800 7810 7811 7801
f 7801 7811 7812 7802
f 7802 7812 7803 7793
f 7803 7813 7814 7804
f 7804 7814 7815 7805
f 7805 7815 7816 7806
f 7806 7816 7817 7807
f 7807 7817 7818 7808
f 7808 7818 7819 7809
f 7809 7819 7820 7810
f 7810 7820 7821 7811
f 7811 7821 7822 7812
f 7812 7822 7813 7803
f 7813 7823 7824 7814
f 7814 7824 7825 7815
f 7815 7825 7826 7816
f 7816 7826 7827 7817
f 7817 7827 7828 7818
f 7818 7828 7829 7819
f 7819 7829 7830 7820
f 7820 7830 7831 7821
f 7821 7831 7832 7822
f 7822 7832 7823 7813
f 7823 7833 7834 7824
f 7824 7834 7835 7825
f 7825 7835 7836 7826
f 7826 7836 7837 7827
f 7827 7837 7838 7828
f 7828 7838 7839 7829
f 7829 7839 7840 7830
f 7830 7840 7841 7831
f 7831 7841 7842 7832
f 7832 7842 7833 7823
f 7833 7843 7844 7834
f 7834 7844 7845 7835
f 7835 7845 7846 7836
f 7836 7846 7847 7837
f 7837 7847 7848 7838
f 7838 7848 7849 7839
f 7839 7849 7850 7840
f 7840 7850 7851 7841
f 7841 7851 7852 7842
f 7842 7852 7843 7833
f 7843 7853 7854 7844
f 7844 7854 7855 7845
f 7845 7855 7856 7846
f 7846 7856 7857 7847
f 7847 7857 7858 7848
f 7848 7858 7859 7849
f 7849 7859 7860 7850
f 7850 7860 7861 7851
f 7851 7861 7862 7852
f 7852 7862 7853 7843
f 7853 7863 7864 7854
f 7854 7864 7865 7855
f 7855 7865 7866 7856
f 7856 7866 7867 7857
f 7857 7867 7868 7858
f 7858 7868 7869 7859
f 7859 7869 7870 7860
f 7860 7870 7871 7861
f 7861 7871 7872 7862
f 7862 7872 7863 7853
f 7863 7873 7874 7864
f 7864 7874 7875 7865
f 7865 7875 7876 7866
f 7866 7876 7877 7867
f 7867 7877 7878 7868
f 7868 7878 7879 7869
f 7869 7879 7880 7870
f 7870 7880 7881 7871
f 7871 7881 7882 7872
f 7872 7882 7873 7863
f 7873 7883 7884 7874
f 7874 7884 7885 7875
f 7875 7885 7886 7876
f 7876 7886 7887 7877
f 7877 7887 7888 7878
f 7878 7888 7889 7879
f 7879 7889 7890 7880
f 7880 7890 7891 7881
f 7881 7891 7892 7882
f 7882 7892 7883 7873
f 7883 7893 7894 7884
f 7884 7894 7895 7885
f 7885 7895 7896 7886
f 7886 7896 7897 7887
f 7887 7897 7898 7888
f 7888 7898 7899 7889
f 7889 7899 7900 7890
f 7890 7900 7901 7891
f 7891 7901 7902 7892
f 7892 7902 7893 7883
f 7893 7903 7904 7894
f 7894 7904 7905 7895
f 7895 7905 7906 7896
f 7896 7906 7907 7897
f 7897 7907 7908 7898
f 7898 7908 7909 7899
f 7899 7909 7910 7900
f 7900 7910 7911 7901
f 7901 7911 7912 7902
f 7902 7912 7903 7893
f 7903 7913 7914 7904
f 7904 7914 7915 7905
f 7905 7915 7916 7906
f 7906 7916 7917 7907
f 7907 7917 7918 7908
f 7908 7918 7919 7909
f 7909 7919 7920 7910
f 7910 7920 7921 7911
f 7911 7921 7922 7912
f 7912 7922 7913 7903
f 7913 7923 7924 7914
f 7914 7924 7925 7915
f 7915 7925 7926 7916
f 7916 7926 7927 7917
f 7917 7927 7928 7918
f 7918 7928 7929 7919
f 7919 7929 7930 7920
f 7920 7930 7931 7921
f 7921 7931 7932 7922
f 7922 7932 7923 7913
f 7923 7933 7934 7924
f 7924 7934 7935 7925
f 7925 7935 7936 7926
f 7926 7936 7937 7927
f 7927 7937 7938 7928
f 7928 7938 7939 7929
f 7929 7939 7940 7930
f 7930 7940 7941 7931
f 7931 7941 7942 7932
f 7932 7942 7933 7923
f 7933 7943 7944 7934
f 7934 7944 7945 7935
f 7935 7945 7946 7936
f 7936 7946 7947 7937
f 7937 7947 7948 7938
f 7938 7948 7949 7939
f 7939 7949 7950 7940
f 7940 7950 7951 7941
f 7941 7951 7952 7942
f 7942 7952 7943 7933
f 7943 4353 4354 7944
f 7944 4354 4355 7945
f 7945 4355 4356 7946
f 7946 4356 4357 7947
f 7947 4357 4358 7948
f 7948 4358 4359 7949
f 7949 4359 4360 7950
f 7950 4360 4361 7951
f 7951 4361 4362 7952
f 7952 4362 4353 7943
g jones_coil_5_1
v -53.8173 32.6295 66.1092
v -53.7566 32.4821 65.7071
v -53.4881 32.2562 65.4539
v -53.1146 32.0381 65.4465
v -52.7786 31.9112 65.6876
v -52.6084 31.9238 66.0852
v -52.6692 32.0713 66.4874
v -52.9376 32.2971 66.7405
v -53.3112 32.5152 66.7479
v -53.6472 32.6422 66.5068
v -54.6436 31.1981 66.5271
v -54.59 31.0597 66.1207
v -54.3219 30.8473 65.8558
v -53.9416 30.6422 65.8336
v -53.5945 30.5227 66.0624
v -53.4131 30.5344 66.455
v -53.4667 30.6729 66.8614
v -53.7349 30.8852 67.1262
v -54.1151 31.0903 67.1485
v -54.4623 31.2098 66.9196
v -55.4085 29.7333 66.9431
v -55.3625 29.6034 66.533
v -55.0955 29.4046 66.2566
v -54.7094 29.2129 66.2196
v -54.3518 29.1015 66.436
v -54.1591 29.113 66.8233
v -54.2051 29.2429 67.2333
v -54.4722 29.4416 67.5097
v -54.8582 29.6333 67.5467
v -55.2159 29.7447 67.3303
v -56.1105 28.2379 67.3555
v -56.0726 28.1162 66.9421
v -55.8075 27.931 66.6547
v -55.4166 27.7531 66.603
v -55.049 27.6505 66.8069
v -54.8453 27.6623 67.1883
v -54.8833 27.784 67.6017
v -55.1483 27.9692 67.8892
v -55.5393 28.1471 67.9408
v -55.9068 28.2497 67.737
v -56.7487 26.715 67.7626
v -56.7192 26.601 67.3463
v -56.4569 26.4293 67.0482
v -56.0619 26.2656 66.9821
v -55.6852 26.1724 67.1732
v -55.4706 26.1853 67.5487
v -55.5001 26.2993 67.9649
v -55.7624 26.4709 68.2631
v -56.1574 26.6346 68.3292
v -56.5341 26.7278 68.1381
v -57.3221 25.1677 68.1627
v -57.3014 25.0609 67.744
v -57.0426 24.9027 67.4355
v -56.6445 24.7535 67.3552
v -56.2593 24.6703 67.5336
v -56.034 24.6848 67.9027
v -56.0548 24.7915 68.3214
v -56.3136 24.9497 68.6299
v -56.7117 25.0989 68.7102
v -57.0969 25.1822 68.5318
v -57.8303 23.5991 68.5541
v -57.8185 23.4991 68.1334
v -57.5639 23.3542 67.815
v -57.1637 23.2198 67.7207
v -56.7707 23.1471 67.8864
v -56.5351 23.1639 68.2488
v -56.5469 23.2639 68.6695
v -56.8014 23.4087 68.9879
v -57.2017 23.5432 69.0823
v -57.5946 23.6159 68.9166
v -58.2727 22.0124 68.9352
v -58.2702 21.9188 68.5128
v -58.0205 21.787 68.185
v -57.619 21.6675 68.077
v -57.2191 21.6058 68.23
v -56.9734 21.6256 68.5855
v -56.9759 21.7193 69.0079
v -57.2256 21.851 69.3357
v -57.6271 21.9706 69.4438
v -58.0271 22.0322 69.2908
v -58.6494 20.411 69.3043
v -58.6563 20.3231 68.8807
v -58.4121 20.2042 68.5439
v -58.0102 20.0998 68.4225
v -57.6041 20.0496 68.5629
v -57.3488 20.0729 68.9114
v -57.342 20.1608 69.335
v -57.5861 20.2797 69.6718
v -57.988 20.3841 69.7932
v -58.3941 20.4343 69.6528
v -58.9604 18.7978 69.6599
v -58.9768 18.7153 69.2355
v -58.7388 18.6091 68.8902
v -58.3374 18.5198 68.7558
v -57.9259 18.4815 68.8837
v -57.6614 18.5089 69.225
v -57.6451 18.5915 69.6494
v -57.8831 18.6977 69.9947
v -58.2845 18.787 70.1291
v -58.696 18.8252 70.0012
v -59.2063 17.1762 70.0005
v -59.2321 17.0984 69.5757
v -59.0008 17.0046 69.2224
v -58.6007 16.9306 69.0754
v -58.1847 16.9046 69.191
v -57.9115 16.9366 69.525
v -57.8856 17.0144 69.9498
v -58.1169 17.1082 70.3031
v -58.517 17.1822 70.4501
v -58.9331 17.2082 70.3345
v -59.3875 15.5492 70.3248
v -59.4229 15.4758 69.8999
v -59.1988 15.3941 69.539
v -58.8008 15.3352 69.3799
v -58.381 15.3218 69.4834
v -58.0996 15.3589 69.8099
v -58.0642 15.4323 70.2348
v -58.2883 15.5141 70.5957
v -58.6863 15.5729 70.7548
v -59.1062 15.5863 70.6513
v -59.505 13.92 70.6313
v -59.5499 13.8504 70.2066
v -59.3335 13.7804 69.8386
v -58.9384 13.7367 69.6679
v -58.5156 13.7361 69.7595
v -58.2265 13.7787 70.0786
v -58.1817 13.8483 70.5032
v -58.3981 13.9183 70.8712
v -58.7932 13.962 71.042
v -59.216 13.9626 70.9503
v -59.5599 12.2914 70.9188
v -59.6142 12.2252 70.4947
v -59.4058 12.1666 70.1201
v -59.0144 12.1381 69.9381
v -58.5894 12.1504 70.0182
v -58.2932 12.1989 70.3298
v -58.239 12.2651 70.7538
v -58.4474 12.3237 71.1284
v -58.8388 12.3523 71.3104
v -59.2638 12.3399 71.2303
v -59.5535 10.6664 71.1861
v -59.6171 10.6031 70.7628
v -59.4171 10.5557 70.3821
v -59.03 10.542 70.1894
v -58.6037 10.5675 70.2583
v -58.3009 10.6223 70.5624
v -58.2374 10.6855 70.9856
v -58.4373 10.733 71.3663
v -58.8244 10.7466 71.559
v -59.2508 10.7212 71.4902
v -59.4873 9.04764 71.4321
v -59.56 8.98699 71.01
v -59.3687 8.95021 70.6236
v -58.9867 8.95134 70.4207
v -58.5597 8.98996 70.4787
v -58.2509 9.05131 70.7754
v -58.1782 9.11196 71.1975
v -58.3694 9.14874 71.5838
v -58.7515 9.14761 71.7868
v -59.1785 9.10899 71.7288
v -59.3629 7.43783 71.6559
v -59.4446 7.37938 71.235
v -59.2624 7.35294 70.8435
v -58.8859 7.36862 70.6309
v -58.4591 7.42042 70.6784
v -58.1448 7.48856 70.9678
v -58.0632 7.54702 71.3886
v -58.2454 7.57345 71.7801
v -58.6218 7.55778 71.9927
v -59.0487 7.50597 71.9453
v -59.1824 5.8394 71.8564
v -59.2728 5.7828 71.4372
v -59.0998 5.76634 71.041
v -58.7296 5.79631 70.8191
v -58.3035 5.86126 70.8565
v -57.9843 5.93638 71.1387
v -57.8939 5.99298 71.5579
v -58.0669 6.00944 71.9541
v -58.4371 5.97948 72.1759
v -58.8632 5.91453 72.1386
v -58.9476 4.25467 72.033
v -59.0466 4.1996 71.6155
v -58.8831 4.19275 71.215
v -58.5196 4.23672 70.9846
v -58.0949 4.31472 71.0122
v -57.7713 4.39696 71.2873
v -57.6724 4.45202 71.7048
v -57.8359 4.45888 72.1053
v -58.1994 4.41491 72.3358
v -58.624 4.3369 72.3082
v -58.6608 2.68574 72.1849
v -58.7681 2.63193 71.7693
v -58.6142 2.63431 71.365
v -58.2579 2.69196 71.1264
v -57.8354 2.78288 71.1448
v -57.5079 2.87232 71.413
v -57.4006 2.92614 71.8286
v -57.5545 2.92376 72.2329
v -57.9108 2.8661 72.4715
v -58.3334 2.77519 72.4532
v -58.3243 1.13458 72.3116
v -58.4397 1.08177 71.898
v -58.2955 1.09301 71.4903
v -57.9469 1.164 71.2441
v -57.527 1.26764 71.2536
v -57.1962 1.36433 71.5151
v -57.0808 1.41714 71.9287
v -57.225 1.4059 72.3364
v -57.5736 1.33491 72.5826
v -57.9935 1.23127 72.5731
v -57.9405 -0.397066 72.4125
v -58.0637 -0.449104 72.0011
v -57.9294 -0.429375 71.5903
v -57.5888 -0.345414 71.3371
v -57.172 -0.229291 71.3382
v -56.8383 -0.125361 71.5931
v -56.7151 -0.0733219 72.0046
v -56.8495 -0.0930511 72.4153
v -57.1901 -0.177012 72.6685
v -57.6068 -0.293136 72.6674
v -57.5119 -1.90765 72.4872
v -57.6428 -1.95911 72.0781
v -57.5183 -1.93125 71.6647
v -57.186 -1.83472 71.405
v -56.7729 -1.70639 71.3981
v -56.4368 -1.59527 71.6467
v -56.306 -1.54381 72.0559
v -56.4304 -1.57166 72.4693
v -56.7627 -1.66819 72.729
v -57.1758 -1.79653 72.7359
v -57.0411 -3.39582 72.5356
v -57.1793 -3.44687 72.1288
v -57.0647 -3.41125 71.7132
v -56.7411 -3.30257 71.4474
v -56.3321 -3.16233 71.4331
v -55.9939 -3.04412 71.6756
v -55.8557 -2.99307 72.0824
v -55.9703 -3.02869 72.498
v -56.2939 -3.13737 72.7638
v -56.7029 -3.2776 72.7781
v -56.5307 -4.86044 72.5575
v -56.676 -4.91122 72.1531
v -56.5712 -4.8682 71.7356
v -56.2565 -4.7478 71.4643
v -55.8519 -4.59602 71.4429
v -55.5121 -4.47083 71.6795
v -55.3668 -4.42005 72.0839
v -55.4715 -4.46308 72.5014
v -55.7863 -4.58347 72.7727
v -56.1908 -4.73525 72.7941
v -55.9833 -6.30059 72.5527
v -56.1355 -6.35122 72.1509
v -56.0406 -6.30114 71.7318
v -55.7348 -6.16948 71.4555
v -55.335 -6.00653 71.4275
v -54.9939 -5.87453 71.6585
v -54.8417 -5.8239 72.0603
v -54.9366 -5.87398 72.4794
v -55.2424 -6.00564 72.7557
v -55.6421 -6.16859 72.7837
v -55.4016 -7.71553 72.5215
v -55.5604 -7.76611 72.1223
v -55.4752 -7.70933 71.7019
v -55.1787 -7.56688 71.421
v -54.7839 -7.39317 71.3869
v -54.4418 -7.25455 71.6125
v -54.283 -7.20398 72.0117
v -54.3681 -7.26076 72.4321
v -54.6647 -7.40321 72.713
v -55.0595 -7.57692 72.7471
v -54.7882 -9.10477 72.464
v -54.9534 -9.15538 72.0674
v -54.8779 -9.09224 71.6461
v -54.5906 -8.93947 71.3611
v -54.2011 -8.75544 71.3212
v -53.8582 -8.61042 71.5416
v -53.693 -8.55982 71.9382
v -53.7685 -8.62296 72.3595
v -54.0559 -8.77572 72.6446
v -54.4454 -8.95976 72.6844
v -54.1459 -10.468 72.3805
v -54.3172 -10.5187 71.9865
v -54.2512 -10.4495 71.5646
v -53.9731 -10.287 71.2758
v -53.589 -10.093 71.2306
v -53.2457 -9.94187 71.4462
v -53.0743 -9.89118 71.8402
v -53.1403 -9.96033 72.2621
v -53.4185 -10.1229 72.5508
v -53.8026 -10.3168 72.596
v -53.477 -11.8051 72.2714
v -53.6543 -11.8559 71.8801
v -53.5977 -11.7811 71.4577
v -53.3287 -11.6092 71.1658
v -52.9501 -11.4059 71.1156
v -52.6066 -11.2488 71.3265
v -52.4293 -11.198 71.7179
v -52.4859 -11.2728 72.1402
v -52.7549 -11.4447 72.4322
v -53.1335 -11.648 72.4823
v -52.7842 -13.1162 72.1373
v -52.9672 -13.1672 71.7486
v -52.9197 -13.087 71.3261
v -52.6598 -12.9063 71.0312
v -52.2868 -12.694 70.9766
v -51.9431 -12.5313 71.1831
v -51.7602 -12.4803 71.5717
v -51.8077 -12.5605 71.9942
v -52.0676 -12.7412 72.2891
v -52.4406 -12.9535 72.3437
v -52.0699 -14.4015 71.9787
v -52.2583 -14.4527 71.5927
v -52.2197 -14.3675 71.1703
v -51.9687 -14.1785 70.8729
v -51.6013 -13.9578 70.8141
v -51.2577 -13.7898 71.0164
v -51.0693 -13.7386 71.4024
v -51.1079 -13.8238 71.8248
v -51.3589 -14.0128 72.1222
v -51.7264 -14.2335 72.181
v -51.3363 -15.6615 71.7965
v -51.53 -15.7129 71.4131
v -51.5 -15.623 70.991
v -51.2577 -15.4262 70.6914
v -50.8958 -15.1976 70.6288
v -50.5525 -15.0245 70.8271
v -50.3588 -14.9731 71.2105
v -50.3888 -15.063 71.6326
v -50.6311 -15.2598 71.9322
v -50.993 -15.4884 71.9948
v -50.5858 -16.8967 71.5915
v -50.7844 -16.9484 71.2106
v -50.7626 -16.8541 70.7889
v -50.5289 -16.65 70.4875
v -50.1724 -16.414 70.4214
v -49.8294 -16.2362 70.616
v -49.6308 -16.1845 70.9969
v -49.6525 -16.2787 71.4185
v -49.8862 -16.4829 71.72
v -50.2427 -16.7189 71.786
v -49.8202 -18.108 71.3645
v -50.0235 -18.1599 70.9862
v -50.0098 -18.0617 70.5651
v -49.7842 -17.8507 70.2621
v -49.4331 -17.6078 70.1929
v -49.0904 -17.4255 70.3839
v -48.887 -17.3736 70.7623
v -48.9008 -17.4719 71.1834
v -49.1263 -17.6828 71.4864
v -49.4775 -17.9258 71.5556
v -49.0416 -19.2963 71.1167
v -49.2493 -19.3484 70.7408
v -49.2432 -19.2464 70.3204
v -49.0255 -19.0292 70.0161
v -48.6795 -18.7798 69.9441
v -48.3372 -18.5934 70.1319
v -48.1295 -18.5412 70.5077
v -48.1356 -18.6432 70.9281
v -48.3532 -18.8604 71.2324
v -48.6993 -19.1099 71.3045
v -48.2516 -20.4624 70.8491
v -48.4636 -20.5149 70.4756
v -48.4646 -20.4095 70.056
v -48.2545 -20.1865 69.7506
v -47.9134 -19.9311 69.676
v -47.5716 -19.7408 69.8608
v -47.3597 -19.6883 70.2343
v -47.3586 -19.7937 70.6538
v -47.5687 -20.0167 70.9592
v -47.9098 -20.2722 71.0338
v -47.452 -21.6076 70.5629
v -47.6678 -21.6604 70.1917
v -47.6756 -21.5519 69.7729
v -47.4726 -21.3236 69.4667
v -47.1362 -21.0627 69.3898
v -46.7949 -20.8688 69.5718
v -46.5791 -20.8161 69.943
v -46.5712 -20.9245 70.3617
v -46.7743 -21.1529 70.668
v -47.1107 -21.4138 70.7448
v -46.644 -22.7331 70.2594
v -46.8633 -22.7862 69.8904
v -46.8775 -22.6749 69.4725
v -46.6811 -22.4418 69.1656
v -46.3492 -22.1758 69.0867
v -46.0084 -21.9786 69.266
v -45.7891 -21.9255 69.6351
v -45.7749 -22.0368 70.053
v -45.9713 -22.2699 70.3599
v -46.3032 -22.5359 70.4388
v -45.8289 -23.8401 69.94
v -46.0515 -23.8936 69.573
v -46.0715 -23.7798 69.156
v -45.8813 -23.5423 68.8485
v -45.5535 -23.2717 68.7679
v -45.2133 -23.0714 68.9449
v -44.9907 -23.018 69.312
v -44.9707 -23.1317 69.7289
v -45.1609 -23.3692 70.0364
v -45.4887 -23.6398 70.1171
v -45.0076 -24.9299 69.6061
v -45.2332 -24.9838 69.2409
v -45.2585 -24.8679 68.8248
v -45.074 -24.6264 68.5169
v -44.7501 -24.3517 68.4347
v -44.4106 -24.1485 68.6096
v -44.185 -24.0946 68.9748
v -44.1597 -24.2105 69.3909
v -44.3442 -24.452 69.6988
v -44.6681 -24.7267 69.781
v -44.1811 -26.0039 69.2591
v -44.4092 -26.0583 68.8955
v -44.4394 -25.9405 68.4803
v -44.26 -25.6956 68.1721
v -43.9398 -25.417 68.0886
v -43.6009 -25.2112 68.2616
v -43.3728 -25.1568 68.6252
v -43.3426 -25.2746 69.0404
v -43.5219 -25.5195 69.3486
v -43.8422 -25.7981 69.4322
v -43.3499 -27.0634 68.9006
v -43.5802 -27.1184 68.5385
v -43.6146 -26.9991 68.124
v -43.4399 -26.7511 67.8156
v -43.123 -26.4691 67.7309
v -42.7848 -26.2608 67.9024
v -42.5545 -26.2058 68.2645
v -42.5201 -26.3251 68.6789
v -42.6948 -26.5731 68.9874
v -43.0117 -26.8551 69.072
v -42.5145 -28.1099 68.532
v -42.7465 -28.1656 68.1712
v -42.7846 -28.045 67.7574
v -42.6141 -27.7943 67.4488
v -42.3002 -27.5092 67.3632
v -41.9628 -27.2985 67.5334
v -41.7307 -27.2429 67.8942
v -41.6926 -27.3634 68.308
v -41.8631 -27.6141 68.6166
v -42.177 -27.8993 68.7021
v -41.6749 -29.1446 68.1551
v -41.9084 -29.2011 67.7953
v -41.9495 -29.0796 67.3821
v -41.7827 -28.8266 67.0734
v -41.4715 -28.5386 66.9871
v -41.135 -28.3258 67.1562
v -40.9015 -28.2693 67.516
v -40.8604 -28.3908 67.9292
v -41.0272 -28.6438 68.2379
v -41.3384 -28.9317 68.3242
v -40.8314 -30.1689 67.7715
v -41.0658 -30.2263 67.4124
v -41.1094 -30.1042 66.9997
v -40.9457 -29.8492 66.6909
v -40.6371 -29.5587 66.6041
v -40.3015 -29.3437 66.7723
v -40.0671 -29.2863 67.1314
v -40.0234 -29.4084 67.5441
v -40.1872 -29.6633 67.8529
v -40.4958 -29.9538 67.9397
v -39.9835 -31.1839 67.3828
v -40.2185 -31.2425 67.0242
v -40.2641 -31.12 66.6118
v -40.103 -30.8634 66.303
v -39.7966 -30.5706 66.2158
v -39.4622 -30.3535 66.3835
v -39.2272 -30.2949 66.7421
v -39.1816 -30.4173 67.1545
v -39.3427 -30.6739 67.4633
v -39.6491 -30.9667 67.5505
v -39.1311 -32.1909 66.9907
v -39.3661 -32.2507 66.6324
v -39.4131 -32.1283 66.2201
v -39.2541 -31.8704 65.9113
v -38.9499 -31.5755 65.824
v -38.6167 -31.3562 65.9914
v -38.3817 -31.2963 66.3497
v -38.3347 -31.4187 66.7619
v -38.4937 -31.6766 67.0707
v -38.7979 -31.9716 67.1581
v -38.2736 -33.1908 66.5969
v -38.5081 -33.2523 66.2386
v -38.5559 -33.1302 65.8263
v -38.3987 -32.8712 65.5175
v -38.0964 -32.5743 65.4301
v -37.7646 -32.3528 65.5976
v -37.53 -32.2914 65.9558
v -37.4822 -32.4135 66.3681
v -37.6395 -32.6724 66.6769
v -37.9418 -32.9694 66.7643
v -37.4101 -34.1848 66.2031
v -37.6438 -34.248 65.8445
v -37.6919 -34.1265 65.4321
v -37.5359 -33.8668 65.1233
v -37.2355 -33.5679 65.0361
v -36.9053 -33.3442 65.2038
v -36.6716 -33.281 65.5623
v -36.6236 -33.4024 65.9747
v -36.7796 -33.6622 66.2835
v -37.08 -33.961 66.3707
v -36.5399 -35.1735 65.8109
v -36.7723 -35.2388 65.4519
v -36.8201 -35.1182 65.0392
v -36.665 -34.8579 64.7304
v -36.3664 -34.5573 64.6435
v -36.0381 -34.3311 64.8116
v -35.8057 -34.2658 65.1707
v -35.758 -34.3863 65.5834
v -35.913 -34.6467 65.8922
v -36.2117 -34.9473 65.9791
v -35.662 -36.1577 65.4222
v -35.8926 -36.2253 65.0624
v -35.9396 -36.106 64.6492
v -35.7851 -35.8454 64.3404
v -35.4882 -35.5429 64.254
v -35.1621 -35.3142 64.4229
v -34.9315 -35.2465 64.7826
v -34.8845 -35.3658 65.1958
v -35.039 -35.6264 65.5046
v -35.336 -35.9289 65.5911
v -34.7753 -37.1379 65.0384
v -35.0035 -37.2082 64.6777
v -35.0493 -37.0905 64.264
v -34.8951 -36.8297 63.9552
v -34.5999 -36.5254 63.8693
v -34.2763 -36.2938 64.0392
v -34.048 -36.2234 64.3999
v -34.0022 -36.3412 64.8136
v -34.1564 -36.602 65.1224
v -34.4517 -36.9063 65.2083
v -33.8784 -38.1145 64.6614
v -34.1039 -38.1878 64.2995
v -34.148 -38.072 63.8851
v -33.9938 -37.8111 63.5763
v -33.7003 -37.5049 63.4911
v -33.3796 -37.2703 63.6621
v -33.1541 -37.1969 64.0239
v -33.11 -37.3128 64.4384
v -33.2641 -37.5736 64.7472
v -33.5576 -37.8799 64.8324
v -32.97 -39.0877 64.2926
v -33.1923 -39.1644 63.9295
v -33.2343 -39.0507 63.5142
v -33.08 -38.7899 63.2054
v -32.7884 -38.4817 63.121
v -32.4708 -38.2437 63.2933
v -32.2486 -38.167 63.6565
v -32.2066 -38.2807 64.0718
v -32.3609 -38.5415 64.3806
v -32.6525 -38.8497 64.4649
v -32.0489 -40.0575 63.9337
v -32.2674 -40.1381 63.5691
v -32.3069 -40.0267 63.1529
v -32.1524 -39.7661 62.8441
v -31.8628 -39.4557 62.7607
v -31.5488 -39.2141 62.9344
v -31.3303 -39.1336 63.299
v -31.2908 -39.2449 63.7152
v -31.4453 -39.5055 64.024
v -31.7349 -39.8159 64.1075
v -31.1134 -41.0239 63.5862
v -31.3277 -41.1085 63.2201
v -31.3645 -40.9999 62.8029
v -31.2096 -40.7394 62.4941
v -30.9222 -40.4267 62.4116
v -30.6122 -40.1811 62.5869
v -30.3979 -40.0965 62.9531
v -30.3612 -40.2051 63.3702
v -30.516 -40.4656 63.679
v -30.8034 -40.7783 63.7615
v -30.1621 -41.9864 63.2516
v -30.3718 -42.0755 62.8838
v -30.4054 -41.9697 62.4657
v -30.2501 -41.7095 62.1569
v -29.9653 -41.3943 62.0754
v -29.6597 -41.1444 62.2523
v -29.45 -41.0553 62.6201
v -29.4164 -41.161 63.0383
v -29.5717 -41.4212 63.3471
v -29.8565 -41.7365 63.4286
v -29.1936 -42.9445 62.9314
v -29.3981 -43.0384 62.5619
v -29.4284 -42.9358 62.1427
v -29.2727 -42.6758 61.8339
v -28.9906 -42.3578 61.7534
v -28.6899 -42.1032 61.932
v -28.4854 -42.0093 62.3015
v -28.4551 -42.1119 62.7207
v -28.6108 -42.3719 63.0295
v -28.8928 -42.6899 63.11
v -28.2062 -43.8974 62.6268
v -28.4052 -43.9965 62.2556
v -28.4318 -43.8972 61.8354
v -28.2758 -43.6374 61.5266
v -27.9969 -43.3165 61.4472
v -27.7015 -43.0568 61.6275
v -27.5025 -42.9578 61.9986
v -27.4759 -43.0571 62.4188
v -27.6319 -43.3168 62.7276
v -27.9108 -43.6378 62.8071
v -27.1986 -44.8443 62.3392
v -27.3916 -44.9489 61.9664
v -27.4143 -44.8531 61.5451
v -27.2581 -44.5934 61.2363
v -26.9826 -44.2692 61.1579
v -26.6931 -44.0042 61.3399
v -26.5001 -43.8997 61.7127
v -26.4774 -43.9955 62.1339
v -26.6336 -44.2551 62.4428
v -26.9091 -44.5793 62.5211
v -26.1693 -45.7841 62.0698
v -26.3559 -45.8944 61.6954
v -26.3746 -45.8021 61.2731
v -26.2182 -45.5426 60.9643
v -25.9466 -45.2149 60.8869
v -25.6635 -44.9442 61.0705
v -25.4769 -44.8339 61.445
v -25.4582 -44.9261 61.8672
v -25.6146 -45.1857 62.176
v -25.8862 -45.5134 62.2534
v -25.117 -46.7153 61.8199
v -25.2967 -46.8316 61.4439
v -25.3112 -46.743 61.0207
v -25.1549 -46.4835 60.7119
v -24.8875 -46.152 60.6354
v -24.6113 -45.8753 60.8206
v -24.4316 -45.759 61.1965
v -24.4171 -45.8476 61.6197
v -24.5734 -46.1072 61.9286
v -24.8407 -46.4386 62.005
v -24.0403 -47.6366 61.5904
v -24.2127 -47.7591 61.2129
v -24.2228 -47.6742 60.7888
v -24.0668 -47.4145 60.48
v -23.8042 -47.0791 60.4045
v -23.5354 -46.7961 60.5911
v -23.363 -46.6736 60.9685
v -23.3529 -46.7585 61.3926
v -23.5089 -47.0182 61.7014
v -23.7715 -47.3536 61.7769
v -22.9382 -48.5462 61.3823
v -23.1028 -48.675 61.0036
v -23.1085 -48.594 60.5786
v -22.9529 -48.334 60.2698
v -22.6955 -47.9944 60.1951
v -22.4346 -47.7049 60.383
v -22.27 -47.576 60.7617
v -22.2643 -47.6571 61.1866
v -22.4199 -47.9171 61.4955
v -22.6773 -48.2567 61.5702
v -21.8094 -49.4423 61.1965
v -21.9659 -49.5776 60.8166
v -21.967 -49.5003 60.391
v -21.8121 -49.2399 60.0822
v -21.5604 -48.8959 60.0082
v -21.3081 -48.5996 60.1972
v -21.1515 -48.4643 60.5772
v -21.1505 -48.5417 61.0028
v -21.3054 -48.8021 61.3116
v -21.5571 -49.1461 61.3856
v -20.6531 -50.323 61.0339
v -20.8011 -50.4648 60.653
v -20.7975 -50.3912 60.2267
v -20.6435 -50.1302 59.9179
v -20.3981 -49.7816 59.8445
v -20.1549 -49.4785 60.0346
v -20.0068 -49.3367 60.4156
v -20.0105 -49.4103 60.8419
v -20.1644 -49.6713 61.1507
v -20.4099 -50.0199 61.224
v -19.4684 -51.1861 60.8951
v -19.6076 -51.3344 60.5133
v -19.5992 -51.2643 60.0864
v -19.4465 -51.0026 59.7777
v -19.2077 -50.6492 59.7049
v -18.9742 -50.3392 59.8959
v -18.835 -50.1908 60.2777
v -18.8434 -50.2609 60.7045
v -18.9962 -50.5226 61.0133
v -19.2349 -50.876 61.0861
v -18.2548 -52.0293 60.7807
v -18.3847 -52.1841 60.3982
v -18.3715 -52.1174 59.9709
v -18.2203 -51.8548 59.6621
v -17.9888 -51.4966 59.5898
v -17.7655 -51.1795 59.7815
v -17.6356 -51.0247 60.1641
v -17.6488 -51.0913 60.5913
v -17.8 -51.3539 60.9001
v -18.0315 -51.7122 60.9724
v -17.0118 -52.8503 60.6912
v -17.132 -53.0114 60.3081
v -17.1139 -52.948 59.8805
v -16.9645 -52.6843 59.5718
v -16.7409 -52.3211 59.4998
v -16.5283 -51.997 59.6921
v -16.4082 -51.8359 60.0752
v -16.4262 -51.8993 60.5028
v -16.5756 -52.1629 60.8115
v -16.7993 -52.5262 60.8835
v -15.739 -53.6466 60.6269
v -15.8491 -53.8138 60.2435
v -15.8262 -53.7535 59.8157
v -15.679 -53.4886 59.507
v -15.4637 -53.1202 59.4353
v -15.2625 -52.7892 59.628
v -15.1523 -52.622 60.0114
v -15.1752 -52.6823 60.4392
v -15.3225 -52.9472 60.7479
v -15.5378 -53.3156 60.8196
v -14.4363 -54.4156 60.5882
v -14.5361 -54.5888 60.2045
v -14.5084 -54.5312 59.7767
v -14.3636 -54.2649 59.468
v -14.1571 -53.8915 59.3965
v -13.9679 -53.5537 59.5894
v -13.8681 -53.3805 59.9731
v -13.8959 -53.4381 60.401
v -14.0406 -53.7044 60.7096
v -14.2471 -54.0778 60.7811
v -13.104 -55.1549 60.5752
v -13.1931 -55.3337 60.1915
v -13.1604 -55.2785 59.7636
v -13.0185 -55.0106 59.455
v -12.8214 -54.6321 59.3837
v -12.6446 -54.2877 59.5767
v -12.5555 -54.1089 59.9604
v -12.5881 -54.164 60.3883
v -12.7301 -54.4319 60.6968
v -12.9271 -54.8104 60.7682
v -11.7421 -55.8616 60.5879
v -11.8202 -56.0456 60.2042
v -11.7827 -55.9927 59.7765
v -11.644 -55.7229 59.4681
v -11.4569 -55.3394 59.3968
v -11.293 -54.9886 59.5898
v -11.2149 -54.8045 59.9734
v -11.2524 -54.8575 60.4011
v -11.3912 -55.1273 60.7096
v -11.5782 -55.5108 60.7809
v -10.3513 -56.5332 60.6263
v -10.4181 -56.722 60.2428
v -10.3758 -56.6708 59.8153
v -10.2406 -56.3991 59.5071
v -10.0641 -56.0106 59.4357
v -9.91364 -55.6538 59.6286
v -9.84679 -55.4649 60.0121
v -9.88906 -55.5161 60.4396
v -10.0243 -55.7879 60.7479
v -10.2008 -56.1763 60.8192
v -8.93215 -57.1669 60.6901
v -8.98747 -57.3601 60.307
v -8.9405 -57.3103 59.8798
v -8.80919 -57.0364 59.5718
v -8.6437 -56.6431 59.5005
v -8.50723 -56.2806 59.6932
v -8.45191 -56.0874 60.0763
v -8.49887 -56.1372 60.5034
v -8.63018 -56.4111 60.8115
v -8.79568 -56.8044 60.8828
v -7.48567 -57.7601 60.7792
v -7.52924 -57.9572 60.3965
v -7.47768 -57.9082 59.9697
v -7.3507 -57.632 59.6619
v -7.19678 -57.2341 59.5906
v -7.07473 -56.8663 59.7831
v -7.03116 -56.6693 60.1657
v -7.08272 -56.7182 60.5925
v -7.2097 -56.9944 60.9003
v -7.36361 -57.3924 60.9716
v -6.01293 -58.3103 60.893
v -6.04456 -58.5105 60.5108
v -5.98856 -58.462 60.0846
v -5.86631 -58.1833 59.7771
v -5.72451 -57.7809 59.7058
v -5.61732 -57.4084 59.898
v -5.58569 -57.2081 60.2801
v -5.64169 -57.2566 60.7064
v -5.76394 -57.5353 61.0139
v -5.90574 -57.9378 61.0852
v -4.51526 -58.8147 61.0311
v -4.53481 -59.0175 60.6495
v -4.47453 -58.969 60.2239
v -4.35744 -58.6876 59.9168
v -4.22828 -58.2809 59.8456
v -4.13637 -57.9042 60.0374
v -4.11682 -57.7014 60.4191
v -4.1771 -57.75 60.8447
v -4.29418 -58.0313 61.1518
v -4.42335 -58.438 61.223
v -2.99417 -59.271 61.1929
v -3.00152 -59.4757 60.8119
v -2.93718 -59.4266 60.3869
v -2.82571 -59.1424 60.0803
v -2.7097 -58.7317 60.0093
v -2.63345 -58.3514 60.2009
v -2.62609 -58.1467 60.5819
v -2.69044 -58.1958 61.0069
v -2.8019 -58.48 61.3135
v -2.91792 -58.8907 61.3845
v -1.45137 -59.6768 61.3777
v -1.44647 -59.8825 60.9971
v -1.37832 -59.8322 60.5729
v -1.27295 -59.5451 60.267
v -1.17059 -59.1307 60.1962
v -1.11036 -58.7475 60.3876
v -1.11525 -58.5417 60.7681
v -1.1834 -58.592 61.1924
v -1.28878 -58.8792 61.4983
v -1.39113 -59.2935 61.5691
v 0.111246 -60.0297 61.5845
v 0.128396 -60.2357 61.2045
v 0.200051 -60.1837 60.781
v 0.298842 -59.8934 60.4759
v 0.387033 -59.4758 60.4055
v 0.430939 -59.0903 60.5969
v 0.413789 -58.8842 60.9769
v 0.342134 -58.9362 61.4004
v 0.243343 -59.2265 61.7056
v 0.155152 -59.6442 61.7759
v 1.6916 -60.3276 61.8125
v 1.72096 -60.5331 61.433
v 1.79576 -60.4787 61.0104
v 1.88744 -60.1852 60.7061
v 1.96097 -59.7646 60.6364
v 1.98827 -59.3776 60.8279
v 1.95892 -59.172 61.2074
v 1.88412 -59.2264 61.6301
v 1.79244 -59.52 61.9343
v 1.71891 -59.9406 62.004
v 3.28747 -60.5685 62.0607
v 3.32891 -60.7726 61.6815
v 3.40645 -60.7152 61.2598
v 3.49046 -60.4182 60.9566
v 3.54885 -59.9951 60.8878
v 3.55932 -59.6075 61.0796
v 3.51787 -59.4034 61.4588
v 3.44033 -59.4608 61.8805
v 3.35633 -59.7578 62.1837
v 3.29794 -60.1809 62.2526
v 4.89645 -60.7506 62.328
v 4.9498 -60.9523 61.949
v 5.02959 -60.8913 61.5282
v 5.10534 -60.5908 61.2263
v 5.14811 -60.1656 61.1587
v 5.14157 -59.7782 61.3511
v 5.08821 -59.5765 61.73
v 5.00842 -59.6375 62.1508
v 4.93267 -59.938 62.4527
v 4.8899 -60.3631 62.5204
v 6.51602 -60.8722 62.6131
v 6.58102 -61.0705 62.2342
v 6.66252 -61.0052 61.8143
v 6.72938 -60.701 61.514
v 6.75606 -60.2743 61.4478
v 6.73237 -59.888 61.6411
v 6.66737 -59.6897 62.0201
v 6.58588 -59.755 62.4399
v 6.51902 -60.0591 62.7402
v 6.49234 -60.4858 62.8064
v 8.14354 -60.9317 62.9147
v 8.21984 -61.1257 62.5356
v 8.30242 -61.0554 62.1168
v 8.35971 -60.7475 61.8183
v 8.36985 -60.3198 61.7541
v 8.32896 -59.9356 61.9487
v 8.25266 -59.7416 62.3278
v 8.17008 -59.812 62.7466
v 8.11278 -60.1198 63.0451
v 8.10264 -60.5475 63.1093
v 9.77623 -60.9281 63.2316
v 9.8634 -61.1166 62.8521
v 9.94635 -61.0405 62.4343
v 9.99338 -60.7289 62.1379
v 9.98653 -60.3008 62.0761
v 9.92843 -59.9197 62.2724
v 9.84126 -59.7312 62.6519
v 9.75832 -59.8072 63.0696
v 9.71129 -60.1188 63.366
v 9.71813 -60.547 63.4279
v 11.4113 -60.86 63.5621
v 11.5088 -61.042 63.1819
v 11.5913 -60.9596 62.7653
v 11.6273 -60.6442 62.4714
v 11.603 -60.2163 62.4125
v 11.5278 -59.8393 62.611
v 11.4303 -59.6573 62.9912
v 11.3478 -59.7398 63.4078
v 11.3118 -60.0552 63.7017
v 11.336 -60.4831 63.7607
v 13.0457 -60.7268 63.9049
v 13.1529 -60.9012 63.5237
v 13.234 -60.8116 63.1083
v 13.2582 -60.4924 62.8174
v 13.2161 -60.0654 62.7619
v 13.1239 -59.6937 62.9633
v 13.0167 -59.5194 63.3444
v 12.9356 -59.6089 63.7598
v 12.9114 -59.9282 64.0508
v 12.9535 -60.3552 64.1062
v 14.6765 -60.5277 64.2583
v 14.7926 -60.6933 63.8758
v 14.8714 -60.596 63.4617
v 14.8829 -60.2729 63.1741
v 14.8227 -59.8476 63.1229
v 14.7137 -59.4824 63.3277
v 14.5976 -59.3169 63.7102
v 14.5188 -59.4142 64.1243
v 14.5073 -59.7372 64.4118
v 14.5676 -60.1625 64.463
v 16.3008 -60.2624 64.6206
v 16.4248 -60.418 64.2365
v 16.5002 -60.3122 63.8238
v 16.4981 -59.9855 63.5402
v 16.4193 -59.5626 63.494
v 16.294 -59.2051 63.7029
v 16.1699 -59.0495 64.087
v 16.0945 -59.1552 64.4997
v 16.0966 -59.482 64.7833
v 16.1754 -59.9048 64.8295
v 17.9153 -59.9305 64.9902
v 18.0463 -60.075 64.604
v 18.117 -59.9602 64.1929
v 18.1003 -59.63 63.914
v 18.0027 -59.2104 63.8736
v 17.8615 -58.8618 64.0874
v 17.7305 -58.7173 64.4736
v 17.6598 -58.8321 64.8847
v 17.6765 -59.1624 65.1636
v 17.7741 -59.5819 65.204
v 19.5172 -59.5322 65.3653
v 19.6539 -59.6644 64.9767
v 19.7185 -59.54 64.5674
v 19.6863 -59.2065 64.2938
v 19.5696 -58.7912 64.2603
v 19.4131 -58.4528 64.4798
v 19.2764 -58.3206 64.8683
v 19.2118 -58.445 65.2776
v 19.244 -58.7786 65.5513
v 19.3606 -59.1938 65.5848
v 21.1032 -59.0676 65.7441
v 21.2442 -59.1865 65.3527
v 21.3012 -59.0519 64.9455
v 21.2525 -58.7154 64.678
v 21.1167 -58.3055 64.6524
v 20.9456 -57.9787 64.8785
v 20.8046 -57.8599 65.2698
v 20.7476 -57.9944 65.677
v 20.7963 -58.3309 65.9445
v 20.9321 -58.7409 65.9701
v 22.6704 -58.5373 66.1248
v 22.8141 -58.6417 65.7303
v 22.862 -58.4966 65.3256
v 22.7957 -58.1576 65.0651
v 22.6406 -57.754 65.0485
v 22.4559 -57.4402 65.282
v 22.3122 -57.3358 65.6765
v 22.2643 -57.4809 66.0813
v 22.3306 -57.8199 66.3417
v 22.4857 -58.2235 66.3583
v 24.2156 -57.9419 66.5055
v 24.3604 -58.0307 66.1076
v 24.3974 -57.8749 65.7057
v 24.3126 -57.5339 65.4534
v 24.1383 -57.1379 65.447
v 23.9411 -56.8384 65.6889
v 23.7964 -56.7495 66.0868
v 23.7594 -56.9054 66.4887
v 23.8442 -57.2464 66.741
v 24.0185 -57.6423 66.7475
v 25.736 -57.2823 66.8844
v 25.8798 -57.3547 66.4829
v 25.9041 -57.1879 66.0844
v 25.7998 -56.8456 65.8413
v 25.6066 -56.4585 65.8464
v 25.3983 -56.1746 66.0977
v 25.2545 -56.1022 66.4992
v 25.2301 -56.269 66.8976
v 25.3345 -56.6113 67.1408
v 25.5277 -56.9983 67.1357
v 27.2285 -56.5594 67.2596
v 27.3692 -56.6146 66.8543
v 27.379 -56.437 66.46
v 27.2542 -56.0943 66.2273
v 27.0425 -55.7174 66.2451
v 26.8246 -55.4504 66.5067
v 26.6839 -55.3952 66.912
v 26.6741 -55.5729 67.3064
v 26.7989 -55.9156 67.539
v 27.0106 -56.2924 67.5212
v 28.6902 -55.7747 67.6294
v 28.8255 -55.8122 67.2202
v 28.819 -55.6239 66.8308
v 28.673 -55.2818 66.6098
v 28.4433 -54.9165 66.6418
v 28.2177 -54.6677 66.9144
v 28.0823 -54.6302 67.3236
v 28.0889 -54.8185 67.713
v 28.2349 -55.1606 67.934
v 28.4646 -55.5259 67.902
v 30.1182 -54.9296 67.992
v 30.2458 -54.9489 67.5791
v 30.221 -54.7506 67.1954
v 30.0532 -54.4103 66.9875
v 29.8065 -54.058 67.0349
v 29.5752 -53.8284 67.3193
v 29.4475 -53.8091 67.7322
v 29.4723 -54.0075 68.1159
v 29.6401 -54.3478 68.3237
v 29.8868 -54.7 68.2764
v 31.5096 -54.0258 68.3456
v 31.6271 -54.0269 67.9293
v 31.5823 -53.8192 67.5524
v 31.3923 -53.4821 67.359
v 31.1298 -53.1442 67.4229
v 30.8949 -52.9348 67.7198
v 30.7774 -52.9336 68.1361
v 30.8223 -53.1413 68.513
v 31.0122 -53.4785 68.7064
v 31.2748 -53.8163 68.6425
v 32.8619 -53.0652 68.6888
v 32.9667 -53.0484 68.2694
v 32.9003 -52.8325 67.9005
v 32.6881 -52.4999 67.7229
v 32.4111 -52.1778 67.8045
v 32.1751 -51.9891 68.1141
v 32.0703 -52.0059 68.5335
v 32.1366 -52.2219 68.9025
v 32.3489 -52.5544 69.0801
v 32.6259 -52.8765 68.9985
v 34.1722 -52.05 69.0201
v 34.262 -52.0158 68.5983
v 34.1727 -51.793 68.2384
v 33.9384 -51.4667 68.0778
v 33.6486 -51.1615 68.178
v 33.4141 -50.9939 68.5006
v 33.3243 -51.0281 68.9224
v 33.4136 -51.2509 69.2823
v 33.6479 -51.5772 69.4429
v 33.9376 -51.8825 69.3427
v 35.4382 -50.9825 69.3382
v 35.5108 -50.932 68.9148
v 35.3975 -50.7039 68.565
v 35.1417 -50.3854 68.4226
v 34.8411 -50.0981 68.542
v 34.6105 -49.9517 68.8775
v 34.538 -50.0022 69.301
v 34.6512 -50.2303 69.6507
v 34.907 -50.5488 69.7931
v 35.2076 -50.8362 69.6737
v 36.6575 -49.8654 69.642
v 36.7109 -49.7999 69.2177
v 36.5731 -49.5683 68.8793
v 36.2967 -49.2592 68.7559
v 35.9873 -48.9905 68.8949
v 35.7632 -48.865 69.2429
v 35.7098 -48.9305 69.6672
v 35.8477 -49.1621 70.0057
v 36.124 -49.4712 70.129
v 36.4334 -49.7399 69.9901
v 37.8282 -48.7016 69.9304
v 37.8607 -48.6227 69.5063
v 37.698 -48.3897 69.1801
v 37.4023 -48.0914 69.0765
v 37.0864 -47.8418 69.235
v 36.8711 -47.7364 69.5951
v 36.8386 -47.8152 70.0192
v 37.0012 -48.0483 70.3454
v 37.297 -48.3466 70.449
v 37.6128 -48.5961 70.2905
v 38.9483 -47.4941 70.2025
v 38.9588 -47.4038 69.7795
v 38.7715 -47.1713 69.4665
v 38.4579 -46.8852 69.3829
v 38.1378 -46.6549 69.5608
v 37.9334 -46.5683 69.9322
v 37.9229 -46.6586 70.3552
v 38.1102 -46.8911 70.6682
v 38.4238 -47.1772 70.7517
v 38.7439 -47.4075 70.5738
v 40.0166 -46.2461 70.4575
v 40.0043 -46.1467 70.0366
v 39.7929 -45.9167 69.7373
v 39.4632 -45.6439 69.6739
v 39.141 -45.4326 69.8707
v 38.9494 -45.3635 70.2524
v 38.9616 -45.4629 70.6732
v 39.173 -45.693 70.9725
v 39.5028 -45.9657 71.0359
v 39.825 -46.177 70.8391
v 41.0318 -44.9611 70.6946
v 40.9965 -44.8548 70.2767
v 40.762 -44.6292 69.9916
v 40.4179 -44.3706 69.9482
v 40.0956 -44.1778 70.1629
v 39.9183 -44.1243 70.5539
v 39.9537 -44.2307 70.9718
v 40.1882 -44.4563 71.2569
v 40.5323 -44.7149 71.3004
v 40.8545 -44.9077 71.0856
v 41.9934 -43.6426 70.9132
v 41.935 -43.5316 70.4991
v 41.6786 -43.3123 70.2283
v 41.3221 -43.0684 70.2043
v 41.0016 -42.8931 70.4361
v 40.8397 -42.8534 70.8353
v 40.898 -42.9644 71.2493
v 41.1544 -43.1837 71.5201
v 41.511 -43.4276 71.5442
v 41.8314 -43.6028 71.3123
v 42.9009 -42.2938 71.1124
v 42.82 -42.1805 70.7028
v 42.5432 -41.969 70.4464
v 42.1761 -41.7402 70.441
v 41.8589 -41.5814 70.6887
v 41.713 -41.5533 71.095
v 41.7939 -41.6666 71.5046
v 42.0707 -41.8781 71.7611
v 42.4378 -42.1069 71.7665
v 42.7549 -42.2657 71.5187
v 43.7543 -40.9184 71.2918
v 43.6517 -40.8049 70.8871
v 43.356 -40.6026 70.6447
v 42.9801 -40.3889 70.6571
v 42.6676 -40.2452 70.9195
v 42.5379 -40.2266 71.3318
v 42.6405 -40.3401 71.7365
v 42.9363 -40.5424 71.9789
v 43.3122 -40.7562 71.9666
v 43.6246 -40.8998 71.7041
v 44.5539 -39.5197 71.4505
v 44.4306 -39.4081 71.0511
v 44.1176 -39.2161 70.8223
v 43.7346 -39.0171 70.8514
v 43.4277 -38.8872 71.1273
v 43.3143 -38.8759 71.5446
v 43.4376 -38.9876 71.944
v 43.7506 -39.1796 72.1728
v 44.1336 -39.3785 72.1437
v 44.4405 -39.5085 71.8678
v 45.3002 -38.101 71.5878
v 45.1574 -37.993 71.194
v 44.8289 -37.8122 70.9782
v 44.4401 -37.6277 71.0229
v 44.1396 -37.5099 71.311
v 44.0421 -37.504 71.7325
v 44.1849 -37.612 72.1263
v 44.5134 -37.7928 72.3421
v 44.9022 -37.9773 72.2974
v 45.2027 -38.0951 72.0093
v 45.9939 -36.6654 71.7033
v 45.833 -36.5626 71.3151
v 45.4906 -36.3936 71.1117
v 45.0974 -36.223 71.1708
v 44.8037 -36.116 71.4699
v 44.7216 -36.1134 71.8946
v 44.8825 -36.2162 72.2829
v 45.2249 -36.3852 72.4862
v 45.6181 -36.5558 72.4271
v 45.9118 -36.6629 72.128
v 46.636 -35.216 71.7962
v 46.4585 -35.1198 71.4136
v 46.1037 -34.963 71.2219
v 45.7073 -34.8057 71.2943
v 45.4206 -34.7078 71.6032
v 45.3532 -34.7068 72.0305
v 45.5307 -34.8031 72.4131
v 45.8855 -34.9599 72.6048
v 46.2819 -35.1172 72.5324
v 46.5686 -35.2151 72.2235
v 47.2278 -33.7557 71.866
v 47.035 -33.6672 71.489
v 46.6694 -33.5229 71.3082
v 46.2706 -33.3781 71.3928
v 45.991 -33.2879 71.7103
v 45.9373 -33.287 72.1396
v 46.1301 -33.3755 72.5167
v 46.4958 -33.5197 72.6974
v 46.8946 -33.6646 72.6128
v 47.1742 -33.7547 72.2953
v 47.7705 -32.2871 71.9123
v 47.5639 -32.2073 71.5407
v 47.1887 -32.0756 71.3701
v 46.7884 -31.9425 71.4657
v 46.5157 -31.8587 71.791
v 46.4749 -31.8563 72.2217
v 46.6815 -31.9362 72.5933
v 47.0567 -32.0678 72.7639
v 47.457 -32.201 72.6682
v 47.7297 -32.2847 72.343
v 48.2656 -30.8129 71.9347
v 48.0466 -30.7424 71.5684
v 47.6631 -30.6234 71.4072
v 47.2618 -30.5011 71.5129
v 46.9959 -30.4225 71.8449
v 46.9669 -30.4174 72.2765
v 47.186 -30.4878 72.6429
v 47.5694 -30.6069 72.804
v 47.9707 -30.7291 72.6984
v 48.2367 -30.8078 72.3663
v 48.7148 -29.3354 71.933
v 48.4846 -29.2749 71.5717
v 48.094 -29.1682 71.4193
v 47.6922 -29.0561 71.5339
v 47.4327 -28.9814 71.8719
v 47.4145 -28.9725 72.304
v 47.6447 -29.033 72.6653
v 48.0353 -29.1397 72.8177
v 48.4371 -29.2518 72.7031
v 48.6966 -29.3266 72.3651
v 49.1196 -27.8568 71.9069
v 48.8796 -27.8068 71.5505
v 48.4829 -27.7122 71.4061
v 48.081 -27.6094 71.5289
v 47.8275 -27.5375 71.872
v 47.8191 -27.524 72.3043
v 48.0592 -27.5741 72.6607
v 48.4559 -27.6686 72.8051
v 48.8577 -27.7715 72.6823
v 49.1113 -27.8434 72.3392
v 49.4821 -26.3793 71.8565
v 49.2334 -26.3398 71.5047
v 48.8315 -26.2572 71.3677
v 48.4298 -26.1628 71.4978
v 48.1818 -26.0929 71.8453
v 48.1823 -26.074 72.2775
v 48.431 -26.1134 72.6293
v 48.8329 -26.1961 72.7663
v 49.2346 -26.2904 72.6362
v 49.4825 -26.3604 72.2887
v 49.804 -24.9045 71.7817
v 49.5478 -24.8759 71.4343
v 49.1414 -24.8047 71.3041
v 48.7402 -24.7181 71.4407
v 48.4973 -24.6492 71.7921
v 48.5056 -24.6244 72.2239
v 48.7618 -24.653 72.5713
v 49.1682 -24.7242 72.7015
v 49.5694 -24.8108 72.5649
v 49.8123 -24.8797 72.2136
v 50.0874 -23.4343 71.6828
v 49.8246 -23.4165 71.3396
v 49.4145 -23.3563 71.2156
v 49.0138 -23.2768 71.3581
v 48.7756 -23.2082 71.7126
v 48.7908 -23.1769 72.1438
v 49.0536 -23.1947 72.487
v 49.4637 -23.2549 72.6111
v 49.8644 -23.3345 72.4686
v 50.1026 -23.403 72.114
v 50.3343 -21.9701 71.56
v 50.0658 -21.963 71.2209
v 49.6527 -21.9134 71.1025
v 49.2527 -21.8402 71.2502
v 49.0186 -21.7714 71.6074
v 49.0399 -21.7333 72.0379
v 49.3083 -21.7404 72.377
v 49.7215 -21.79 72.4954
v 50.1215 -21.8632 72.3477
v 50.3556 -21.932 71.9905
v 50.5468 -20.5131 71.4138
v 50.2735 -20.5166 71.0785
v 49.8578 -20.477 70.9653
v 49.4585 -20.4095 71.1176
v 49.2281 -20.3399 71.4771
v 49.2547 -20.2948 71.9065
v 49.528 -20.2914 72.2419
v 49.9437 -20.3309 72.355
v 50.343 -20.3984 72.2028
v 50.5733 -20.468 71.8432
v 50.727 -19.0645 71.2446
v 50.4496 -19.0783 70.9129
v 50.0318 -19.0482 70.8045
v 49.6333 -18.9859 70.9608
v 49.4062 -18.915 71.3222
v 49.4372 -18.8628 71.7505
v 49.7146 -18.849 72.0822
v 50.1324 -18.879 72.1906
v 50.5309 -18.9414 72.0343
v 50.758 -19.0122 71.6729
v 50.8769 -17.6251 71.053
v 50.5961 -17.6488 70.7248
v 50.1767 -17.6278 70.6207
v 49.7789 -17.57 70.7807
v 49.5547 -17.4976 71.1435
v 49.5896 -17.4381 71.5706
v 49.8704 -17.4144 71.8988
v 50.2898 -17.4355 72.0029
v 50.6876 -17.4932 71.8429
v 50.9119 -17.5657 71.4801
v 50.9988 -16.1956 70.8399
v 50.7152 -16.229 70.5149
v 50.2945 -16.2164 70.4148
v 49.8974 -16.1626 70.5779
v 49.6756 -16.0883 70.9418
v 49.7138 -16.0218 71.3676
v 49.9974 -15.9885 71.6926
v 50.4181 -16.0011 71.7926
v 50.8152 -16.0548 71.6296
v 51.037 -16.1291 71.2656
v 51.0946 -14.7766 70.6059
v 50.8087 -14.8191 70.284
v 50.387 -14.8143 70.1876
v 49.9905 -14.7642 70.3534
v 49.7708 -14.6878 70.7182
v 49.8118 -14.6144 71.1426
v 50.0977 -14.5719 71.4645
v 50.5194 -14.5766 71.5609
v 50.9159 -14.6267 71.395
v 51.1356 -14.7031 71.0302
v 51.1664 -13.3682 70.352
v 50.8786 -13.4194 70.033
v 50.4561 -13.422 69.94
v 50.0603 -13.3751 70.1082
v 49.8424 -13.2965 70.4736
v 49.8857 -13.2163 70.8966
v 50.1735 -13.1651 71.2155
v 50.5959 -13.1625 71.3086
v 50.9917 -13.2094 71.1403
v 51.2096 -13.288 70.7749
v 51.2162 -11.9706 70.0792
v 50.9268 -12.03 69.763
v 50.5038 -12.0394 69.673
v 50.1086 -11.9953 69.8434
v 49.8922 -11.9144 70.2092
v 49.9373 -11.8278 70.6307
v 50.2266 -11.7684 70.9468
v 50.6497 -11.759 71.0368
v 51.0448 -11.8031 70.8664
v 51.2612 -11.884 70.5006
v 51.2457 -10.5838 69.7886
v 50.9552 -10.6508 69.4751
v 50.5318 -10.6665 69.3878
v 50.1371 -10.6248 69.5601
v 49.922 -10.5417 69.9261
v 49.9686 -10.449 70.3461
v 50.2591 -10.3819 70.6596
v 50.6826 -10.3663 70.7469
v 51.0772 -10.4079 70.5746
v 51.2923 -10.491 70.2085
v 51.2569 -9.20746 69.4813
v 50.9654 -9.28157 69.1703
v 50.5417 -9.30299 69.0855
v 50.1476 -9.26352 69.2595
v 49.9336 -9.17824 69.6256
v 49.9814 -9.07972 70.0442
v 50.2728 -9.00561 70.3552
v 50.6965 -8.98419 70.4399
v 51.0907 -9.02366 70.266
v 51.3047 -9.10894 69.8998
v 51.2513 -7.84123 69.1587
v 50.9591 -7.92186 68.8499
v 50.5353 -7.94852 68.7675
v 50.1416 -7.91101 68.9429
v 49.9285 -7.82366 69.3091
v 49.9773 -7.71984 69.7263
v 50.2694 -7.6392 70.035
v 50.6933 -7.61254 70.1174
v 51.087 -7.65006 69.942
v 51.3001 -7.7374 69.5758
v 51.2305 -6.48454 68.8219
v 50.9378 -6.57112 68.5153
v 50.5139 -6.60254 68.4351
v 50.1206 -6.5668 68.6118
v 49.9082 -6.47756 68.978
v 49.9579 -6.36889 69.3938
v 50.2506 -6.28232 69.7004
v 50.6746 -6.2509 69.7806
v 51.0678 -6.28663 69.6039
v 51.2802 -6.37588 69.2377
v 51.1959 -5.13672 68.4725
v 50.9028 -5.22865 68.1679
v 50.4788 -5.26439 68.0896
v 50.086 -5.23029 68.2675
v 49.8743 -5.13937 68.6337
v 49.9246 -5.02636 69.0483
v 50.2178 -4.93443 69.3529
v 50.6418 -4.89869 69.4311
v 51.0346 -4.93279 69.2532
v 51.2463 -5.02371 68.887
v 51.1488 -3.79694 68.1117
v 50.8553 -3.89365 67.809
v 50.4313 -3.9333 67.7325
v 50.0389 -3.90075 67.9116
v 49.8278 -3.80842 68.2778
v 49.8788 -3.69159 68.6912
v 50.1723 -3.59488 68.994
v 50.5963 -3.55523 69.0704
v 50.9887 -3.58778 68.8913
v 51.1998 -3.68011 68.5251
v 51.0903 -2.46428 67.7411
v 50.7964 -2.5652 67.4401
v 50.3725 -2.60838 67.3654
v 49.9804 -2.57734 67.5456
v 49.7699 -2.48393 67.9118
v 49.8215 -2.36382 68.3243
v 50.1153 -2.2629 68.6253
v 50.5393 -2.21972 68.7
v 50.9313 -2.25076 68.5198
v 51.1418 -2.34418 68.1536
v 51.0212 -1.13774 67.3623
v 50.727 -1.24231 67.0628
v 50.3031 -1.28869 66.9898
v 49.9115 -1.25917 67.1711
v 49.7016 -1.16502 67.5375
v 49.7537 -1.0422 67.949
v 50.0478 -0.937625 68.2485
v 50.4717 -0.891242 68.3215
v 50.8634 -0.920766 68.1402
v 51.0733 -1.01492 67.7738
v 50.9423 0.183774 66.9767
v 50.6478 0.0760807 66.6786
v 50.224 0.0267919 66.6072
v 49.8327 0.0547348 66.7897
v 49.6235 0.149236 67.1563
v 49.6761 0.2742 67.5671
v 49.9706 0.381893 67.8652
v 50.3945 0.431182 67.9366
v 50.7857 0.403239 67.7542
v 50.995 0.308738 67.3875
v 50.8542 1.5014 66.5859
v 50.5593 1.39109 66.2892
v 50.1355 1.33915 66.2194
v 49.7447 1.3654 66.403
v 49.5362 1.45982 66.7701
v 49.5895 1.58636 67.1804
v 49.8844 1.69666 67.4771
v 50.3081 1.74861 67.547
v 50.699 1.72236 67.3633
v 50.9075 1.62793 66.9962
v 50.7572 2.81632 66.1916
v 50.4619 2.70388 65.8962
v 50.0381 2.64947 65.8279
v 49.6478 2.67387 66.0129
v 49.4401 2.76777 66.3806
v 49.4941 2.89529 66.7904
v 49.7894 3.00774 67.0859
v 50.2132 3.06215 67.1542
v 50.6035 3.03774 66.9691
v 50.8113 2.94384 66.6015
v 50.6514 4.12973 65.7954
v 50.3556 4.01559 65.5011
v 49.9319 3.95887 65.4345
v 49.5422 3.98122 65.621
v 49.3353 4.07411 65.9894
v 49.3903 4.20206 66.399
v 49.6861 4.3162 66.6933
v 50.1098 4.37292 66.76
v 50.4995 4.35057 66.5735
v 50.7064 4.25768 66.205
v 50.537 5.44283 65.399
v 50.2406 5.3274 65.1057
v 49.8169 5.26845 65.0408
v 49.4279 5.2885 65.229
v 49.222 5.37989 65.5984
v 49.278 5.50771 66.0079
v 49.5744 5.62314 66.3011
v 49.9981 5.68208 66.366
v 50.3871 5.66204 66.1778
v 50.593 5.57065 65.8085
v 50.4136 6.7568 65.0038
v 50.1164 6.64043 64.7117
v 49.6928 6.5793 64.6486
v 49.3045 6.59675 64.8386
v 49.0999 6.68612 65.2092
v 49.1571 6.81327 65.6187
v 49.4543 6.92963 65.9108
v 49.8779 6.99077 65.9739
v 50.2661 6.97331 65.7839
v 50.4708 6.88395 65.4134
v 50.2808 8.07277 64.6117
v 49.9828 7.95578 64.3207
v 49.5592 7.89245 64.2596
v 49.1718 7.90697 64.4517
v 48.9687 7.99379 64.8236
v 49.0272 8.11976 65.2333
v 49.3252 8.23675 65.5243
v 49.7488 8.30008 65.5855
v 50.1362 8.28556 65.3934
v 50.3394 8.19874 65.0214
v 50.138 9.39184 64.2242
v 49.839 9.27448 63.9344
v 49.4155 9.20888 63.8754
v 49.0292 9.22009 64.0699
v 48.8277 9.30384 64.4434
v 48.8879 9.42813 64.8534
v 49.1869 9.54549 65.1432
v 49.6104 9.61109 65.2022
v 49.9967 9.59988 65.0077
v 50.1983 9.51613 64.6342
v 49.9845 10.715 63.843
v 49.6844 10.5975 63.5544
v 49.2609 10.5295 63.4978
v 48.8758 10.537 63.6948
v 48.6762 10.6171 64.0702
v 48.7384 10.7393 64.4805
v 49.0385 10.8568 64.7691
v 49.4619 10.9248 64.8257
v 49.847 10.9173 64.6287
v 50.0466 10.8372 64.2533
v 49.8193 12.0432 63.4696
v 49.5179 11.9256 63.1823
v 49.0945 11.8551 63.1284
v 48.7108 11.8584 63.3282
v 48.5135 11.9344 63.7056
v 48.5777 12.054 64.1164
v 48.8791 12.1716 64.4036
v 49.3025 12.2422 64.4576
v 49.6862 12.2388 64.2577
v 49.8836 12.1628 63.8803
v 49.6413 13.3772 63.1056
v 49.3384 13.2597 62.8199
v 48.9152 13.1863 62.7687
v 48.5331 13.185 62.9718
v 48.3383 13.2564 63.3514
v 48.405 13.3731 63.7626
v 48.7079 13.4906 64.0483
v 49.1312 13.564 64.0994
v 49.5132 13.5653 63.8964
v 49.708 13.4939 63.5168
v 49.4491 14.7177 62.7525
v 49.1447 14.6003 62.4685
v 48.7216 14.5238 62.4205
v 48.3415 14.5174 62.627
v 48.1495 14.5836 63.009
v 48.219 14.6971 63.4206
v 48.5235 14.8146 63.7047
v 48.9466 14.8911 63.7526
v 49.3267 14.8974 63.5462
v 49.5187 14.8312 63.1641
v 49.2415 16.0653 62.4119
v 48.9352 15.9478 62.1297
v 48.5124 15.8679 62.0853
v 48.1345 15.8559 62.2955
v 47.9458 15.9165 62.68
v 48.0184 16.0265 63.0921
v 48.3247 16.144 63.3742
v 48.7475 16.2239 63.4187
v 49.1254 16.2359 63.2085
v 49.3141 16.1753 62.8239
v 49.0167 17.4202 62.0851
v 48.7086 17.3027 61.8051
v 48.2861 17.2189 61.7644
v 47.9107 17.2008 61.9787
v 47.7257 17.2554 62.3659
v 47.8018 17.3617 62.7783
v 48.1099 17.4793 63.0583
v 48.5324 17.5631 63.0989
v 48.9078 17.5812 62.8847
v 49.0928 17.5266 62.4975
v 48.7732 18.7829 61.7736
v 48.463 18.665 61.496
v 48.0411 18.5769 61.4595
v 47.6685 18.5522 61.6779
v 47.4876 18.6003 62.068
v 47.5675 18.7029 62.4806
v 47.8777 18.8207 62.7582
v 48.2997 18.9088 62.7948
v 48.6723 18.9335 62.5763
v 48.8531 18.8854 62.1862
v 48.5092 20.1532 61.4787
v 48.1969 20.0348 61.2038
v 47.7755 19.9419 61.1717
v 47.4062 19.9101 61.3947
v 47.2299 19.9514 61.7876
v 47.314 20.05 62.2003
v 47.6263 20.1684 62.4753
v 48.0477 20.2613 62.5074
v 48.417 20.2932 62.2844
v 48.5933 20.2519 61.8915
v 48.2229 21.531 61.2017
v 47.9083 21.4118 60.9297
v 47.4878 21.3136 60.9024
v 47.1221 21.2741 61.1302
v 46.9509 21.3083 61.526
v 47.0395 21.4031 61.9387
v 47.3541 21.5224 62.2106
v 47.7745 21.6205 62.2379
v 48.1402 21.66 62.0102
v 48.3115 21.6259 61.6144
v 47.9123 22.9161 60.9437
v 47.5953 22.7956 60.6751
v 47.176 22.6916 60.6528
v 46.8144 22.6439 60.8855
v 46.6487 22.6707 61.2842
v 46.7421 22.7618 61.6967
v 47.0591 22.8823 61.9654
v 47.4784 22.9863 61.9876
v 47.84 23.0339 61.7549
v 48.0058 23.0071 61.3562
v 47.5755 24.3078 60.706
v 47.2562 24.1856 60.4409
v 46.8383 24.0752 60.424
v 46.4812 24.0189 60.6618
v 46.3216 24.0381 61.0634
v 46.4202 24.1256 61.4754
v 46.7395 24.2478 61.7405
v 47.1575 24.3582 61.7574
v 47.5145 24.4145 61.5197
v 47.6741 24.3952 61.118
v 47.2106 25.7054 60.4895
v 46.889 25.581 60.2282
v 46.4727 25.4636 60.217
v 46.1208 25.3983 60.4599
v 45.9676 25.4098 60.8644
v 46.0717 25.4939 61.2758
v 46.3933 25.6183 61.537
v 46.8096 25.7356 61.5483
v 47.1615 25.801 61.3053
v 47.3147 25.7895 60.9009
v 46.8155 27.108 60.2952
v 46.4917 26.9808 60.0381
v 46.0775 26.8559 60.0326
v 45.7312 26.7811 60.2809
v 45.5851 26.7848 60.6881
v 45.6949 26.8658 61.0986
v 46.0187 26.993 61.3557
v 46.4329 27.1179 61.3612
v 46.7792 27.1927 61.1129
v 46.9253 27.189 60.7057
v 46.3884 28.5144 60.124
v 46.0625 28.3838 59.8713
v 45.6508 28.2508 59.8718
v 45.3107 28.1661 60.1254
v 45.172 28.1621 60.5351
v 45.2877 28.2404 60.9446
v 45.6137 28.3709 61.1973
v 46.0253 28.504 61.1968
v 46.3655 28.5887 60.9432
v 46.5041 28.5927 60.5334
v 45.9273 29.9233 59.9766
v 45.5995 29.7887 59.7285
v 45.1908 29.647 59.7351
v 44.8574 29.5521 59.994
v 44.7266 29.5404 60.4062
v 44.8484 29.6164 60.8144
v 45.1763 29.7509 61.0625
v 45.585 29.8927 61.0558
v 45.9184 29.9875 60.797
v 46.0491 29.9992 60.3847
v 45.4304 31.333 59.8538
v 45.1009 31.1939 59.6105
v 44.6957 31.0428 59.6233
v 44.3697 30.9375 59.8874
v 44.2472 30.9183 60.3019
v 44.3752 30.9924 60.7084
v 44.7047 31.1316 60.9518
v 45.1099 31.2826 60.9389
v 45.436 31.3879 60.6748
v 45.5584 31.4072 60.2604
v 44.896 32.7419 59.7561
v 44.5652 32.5975 59.5176
v 44.164 32.4366 59.5367
v 43.8458 32.3207 59.8059
v 43.732 32.2941 60.2224
v 43.8662 32.3669 60.6272
v 44.197 32.5113 60.8656
v 44.5982 32.6722 60.8466
v 44.9164 32.7881 60.5774
v 45.0302 32.8148 60.1609
v 44.3223 34.148 59.6839
v 43.9905 33.9977 59.4505
v 43.594 33.8265 59.4756
v 43.2842 33.6998 59.7498
v 43.1795 33.666 60.1682
v 43.3198 33.7381 60.571
v 43.6516 33.8885 60.8044
v 44.0481 34.0597 60.7793
v 44.3579 34.1864 60.5051
v 44.4626 34.2201 60.0867
v 43.7078 35.5492 59.6376
v 43.3756 35.3923 59.4093
v 42.9844 35.2103 59.4404
v 42.6836 35.0728 59.7193
v 42.5881 35.0322 60.1393
v 42.7344 35.1042 60.54
v 43.0666 35.2611 60.7684
v 43.4579 35.4431 60.7372
v 43.7587 35.5806 60.4584
v 43.8542 35.6212 60.0384
v 43.0512 36.9433 59.6175
v 42.719 36.7792 59.3941
v 42.3337 36.586 59.4312
v 42.0424 36.4376 59.7145
v 41.9564 36.3906 60.1359
v 42.1085 36.463 60.5344
v 42.4407 36.6271 60.7577
v 42.826 36.8202 60.7207
v 43.1173 36.9686 60.4374
v 43.2033 37.0156 60.016
v 42.3511 38.3277 59.6236
v 42.0196 38.1559 59.4052
v 41.6408 37.9512 59.4479
v 41.3595 37.7919 59.7354
v 41.2831 37.7389 60.1579
v 41.4408 37.8123 60.554
v 41.7723 37.9841 60.7725
v 42.1511 38.1888 60.7298
v 42.4324 38.348 60.4423
v 42.5088 38.4011 60.0198
v 41.6065 39.7 59.656
v 41.2762 39.5199 59.4424
v 40.9047 39.3035 59.4904
v 40.6339 39.1334 59.7818
v 40.5671 39.0747 60.2052
v 40.73 39.1497 60.5989
v 41.0603 39.3298 60.8125
v 41.4318 39.5463 60.7645
v 41.7026 39.7163 60.4731
v 41.7694 39.775 60.0497
v 40.8164 41.0575 59.7145
v 40.4881 40.8686 59.5055
v 40.1245 40.6402 59.5585
v 39.8645 40.4596 59.8534
v 39.8075 40.3956 60.2775
v 39.9751 40.4728 60.6687
v 40.3034 40.6617 60.8778
v 40.667 40.8901 60.8247
v 40.927 41.0708 60.5299
v 40.984 41.1347 60.1058
v 39.98 42.3974 59.799
v 39.6544 42.1994 59.5943
v 39.2994 41.9589 59.6519
v 39.0508 41.7677 59.9499
v 39.0033 41.699 60.3744
v 39.1753 41.7789 60.7633
v 39.5009 41.977 60.9679
v 39.8559 42.2175 60.9103
v 40.1046 42.4086 60.6123
v 40.152 42.4773 60.1878
v 39.097 43.7169 59.9089
v 38.7747 43.5093 59.7083
v 38.4291 43.2566 59.7701
v 38.192 43.0553 60.0709
v 38.1541 42.9823 60.4956
v 38.3298 43.0654 60.8821
v 38.652 43.273 61.0827
v 38.9977 43.5256 61.0208
v 39.2348 43.727 60.7201
v 39.2727 43.8 60.2954
v 38.1668 45.0129 60.0439
v 37.8487 44.7956 59.847
v 37.513 44.5307 59.9126
v 37.2879 44.3195 60.2157
v 37.2593 44.2426 60.6404
v 37.4382 44.3294 61.0247
v 37.7562 44.5467 61.2216
v 38.092 44.8116 61.156
v 38.3171 45.0228 60.8529
v 38.3457 45.0997 60.4281
v 37.1894 46.2827 60.2034
v 36.8763 46.0553 60.0098
v 36.5512 45.7784 60.0787
v 36.3382 45.5575 60.3837
v 36.3187 45.4772 60.8083
v 36.5002 45.568 61.1904
v 36.8132 45.7953 61.384
v 37.1384 46.0723 61.3151
v 37.3514 46.2931 61.0101
v 37.3708 46.3735 60.5855
v 36.1648 47.523 60.3866
v 35.8575 47.2856 60.196
v 35.5436 46.9967 60.2676
v 35.343 46.7666 60.5742
v 35.3323 46.6832 60.9985
v 35.5157 46.7784 61.3786
v 35.823 47.0158 61.5693
v 36.1369 47.3048 61.4977
v 36.3375 47.5349 61.1911
v 36.3482 47.6182 60.7667
v 35.0935 48.7311 60.5929
v 34.7927 48.4835 60.4047
v 34.4905 48.1828 60.4786
v 34.3024 47.9438 60.7862
v 34.3003 47.8578 61.2102
v 34.4848 47.9576 61.5886
v 34.7856 48.2052 61.7767
v 35.0878 48.5059 61.7029
v 35.2759 48.7449 61.3952
v 35.278 48.8309 60.9712
v 33.9757 49.9038 60.8212
v 33.6822 49.6461 60.635
v 33.3924 49.3339 60.7106
v 33.217 49.0864 61.019
v 33.223 48.9981 61.4425
v 33.4081 49.1027 61.8193
v 33.7016 49.3604 62.0054
v 33.9914 49.6726 61.9298
v 34.1668 49.9201 61.6214
v 34.1608 50.0084 61.198
v 32.8124 51.0381 61.0706
v 32.527 50.7705 60.886
v 32.2501 50.4471 60.9627
v 32.0874 50.1915 61.2715
v 32.1012 50.1012 61.6943
v 32.2861 50.2107 62.0698
v 32.5715 50.4783 62.2544
v 32.8485 50.8017 62.1777
v 33.0111 51.0574 61.8689
v 32.9974 51.1477 61.446
v 31.6045 52.1312 61.34
v 31.3279 51.8539 61.1564
v 31.0643 51.5196 61.2338
v 30.9144 51.2562 61.5425
v 30.9356 51.1642 61.9647
v 31.1196 51.2788 62.3391
v 31.3963 51.5562 62.5227
v 31.6598 51.8904 62.4453
v 31.8097 52.1538 62.1366
v 31.7885 52.2458 61.7144
v 30.3531 53.1802 61.6282
v 30.086 52.8933 61.4452
v 29.8362 52.5487 61.5226
v 29.6992 52.278 61.831
v 29.7273 52.1845 62.2525
v 29.9098 52.304 62.626
v 30.1769 52.5909 62.8091
v 30.4267 52.9355 62.7316
v 30.5637 53.2063 62.4232
v 30.5356 53.2998 62.0018
v 29.0597 54.1823 61.934
v 28.8027 53.8863 61.751
v 28.5671 53.5317 61.828
v 28.4429 53.254 62.1357
v 28.4776 53.1593 62.5564
v 28.6578 53.2837 62.9294
v 28.9148 53.5797 63.1124
v 29.1504 53.9343 63.0354
v 29.2746 54.212 62.7277
v 29.2399 54.3068 62.307
v 27.7257 55.1349 62.256
v 27.4796 54.8301 62.0726
v 27.2586 54.466 62.1487
v 27.1472 54.1818 62.4552
v 27.188 54.0859 62.8751
v 27.3654 54.2151 63.248
v 27.6116 54.5199 63.4314
v 27.8325 54.884 63.3553
v 27.9439 55.1682 63.0487
v 27.9031 55.2641 62.6288
v 26.3531 56.0354 62.5928
v 26.1184 55.7222 62.4085
v 25.9123 55.3492 62.4832
v 25.8137 55.0588 62.7884
v 25.8603 54.962 63.2074
v 26.0341 55.0957 63.5803
v 26.2689 55.4088 63.7647
v 26.4749 55.7818 63.69
v 26.5735 56.0722 63.3848
v 26.527 56.1691 62.9657
v 24.9438 56.8814 62.9431
v 24.721 56.5604 62.7574
v 24.5302 56.179 62.8301
v 24.4443 55.8828 63.1336
v 24.4962 55.7851 63.5518
v 24.6659 55.923 63.9251
v 24.8888 56.244 64.1108
v 25.0796 56.6254 64.038
v 25.1654 56.9215 63.7346
v 25.1136 57.0193 63.3163
v 23.5 57.6706 63.3052
v 23.2896 57.3423 63.1176
v 23.1144 56.9531 63.188
v 23.0411 56.6516 63.4895
v 23.0979 56.5529 63.9069
v 23.263 56.6948 64.2808
v 23.4734 57.023 64.4683
v 23.6486 57.4123 64.3979
v 23.7219 57.7138 64.0964
v 23.6651 57.8125 63.6791
v 22.0239 58.4009 63.6776
v 21.8265 58.0661 63.4878
v 21.667 57.6696 63.5554
v 21.6063 57.3631 63.8546
v 21.6677 57.2635 64.2711
v 21.8276 57.409 64.6459
v 22.025 57.7439 64.8357
v 22.1845 58.1403 64.7681
v 22.2452 58.4468 64.4689
v 22.1839 58.5464 64.0524
v 20.5182 59.0706 64.0588
v 20.3341 58.7297 63.8663
v 20.1905 58.3267 63.9306
v 20.1423 58.0155 64.2273
v 20.2079 57.915 64.6429
v 20.3622 58.0636 65.0188
v 20.5462 58.4044 65.2113
v 20.6898 58.8074 65.147
v 20.738 59.1186 64.8503
v 20.6725 59.2191 64.4347
v 18.9853 59.6777 64.4471
v 18.8149 59.3315 64.2514
v 18.6875 58.9226 64.3121
v 18.6517 58.6071 64.606
v 18.7211 58.5056 65.0207
v 18.8693 58.6568 65.398
v 19.0397 59.003 65.5936
v 19.1671 59.412 65.5329
v 19.203 59.7274 65.2391
v 19.1335 59.829 64.8243
v 17.4281 60.2209 64.8407
v 17.2718 59.8701 64.6416
v 17.1606 59.4559 64.6983
v 17.137 59.1364 64.9891
v 17.2101 59.0338 65.403
v 17.3518 59.1872 65.7818
v 17.5081 59.5381 65.981
v 17.6193 59.9523 65.9243
v 17.6429 60.2717 65.6335
v 17.5699 60.3743 65.2196
v 15.8494 60.6989 65.2382
v 15.7074 60.3442 65.0352
v 15.6126 59.9253 65.0875
v 15.6012 59.6023 65.375
v 15.6775 59.4985 65.788
v 15.8125 59.6535 66.1687
v 15.9545 60.0082 66.3716
v 16.0493 60.427 66.3194
v 16.0607 60.7501 66.0318
v 15.9844 60.8539 65.6188
v 14.2522 61.1105 65.6376
v 14.1248 60.7527 65.4305
v 14.0464 60.3299 65.478
v 14.047 60.0036 65.7621
v 14.1264 59.8984 66.1741
v 14.2543 60.0545 66.5568
v 14.3817 60.4123 66.7639
v 14.4601 60.8351 66.7164
v 14.4595 61.1614 66.4324
v 14.3801 61.2666 66.0203
v 12.6395 61.455 66.0375
v 12.5268 61.095 65.8259
v 12.4648 60.6689 65.8683
v 12.4774 60.3396 66.1486
v 12.5597 60.2329 66.5597
v 12.6802 60.3894 66.9446
v 12.793 60.7495 67.1562
v 12.8549 61.1756 67.1137
v 12.8424 61.5049 66.8334
v 12.7601 61.6116 66.4223
v 11.0144 61.7318 66.436
v 10.9165 61.3703 66.2196
v 10.871 60.9416 66.2567
v 10.8954 60.6097 66.533
v 10.9804 60.5012 66.9431
v 11.0934 60.6577 67.3303
v 11.1913 61.0192 67.5467
v 11.2368 61.4479 67.5096
v 11.2124 61.7798 67.2333
v 11.1275 61.8883 66.8232
v 9.38005 61.9406 66.8314
v 9.297 61.5783 66.61
v 9.26799 61.1478 66.6415
v 9.30411 60.8135 66.9137
v 9.39155 60.7031 67.3227
v 9.49692 60.8588 67.7124
v 9.57997 61.2211 67.9338
v 9.60898 61.6516 67.9024
v 9.57287 61.9859 67.6302
v 9.48542 62.0963 67.2211
v 7.7395 62.0812 67.2222
v 7.67137 61.719 66.9956
v 7.65875 61.2874 67.021
v 7.70648 60.951 67.2889
v 7.79631 60.8385 67.6969
v 7.89394 60.9928 68.0891
v 7.96207 61.3549 68.3157
v 7.97469 61.7866 68.2903
v 7.92696 62.1229 68.0224
v 7.83713 62.2355 67.6144
v 6.09593 62.1538 67.6066
v 6.04268 61.7926 67.3745
v 6.04638 61.3604 67.3938
v 6.10561 61.0223 67.6571
v 6.19774 60.9074 68.0639
v 6.28758 61.0596 68.4588
v 6.34082 61.4208 68.6909
v 6.33713 61.853 68.6716
v 6.2779 62.1911 68.4083
v 6.18577 62.306 68.0015
v 4.45244 62.1587 67.9831
v 4.41401 61.7993 67.7453
v 4.4339 61.3673 67.7582
v 4.50452 61.0278 68.0167
v 4.59888 60.9103 68.4223
v 4.68095 61.0598 68.8199
v 4.71938 61.4192 69.0576
v 4.69949 61.8512 69.0448
v 4.62888 62.1907 68.7862
v 4.53451 62.3082 68.3806
v 2.81212 62.0966 68.3499
v 2.78838 61.7399 68.1064
v 2.82431 61.3088 68.1126
v 2.90621 60.968 68.3663
v 3.00277 60.8477 68.7705
v 3.07712 60.9939 69.1708
v 3.10086 61.3507 69.4144
v 3.06492 61.7817 69.4081
v 2.98303 62.1225 69.1545
v 2.88647 62.2428 68.7503
v 1.17796 61.9684 68.7057
v 1.16873 61.6151 68.4562
v 1.22054 61.1855 68.4556
v 1.3136 60.8439 68.7041
v 1.41236 60.7206 69.1069
v 1.4791 60.8627 69.51
v 1.48832 61.216 69.7595
v 1.43651 61.6455 69.7601
v 1.34345 61.9872 69.5116
v 1.24469 62.1105 69.1088
v -0.447109 61.775 69.0489
v -0.442038 61.426 68.7933
v -0.37456 60.9987 68.7857
v -0.270449 60.6564 69.029
v -0.169472 60.5299 69.4302
v -0.110198 60.6674 69.836
v -0.115269 61.0164 70.0916
v -0.182748 61.4437 70.0992
v -0.286859 61.786 69.856
v -0.387836 61.9125 69.4548
v -2.06025 61.5179 69.378
v -2.04114 61.1739 69.1164
v -1.95823 60.7496 69.1016
v -1.84318 60.407 69.3393
v -1.73994 60.2769 69.7388
v -1.68794 60.4092 70.1475
v -1.70704 60.7531 70.4091
v -1.78995 61.1775 70.4239
v -1.905 61.5201 70.1862
v -2.00824 61.6501 69.7867
v -3.65873 61.1985 69.6918
v -3.62591 60.8604 69.4239
v -3.52783 60.4396 69.4018
v -3.40196 60.0969 69.6339
v -3.29637 59.9632 70.0316
v -3.2514 60.0895 70.4429
v -3.28423 60.4277 70.7108
v -3.38231 60.8484 70.7329
v -3.50818 61.1911 70.5007
v -3.61377 61.3249 70.1031
v -5.23999 60.8186 69.9888
v -5.19379 60.487 69.7147
v -5.08083 60.0705 69.6852
v -4.94426 59.728 69.9114
v -4.83624 59.5904 70.3071
v -4.79803 59.7102 70.721
v -4.84422 60.0417 70.9951
v -4.95718 60.4583 71.0247
v -5.09375 60.8008 70.7984
v -5.20178 60.9384 70.4027
v -6.80155 60.3799 70.2678
v -6.74238 60.0557 69.9875
v -6.61486 59.644 69.9504
v -6.46772 59.302 70.1707
v -6.35714 59.1603 70.5642
v -6.32537 59.2731 70.9807
v -6.38454 59.5972 71.261
v -6.51206 60.009 71.2981
v -6.65921 60.351 71.0778
v -6.76979 60.4927 70.6843
v -8.34115 59.8846 70.5278
v -8.26943 59.5685 70.2413
v -8.12771 59.1622 70.1965
v -7.97011 58.8209 70.4106
v -7.85684 58.675 70.8018
v -7.83116 58.7801 71.2207
v -7.90288 59.0963 71.5072
v -8.04461 59.5025 71.552
v -8.2022 59.8438 71.3378
v -8.31547 59.9898 70.9466
v -9.85666 59.3349 70.7675
v -9.77286 59.0275 70.4748
v -9.6173 58.6273 70.4223
v -9.4494 58.287 70.6301
v -9.33328 58.1366 71.0188
v -9.31331 58.2337 71.4399
v -9.39711 58.541 71.7326
v -9.55267 58.9413 71.7851
v -9.72057 59.2816 71.5773
v -9.83669 59.4319 71.1887
v -11.3461 58.733 70.9861
v -11.2508 58.4351 70.6873
v -11.0818 58.0414 70.627
v -10.9037 57.7024 70.8283
v -10.7846 57.5475 71.2143
v -10.7699 57.636 71.6375
v -10.8653 57.9339 71.9363
v -11.0343 58.3276 71.9966
v -11.2123 58.6666 71.7953
v -11.3315 58.8215 71.4093
v -12.8079 58.0816 71.1826
v -12.7015 57.7936 70.8777
v -12.5194 57.4071 70.8096
v -12.3314 57.0696 71.0043
v -12.209 56.9101 71.3874
v -12.1992 56.9895 71.8125
v -12.3056 57.2774 72.1174
v -12.4876 57.6639 72.1855
v -12.6757 58.0014 71.9908
v -12.798 58.1609 71.6077
v -14.2402 57.383 71.3561
v -14.1234 57.1057 71.0454
v -13.9288 56.7268 70.9694
v -13.7309 56.3912 71.1573
v -13.6052 56.2269 71.5373
v -13.5997 56.2968 71.9642
v -13.7166 56.5741 72.275
v -13.9111 56.953 72.3509
v -14.1091 57.2887 72.163
v -14.2348 57.4529 71.783
v -15.642 56.6401 71.5061
v -15.5152 56.3739 71.1895
v -15.3086 56.0031 71.1057
v -15.101 55.6695 71.2867
v -14.9717 55.5004 71.6634
v -14.9701 55.5605 72.0918
v -15.0969 55.8267 72.4084
v -15.3035 56.1974 72.4922
v -15.5111 56.531 72.3112
v -15.6404 56.7001 71.9346
v -17.0119 55.8554 71.6319
v -16.8759 55.6008 71.3096
v -16.6576 55.2387 71.218
v -16.4405 54.9074 71.392
v -16.3075 54.7334 71.765
v -16.3093 54.7833 72.1948
v -16.4453 55.0379 72.517
v -16.6635 55.4 72.6087
v -16.8807 55.7313 72.4347
v -17.0137 55.9053 72.0616
v -18.3491 55.0318 71.7329
v -18.2045 54.7892 71.4052
v -17.9751 54.4361 71.3058
v -17.7487 54.1074 71.4726
v -17.6117 53.9285 71.8419
v -17.6164 53.968 72.2727
v -17.761 54.2105 72.6004
v -17.9903 54.5636 72.6999
v -18.2168 54.8924 72.5331
v -18.3538 55.0712 72.1637
v -19.6529 54.172 71.8088
v -19.5003 53.9418 71.4758
v -19.2604 53.5981 71.3686
v -19.0248 53.2722 71.5282
v -18.8836 53.0885 71.8935
v -18.8907 53.1172 72.3251
v -19.0433 53.3474 72.6581
v -19.2832 53.6911 72.7654
v -19.5187 54.017 72.6058
v -19.6599 54.2007 72.2405
v -20.9227 53.2788 71.8593
v -20.7628 53.0613 71.5212
v -20.5129 52.7274 71.4064
v -20.2685 52.4045 71.5586
v -20.1229 52.216 71.9197
v -20.1318 52.2338 72.3519
v -20.2917 52.4513 72.69
v -20.5416 52.7852 72.8049
v -20.786 53.1081 72.6527
v -20.9316 53.2966 72.2915
v -22.1583 52.3549 71.8842
v -21.9917 52.1505 71.5413
v -21.7324 51.8266 71.4188
v -21.4793 51.507 71.5636
v -21.3292 51.3137 71.9203
v -21.3394 51.3206 72.3528
v -21.506 51.525 72.6957
v -21.7653 51.8489 72.8182
v -22.0184 52.1685 72.6734
v -22.1685 52.3618 72.3167
v -23.3596 51.4032 71.8834
v -23.187 51.212 71.5358
v -22.9188 50.8984 71.4059
v -22.6573 50.5822 71.5432
v -22.5025 50.3842 71.8953
v -22.5135 50.3801 72.3278
v -22.686 50.5713 72.6754
v -22.9543 50.8849 72.8054
v -23.2157 51.201 72.668
v -23.3705 51.399 72.3159
v -24.5266 50.4262 71.857
v -24.3488 50.2483 71.505
v -24.0722 49.9453 71.3677
v -23.8027 49.6328 71.4975
v -23.643 49.4303 71.8448
v -23.6542 49.415 72.277
v -23.8321 49.5929 72.629
v -24.1086 49.896 72.7663
v -24.3782 50.2084 72.6365
v -24.5379 50.411 72.2892
v -25.6598 49.4267 71.8049
v -25.4773 49.2622 71.4488
v -25.193 48.9698 71.3043
v -24.9156 48.6612 71.4266
v -24.7509 48.4543 71.769
v -24.762 48.428 72.2007
v -24.9445 48.5924 72.5568
v -25.2287 48.8848 72.7013
v -25.5062 49.1934 72.579
v -25.6708 49.4004 72.2366
v -26.7595 48.407 71.7276
v -26.573 48.256 71.3677
v -26.2816 47.9744 71.2161
v -25.9966 47.6699 71.3309
v -25.8269 47.4586 71.6681
v -25.8372 47.4214 72.099
v -26.0237 47.5724 72.459
v -26.3151 47.854 72.6105
v -26.6001 48.1586 72.4958
v -26.7699 48.3698 72.1585
v -27.8265 47.3698 71.6254
v -27.6366 47.2321 71.2618
v -27.3386 46.9614 71.1034
v -27.0464 46.661 71.2107
v -26.8715 46.4457 71.5427
v -26.8807 46.3977 71.9726
v -27.0706 46.5353 72.3361
v -27.3686 46.806 72.4945
v -27.6608 47.1064 72.3872
v -27.8357 47.3218 72.0552
v -28.8615 46.3171 71.4986
v -28.6689 46.1927 71.1317
v -28.3649 45.9329 70.9667
v -28.0657 45.6368 71.0666
v -27.8856 45.4176 71.3932
v -27.8933 45.359 71.8217
v -28.0859 45.4834 72.1886
v -28.3899 45.7433 72.3536
v -28.6891 46.0394 72.2537
v -28.8692 46.2586 71.9271
v -29.8656 45.2514 71.3478
v -29.6707 45.14 70.978
v -29.3613 44.8909 70.8065
v -29.0555 44.5993 70.8991
v -28.8701 44.3764 71.2202
v -28.8759 44.3075 71.6473
v -29.0707 44.4188 72.0171
v -29.3801 44.6679 72.1885
v -29.686 44.9596 72.096
v -29.8714 45.1825 71.7749
v -30.8397 44.1745 71.1738
v -30.6433 44.0759 70.8012
v -30.3289 43.8375 70.6236
v -30.0168 43.5503 70.7089
v -29.8262 43.324 71.0245
v -29.8297 43.2451 71.4498
v -30.0262 43.3436 71.8225
v -30.3405 43.582 72
v -30.6526 43.8692 71.9147
v -30.8433 44.0955 71.5991
v -31.7852 43.0883 70.9772
v -31.5876 43.0022 70.6021
v -31.269 42.7743 70.4186
v -30.9509 42.4916 70.4968
v -30.755 42.2622 70.8068
v -30.756 42.1736 71.2303
v -30.9536 42.2596 71.6054
v -31.2723 42.4876 71.7889
v -31.5903 42.7702 71.7107
v -31.7862 42.9997 71.4006
v -32.7034 41.9945 70.7589
v -32.5051 41.9205 70.3815
v -32.1826 41.7029 70.1924
v -31.859 41.4248 70.2637
v -31.6579 41.1924 70.5682
v -31.6561 41.0945 70.9896
v -31.8543 41.1686 71.3669
v -32.1768 41.3862 71.5561
v -32.5005 41.6643 71.4848
v -32.7016 41.8967 71.1803
v -33.5956 40.8947 70.5198
v -33.3971 40.8324 70.1405
v -33.0712 40.6247 69.9459
v -32.7424 40.3511 70.0105
v -32.5361 40.1161 70.3095
v -32.5313 40.0094 70.7287
v -32.7298 40.0718 71.1081
v -33.0557 40.2795 71.3026
v -33.3845 40.553 71.238
v -33.5908 40.7881 70.939
v -34.4633 39.7903 70.261
v -34.2651 39.739 69.8799
v -33.9362 39.541 69.6802
v -33.6025 39.272 69.7383
v -33.3913 39.0346 70.0319
v -33.3832 38.9195 70.4488
v -33.5815 38.9708 70.8299
v -33.9103 39.1688 71.0296
v -34.244 39.4378 70.9715
v -34.4553 39.6752 70.678
v -35.3081 38.6822 69.9836
v -35.1104 38.6416 69.6009
v -34.7791 38.4529 69.3964
v -34.4408 38.1883 69.4482
v -34.2247 37.9488 69.7365
v -34.2133 37.8259 70.1511
v -34.411 37.8666 70.5338
v -34.7423 38.0553 70.7382
v -35.0806 38.3199 70.6865
v -35.2967 38.5594 70.3982
v -36.1315 37.5716 69.6887
v -35.9347 37.5409 69.3047
v -35.6013 37.3611 69.0956
v -35.2588 37.1008 69.1414
v -35.0379 36.8595 69.4245
v -35.023 36.7294 69.8368
v -35.2199 36.7601 70.2208
v -35.5532 36.9399 70.4299
v -35.8957 37.2001 70.3841
v -36.1166 37.4414 70.101
v -36.9351 36.4592 69.3778
v -36.7394 36.4378 68.9925
v -36.4044 36.2664 68.7791
v -36.058 36.0104 68.8191
v -35.8324 35.7676 69.0972
v -35.814 35.6307 69.5072
v -36.0096 35.652 69.8924
v -36.3447 35.8234 70.1058
v -36.6911 36.0794 70.0658
v -36.9166 36.3223 69.7877
v -37.7204 35.3454 69.0521
v -37.5262 35.3328 68.6657
v -37.1898 35.1693 68.4482
v -36.8398 34.9175 68.4827
v -36.6098 34.6734 68.756
v -36.5877 34.5303 69.1637
v -36.7819 34.5429 69.55
v -37.1183 34.7064 69.7675
v -37.4683 34.9583 69.733
v -37.6983 35.2023 69.4598
v -38.489 34.2307 68.713
v -38.2965 34.2262 68.3257
v -37.9591 34.0701 68.1043
v -37.6057 33.8223 68.1336
v -37.3714 33.5772 68.4022
v -37.3455 33.4286 68.8077
v -37.5381 33.4331 69.1951
v -37.8755 33.5891 69.4164
v -38.2288 33.837 69.3872
v -38.4632 34.0821 69.1185
v -39.2424 33.1153 68.3622
v -39.0518 33.1181 67.9739
v -38.7137 32.969 67.7488
v -38.3573 32.725 67.7731
v -38.1187 32.4792 68.0374
v -38.089 32.3256 68.4407
v -38.2796 32.3228 68.8291
v -38.6177 32.4719 69.0541
v -38.9741 32.7159 69.0298
v -39.2127 32.9617 68.7656
v -39.982 31.999 68.0012
v -39.7935 32.0085 67.6119
v -39.455 31.8659 67.3833
v -39.0958 31.6256 67.4028
v -38.853 31.3794 67.6629
v -38.8195 31.2215 68.0642
v -39.0079 31.212 68.4535
v -39.3464 31.3546 68.6821
v -39.7057 31.5949 68.6626
v -39.9484 31.841 68.4025
v -40.7091 30.8817 67.6315
v -40.5231 30.8972 67.2412
v -40.1844 30.7605 67.0093
v -39.8225 30.5239 67.0242
v -39.5757 30.2777 67.2803
v -39.5381 30.1159 67.6798
v -39.7242 30.1004 68.0701
v -40.0628 30.2371 68.302
v -40.4247 30.4737 68.2871
v -40.6716 30.7199 68.031
v -41.4251 29.7629 67.2549
v -41.2416 29.7838 66.8636
v -40.9031 29.6526 66.6283
v -40.5388 29.4196 66.6389
v -40.2879 29.1736 66.8912
v -40.2461 29.0086 67.289
v -40.4296 28.9877 67.6802
v -40.7681 29.1189 67.9155
v -41.1324 29.352 67.905
v -41.3834 29.598 67.6526
v -42.131 28.6421 66.873
v -41.9505 28.6678 66.4807
v -41.6123 28.5417 66.2421
v -41.2457 28.3121 66.2484
v -40.9906 28.0667 66.4971
v -40.9446 27.8992 66.8933
v -41.1251 27.8735 67.2856
v -41.4633 27.9995 67.5242
v -41.8299 28.2291 67.5179
v -42.0849 28.4746 67.2692
v -42.8279 27.5186 66.4877
v -42.6506 27.5484 66.0942
v -42.313 27.4271 65.8523
v -41.9442 27.201 65.8544
v -41.685 26.9564 66.0996
v -41.6343 26.7869 66.4944
v -41.8116 26.7571 66.8879
v -42.1492 26.8784 67.1298
v -42.518 27.1045 67.1277
v -42.7773 27.349 66.8824
v -43.5166 26.3914 66.1006
v -43.3428 26.4249 65.7058
v -43.0062 26.308 65.4605
v -42.6352 26.0854 65.4585
v -42.3717 25.8421 65.7004
v -42.3162 25.6711 66.0939
v -42.49 25.6376 66.4886
v -42.8266 25.7545 66.7339
v -43.1976 25.9771 66.736
v -43.4611 26.2204 66.4941
v -44.1978 25.2597 65.7136
v -44.028 25.2963 65.3174
v -43.6925 25.1835 65.0686
v -43.3195 24.9645 65.0623
v -43.0514 24.7228 65.3009
v -42.9907 24.5509 65.6933
v -43.1606 24.5143 66.0895
v -43.4961 24.6271 66.3382
v -43.8691 24.8461 66.3445
v -44.1372 25.0878 66.1059
v -44.8722 24.1224 65.3283
v -44.7066 24.1616 64.9306
v -44.3725 24.0527 64.6782
v -43.9975 23.8373 64.6677
v -43.7247 23.5977 64.903
v -43.6585 23.4254 65.2942
v -43.824 23.3862 65.692
v -44.1581 23.495 65.9443
v -44.5332 23.7104 65.9549
v -44.8059 23.9501 65.7196
v -45.5399 22.9782 64.9467
v -45.3791 23.0196 64.5472
v -45.0467 22.9145 64.2911
v -44.6696 22.7029 64.2761
v -44.3919 22.4657 64.5081
v -44.3197 22.2936 64.8984
v -44.4805 22.2521 65.2978
v -44.8129 22.3573 65.554
v -45.19 22.5688 65.5689
v -45.4677 22.806 65.3369
v -46.2012 21.826 64.5703
v -46.0456 21.8692 64.169
v -45.7152 21.7677 63.9089
v -45.3361 21.5601 63.8894
v -45.0532 21.3258 64.118
v -44.9745 21.1543 64.5073
v -45.1301 21.1111 64.9086
v -45.4606 21.2126 65.1687
v -45.8397 21.4202 65.1882
v -46.1226 21.6545 64.9596
v -46.8561 20.6645 64.201
v -46.7062 20.7091 63.7976
v -46.378 20.6111 63.5334
v -45.9969 20.4078 63.5091
v -45.7085 20.1768 63.7341
v -45.6229 20.0065 64.1225
v -45.7728 19.9618 64.5258
v -46.101 20.0599 64.7901
v -46.4821 20.2632 64.8144
v -46.7705 20.4941 64.5893
v -47.5043 19.4923 63.8403
v -47.3606 19.5381 63.4348
v -47.035 19.4435 63.1662
v -46.6518 19.2447 63.1369
v -46.3576 19.0176 63.3583
v -46.2646 18.8489 63.7457
v -46.4083 18.8032 64.1511
v -46.7339 18.8978 64.4198
v -47.1171 19.0966 64.449
v -47.4113 19.3237 64.2277
v -48.1454 18.3083 63.4899
v -48.0083 18.3548 63.0822
v -47.6856 18.2636 62.8089
v -47.3005 18.0696 62.7744
v -47.0001 17.8468 62.9919
v -46.8991 17.6804 63.3783
v -47.0362 17.6339 63.786
v -47.359 17.7251 64.0592
v -47.7441 17.9191 64.0937
v -48.0445 18.1419 63.8762
v -48.7788 17.1111 63.1513
v -48.6489 17.158 62.7413
v -48.3293 17.0702 62.4632
v -47.9422 16.8813 62.4232
v -47.6353 16.6634 62.6366
v -47.526 16.4997 63.0219
v -47.656 16.4528 63.4319
v -47.9755 16.5406 63.7099
v -48.3627 16.7295 63.7499
v -48.6695 16.9474 63.5365
v -49.4036 15.8995 62.826
v -49.2813 15.9464 62.4137
v -48.9652 15.862 62.1306
v -48.5761 15.6785 62.0848
v -48.2626 15.466 62.2939
v -48.1444 15.3056 62.678
v -48.2667 15.2587 63.0903
v -48.5828 15.3431 63.3734
v -48.9719 15.5266 63.4191
v -49.2854 15.7391 63.21
v -50.0187 14.6723 62.5155
v -49.9045 14.7189 62.1008
v -49.5922 14.6379 61.8126
v -49.2012 14.4602 61.7608
v -48.8808 14.2536 61.9653
v -48.7534 14.097 62.3479
v -48.8676 14.0504 62.7626
v -49.1799 14.1314 63.0508
v -49.5709 14.3091 63.1026
v -49.8913 14.5157 62.8981
v -50.6231 13.4283 62.221
v -50.5173 13.4743 61.8041
v -50.2092 13.3967 61.5105
v -49.8164 13.225 61.4524
v -49.4889 13.0249 61.6521
v -49.3518 12.8728 62.0332
v -49.4575 12.8267 62.4502
v -49.7657 12.9044 62.7437
v -50.1585 13.076 62.8018
v -50.486 13.2762 62.6021
v -51.2152 12.1666 61.944
v -51.1183 12.2116 61.5248
v -50.8146 12.1373 61.2258
v -50.42 11.9721 61.1612
v -50.0853 11.779 61.3557
v -49.9383 11.6318 61.7351
v -50.0351 11.5868 62.1543
v -50.3388 11.6611 62.4533
v -50.7334 11.8263 62.5179
v -51.0681 12.0194 62.3233
v -51.7935 10.8861 61.6855
v -51.7059 10.9298 61.2641
v -51.4069 10.8588 60.9596
v -51.0107 10.7003 60.8883
v -50.6687 10.5148 61.0775
v -50.5114 10.3732 61.4548
v -50.599 10.3296 61.8762
v -50.898 10.4006 62.1807
v -51.2942 10.5591 62.252
v -51.6362 10.7445 62.0629
v -52.3563 9.58619 61.4468
v -52.2782 9.62804 61.0233
v -51.9842 9.56032 60.7133
v -51.5865 9.40888 60.6351
v -51.2372 9.23158 60.8185
v -51.0695 9.09614 61.1937
v -51.1476 9.05429 61.6171
v -51.4416 9.12201 61.9272
v -51.8393 9.27345 62.0054
v -52.1886 9.45075 61.8219
v -52.9017 8.26606 61.2287
v -52.8334 8.3057 60.8034
v -52.5446 8.24116 60.4878
v -52.1457 8.09708 60.4025
v -51.789 7.92851 60.5801
v -51.6108 7.79982 60.9527
v -51.6792 7.76018 61.378
v -51.968 7.82472 61.6936
v -52.3669 7.9688 61.7789
v -52.7235 8.13737 61.6014
v -53.4278 6.9252 61.0324
v -53.3693 6.9622 60.6053
v -53.086 6.90075 60.2842
v -52.686 6.76431 60.1916
v -52.3222 6.60501 60.363
v -52.1334 6.48369 60.7329
v -52.1918 6.44668 61.16
v -52.4751 6.50814 61.4811
v -52.8751 6.64457 61.5736
v -53.239 6.80387 61.4022
v -53.9323 5.56322 60.8585
v -53.8839 5.59714 60.4299
v -53.6063 5.53867 60.1033
v -53.2055 5.41014 60.0035
v -52.8345 5.26065 60.1685
v -52.6352 5.1473 60.5353
v -52.6836 5.11338 60.9639
v -52.9612 5.17185 61.2905
v -53.362 5.30038 61.3903
v -53.733 5.44987 61.2253
v -54.4131 4.17993 60.7079
v -54.3748 4.21031 60.278
v -54.1031 4.15469 59.9461
v -53.7016 4.03431 59.8388
v -53.3238 3.89515 59.9971
v -53.114 3.79037 60.3607
v -53.1523 3.75999 60.7905
v -53.4241 3.81561 61.1225
v -53.8256 3.93599 61.2298
v -54.2033 4.07515 61.0714
v -54.868 2.77528 60.5812
v -54.8397 2.80166 60.1503
v -54.574 2.74874 59.8131
v -54.1722 2.63673 59.6983
v -53.7878 2.50842 59.8498
v -53.5677 2.4128 60.2098
v -53.5959 2.38642 60.6407
v -53.8617 2.43934 60.9779
v -54.2635 2.55135 61.0927
v -54.6479 2.67966 60.9412
v -55.2944 1.34941 60.479
v -55.2762 1.37134 60.0473
v -55.0166 1.32097 59.7049
v -54.6147 1.21753 59.5826
v -54.224 1.10054 59.7271
v -53.9939 1.01468 60.0832
v -54.0121 0.992753 60.5149
v -54.2717 1.04313 60.8573
v -54.6736 1.14657 60.9796
v -55.0642 1.26356 60.8351
v -55.69 -0.0973179 60.4017
v -55.6817 -0.0803021 59.9695
v -55.4283 -0.128304 59.6221
v -55.0266 -0.222988 59.4923
v -54.6301 -0.328188 59.6296
v -54.3901 -0.403722 59.9816
v -54.3985 -0.420738 60.4138
v -54.6519 -0.372736 60.7612
v -55.0535 -0.278052 60.891
v -55.4501 -0.172852 60.7537
v -56.0524 -1.56438 60.3496
v -56.0537 -1.55273 59.9172
v -55.8066 -1.59854 59.565
v -55.4054 -1.68431 59.4277
v -55.0034 -1.77728 59.5577
v -54.7541 -1.84194 59.9053
v -54.7527 -1.85359 60.3377
v -54.9998 -1.80778 60.6899
v -55.401 -1.72201 60.8272
v -55.803 -1.62904 60.6972
v -56.379 -3.05104 60.3231
v -56.3898 -3.04519 59.8906
v -56.149 -3.08899 59.5339
v -55.7486 -3.16571 59.3891
v -55.3416 -3.24604 59.5116
v -55.0833 -3.2993 59.8546
v -55.0725 -3.30514 60.287
v -55.3133 -3.26134 60.6438
v -55.7137 -3.18463 60.7885
v -56.1207 -3.1043 60.6661
v -56.6675 -4.55635 60.3222
v -56.6874 -4.55674 59.89
v -56.453 -4.59872 59.5289
v -56.0537 -4.66626 59.3767
v -55.642 -4.73356 59.4916
v -55.3753 -4.77492 59.8297
v -55.3554 -4.77453 60.2618
v -55.5898 -4.73255 60.623
v -55.9891 -4.66501 60.7752
v -56.4007 -4.59771 60.6603
v -56.9153 -6.07918 60.347
v -56.944 -6.08621 59.9154
v -56.7159 -6.12656 59.55
v -56.318 -6.18482 59.3905
v -55.9024 -6.23874 59.4977
v -55.6277 -6.26772 59.8307
v -55.599 -6.2607 60.2623
v -55.8271 -6.22035 60.6277
v -56.225 -6.16209 60.7872
v -56.6407 -6.10817 60.68
v -57.1202 -7.61819 60.3973
v -57.1573 -7.63223 59.9665
v -56.9354 -7.67113 59.5972
v -56.5392 -7.72003 59.4304
v -56.1201 -7.76025 59.5299
v -55.8381 -7.77642 59.8576
v -55.801 -7.76238 60.2884
v -56.0229 -7.72348 60.6577
v -56.4191 -7.67458 60.8245
v -56.8382 -7.63436 60.725
v -57.2797 -9.17184 60.4731
v -57.3248 -9.19326 60.0434
v -57.1091 -9.23089 59.6703
v -56.7149 -9.27035 59.4963
v -56.2929 -9.29656 59.588
v -56.0043 -9.29953 59.9102
v -55.9592 -9.27811 60.3399
v -56.175 -9.24048 60.713
v -56.5691 -9.20102 60.887
v -56.9911 -9.1748 60.7953
v -57.3918 -10.7384 60.5739
v -57.4443 -10.7675 60.1455
v -57.2346 -10.804 59.7689
v -56.8428 -10.834 59.5879
v -56.4185 -10.846 59.6717
v -56.1239 -10.8354 59.9883
v -56.0713 -10.8062 60.4167
v -56.281 -10.7697 60.7933
v -56.6728 -10.7397 60.9743
v -57.0971 -10.7278 60.8905
v -57.4541 -12.3159 60.6995
v -57.5136 -12.3531 60.2726
v -57.3098 -12.3887 59.8926
v -56.9206 -12.4091 59.7047
v -56.4948 -12.4066 59.7807
v -56.1948 -12.3821 60.0915
v -56.1353 -12.3449 60.5184
v -56.3391 -12.3093 60.8983
v -56.7283 -12.2889 61.0862
v -57.1542 -12.2914 61.0103
v -57.4648 -13.9024 60.8493
v -57.5306 -13.9478 60.4241
v -57.3326 -13.9826 60.041
v -56.9464 -13.9934 59.8463
v -56.5195 -13.9762 59.9144
v -56.215 -13.9375 60.2193
v -56.1492 -13.8922 60.6445
v -56.3472 -13.8574 61.0275
v -56.7334 -13.8465 61.2222
v -57.1603 -13.8637 61.1541
v -57.4219 -15.4955 61.0226
v -57.4935 -15.5494 60.5994
v -57.3011 -15.5835 60.2134
v -56.9182 -15.5848 60.0121
v -56.491 -15.5527 60.0724
v -56.1827 -15.4996 60.3712
v -56.1111 -15.4457 60.7944
v -56.3035 -15.4117 61.1804
v -56.6864 -15.4104 61.3817
v -57.1136 -15.4424 61.3214
v -57.3237 -17.0929 61.2188
v -57.4005 -17.1554 60.7977
v -57.2136 -17.1889 60.409
v -56.8342 -17.1806 60.2012
v -56.4073 -17.1336 60.2537
v -56.0961 -17.0659 60.5464
v -56.0192 -17.0033 60.9676
v -56.2062 -16.9698 61.3562
v -56.5856 -16.9782 61.564
v -57.0124 -17.0252 61.5116
v -57.1687 -18.6919 61.4372
v -57.2501 -18.7633 61.0183
v -57.0683 -18.7963 60.6271
v -56.6928 -18.7783 60.413
v -56.267 -18.7163 60.4577
v -55.9536 -18.6338 60.7443
v -55.8721 -18.5625 61.1631
v -56.0539 -18.5294 61.5543
v -56.4294 -18.5474 61.7684
v -56.8552 -18.6094 61.7237
v -56.9554 -20.2899 61.6766
v -57.0408 -20.3702 61.2602
v -56.864 -20.4028 60.8667
v -56.4927 -20.3753 60.6464
v -56.0686 -20.2981 60.6835
v -55.7538 -20.2008 60.9638
v -55.6685 -20.1205 61.3803
v -55.8452 -20.0879 61.7738
v -56.2165 -20.1154 61.9941
v -56.6406 -20.1926 61.957
v -56.6828 -21.8842 61.9363
v -56.7714 -21.9734 61.5224
v -56.5994 -22.0056 61.1267
v -56.2326 -21.9685 60.9004
v -55.811 -21.8762 60.93
v -55.4956 -21.7639 61.2041
v -55.407 -21.6747 61.618
v -55.5789 -21.6425 62.0137
v -55.9458 -21.6796 62.2399
v -56.3674 -21.7719 62.2104
v -56.3497 -23.4717 62.2151
v -56.441 -23.5699 61.8038
v -56.2736 -23.6018 61.4061
v -55.9115 -23.5551 61.174
v -55.493 -23.4476 61.1961
v -55.178 -23.3205 61.464
v -55.0868 -23.2222 61.8753
v -55.2541 -23.1904 62.2729
v -55.6162 -23.2371 62.5051
v -56.0347 -23.3446 62.483
v -55.9556 -25.0495 62.5118
v -56.0488 -25.1568 62.1032
v -55.8858 -25.1882 61.7037
v -55.5287 -25.1319 61.4659
v -55.1141 -25.0094 61.4807
v -54.8002 -24.8674 61.7424
v -54.707 -24.7602 62.151
v -54.87 -24.7287 62.5505
v -55.227 -24.785 62.7883
v -55.6417 -24.9075 62.7735
v -55.4997 -26.6147 62.8253
v -55.5942 -26.7308 62.4194
v -55.4353 -26.7619 62.0182
v -55.0837 -26.696 61.775
v -54.6736 -26.5584 61.7826
v -54.3617 -26.4017 62.0381
v -54.2672 -26.2855 62.444
v -54.4261 -26.2545 62.8452
v -54.7777 -26.3203 63.0884
v -55.1878 -26.4579 63.0808
v -54.9818 -28.164 63.1541
v -55.077 -28.2889 62.751
v -54.9221 -28.3195 62.3483
v -54.5761 -28.2442 62.0997
v -54.1712 -28.0917 62.1003
v -53.8622 -27.9202 62.3498
v -53.7669 -27.7953 62.7529
v -53.9219 -27.7647 63.1557
v -54.2679 -27.8401 63.4042
v -54.6728 -27.9926 63.4036
v -54.4019 -29.6945 63.497
v -54.4971 -29.828 63.0967
v -54.3459 -29.858 62.6925
v -54.0058 -29.7732 62.4388
v -53.6069 -29.6059 62.4326
v -53.3015 -29.42 62.6762
v -53.2062 -29.2865 63.0765
v -53.3575 -29.2564 63.4807
v -53.6976 -29.3413 63.7343
v -54.0965 -29.5086 63.7406
v -53.76 -31.2029 63.8525
v -53.8547 -31.3448 63.4549
v -53.7069 -31.3742 63.0494
v -53.3731 -31.2799 62.7908
v -52.9808 -31.098 62.7779
v -52.6799 -30.8978 63.0157
v -52.5852 -30.756 63.4133
v -52.733 -30.7265 63.8188
v -53.0668 -30.8208 64.0774
v -53.4591 -31.0028 64.0903
v -53.0566 -32.6863 64.2191
v -53.1501 -32.8363 63.8242
v -53.0056 -32.8649 63.4174
v -52.6784 -32.7612 63.1541
v -52.2934 -32.5648 63.1348
v -51.9977 -32.3507 63.3669
v -51.9043 -32.2007 63.7618
v -52.0487 -32.172 64.1686
v -52.3759 -32.2757 64.4319
v -52.7609 -32.4722 64.4512
v -52.2923 -34.1414 64.5952
v -52.384 -34.2993 64.203
v -52.2427 -34.327 63.795
v -51.9224 -34.2139 63.5271
v -51.5454 -34.0032 63.5017
v -51.2557 -33.7755 63.7283
v -51.164 -33.6176 64.1205
v -51.3053 -33.5899 64.5285
v -51.6256 -33.703 64.7964
v -52.0026 -33.9137 64.8218
v -51.468 -35.5654 64.9793
v -51.5573 -35.7308 64.5896
v -51.419 -35.7574 64.1806
v -51.1059 -35.6349 63.9083
v -50.7375 -35.4103 63.8769
v -50.4546 -35.1692 64.0983
v -50.3652 -35.0038 64.488
v -50.5035 -34.9773 64.897
v -50.8167 -35.0997 65.1693
v -51.1851 -35.3244 65.2007
v -50.5847 -36.9553 65.3697
v -50.6712 -37.1278 64.9825
v -50.5358 -37.153 64.5724
v -50.2301 -37.0213 64.296
v -49.871 -36.7829 64.259
v -49.5956 -36.5289 64.4753
v -49.5091 -36.3564 64.8625
v -49.6445 -36.3312 65.2726
v -49.9502 -36.463 65.549
v -50.3093 -36.7014 65.5861
v -49.6438 -38.3082 65.7648
v -49.727 -38.4875 65.38
v -49.5943 -38.5111 64.9689
v -49.2965 -38.3701 64.6886
v -48.9473 -38.1183 64.6461
v -48.68 -37.8519 64.8577
v -48.5969 -37.6726 65.2426
v -48.7296 -37.649 65.6537
v -49.0274 -37.79 65.934
v -49.3766 -38.0418 65.9765
v -48.6469 -39.6214 66.163
v -48.7263 -39.807 65.7803
v -48.5963 -39.8288 65.3683
v -48.3066 -39.6785 65.0842
v -47.9678 -39.4136 65.0367
v -47.7095 -39.1353 65.2438
v -47.6301 -38.9497 65.6265
v -47.7601 -38.9279 66.0386
v -48.0498 -39.0782 66.3226
v -48.3885 -39.3431 66.3701
v -47.5956 -40.8923 66.5625
v -47.6708 -41.0837 66.1818
v -47.5434 -41.1034 65.7688
v -47.2622 -40.944 65.4813
v -46.9346 -40.6663 65.429
v -46.6856 -40.3765 65.632
v -46.6105 -40.1852 66.0126
v -46.7379 -40.1655 66.4256
v -47.0191 -40.3249 66.7132
v -47.3467 -40.6025 66.7654
v -46.492 -42.1185 66.9616
v -46.5625 -42.3151 66.5827
v -46.4378 -42.3324 66.1688
v -46.1654 -42.1639 65.878
v -45.8494 -41.8739 65.8213
v -45.6105 -41.5732 66.0205
v -45.54 -41.3766 66.3993
v -45.6647 -41.3592 66.8132
v -45.9371 -41.5277 67.104
v -46.2531 -41.8178 67.1607
v -45.3381 -43.2976 67.3586
v -45.4037 -43.4989 66.9814
v -45.2816 -43.5136 66.5666
v -45.0184 -43.336 66.2727
v -44.7146 -43.034 66.212
v -44.4863 -42.723 66.4077
v -44.4207 -42.5216 66.7849
v -44.5428 -42.507 67.1997
v -44.806 -42.6845 67.4936
v -45.1098 -42.9865 67.5543
v -44.1362 -44.4274 67.7519
v -44.1967 -44.6329 67.376
v -44.0773 -44.6446 66.9604
v -43.8236 -44.4581 66.6637
v -43.5325 -44.1445 66.5994
v -43.3153 -43.8238 66.7919
v -43.2548 -43.6183 67.1678
v -43.3742 -43.6066 67.5834
v -43.6279 -43.7931 67.8801
v -43.919 -44.1067 67.9445
v -42.8889 -45.5062 68.1398
v -42.944 -45.7152 67.765
v -42.8273 -45.7236 67.3485
v -42.5835 -45.5281 67.0493
v -42.3057 -45.2035 66.9817
v -42.0999 -44.8736 67.1715
v -42.0448 -44.6646 67.5463
v -42.1615 -44.6562 67.9628
v -42.4053 -44.8517 68.262
v -42.6831 -45.1763 68.3296
v -41.5987 -46.532 68.5205
v -41.6482 -46.7439 68.1466
v -41.5345 -46.7487 67.7292
v -41.3009 -46.5444 67.4278
v -41.0367 -46.2091 67.3574
v -40.8428 -45.8709 67.5449
v -40.7933 -45.6589 67.9188
v -40.907 -45.6542 68.3362
v -41.1406 -45.8585 68.6376
v -41.4048 -46.1937 68.708
v -40.2683 -47.5033 68.8925
v -40.3122 -47.7176 68.5192
v -40.2015 -47.7184 68.101
v -39.9786 -47.5054 67.7975
v -39.7285 -47.16 67.7248
v -39.5468 -46.8141 67.9105
v -39.5029 -46.5998 68.2837
v -39.6136 -46.599 68.7019
v -39.8365 -46.812 69.0054
v -40.0866 -47.1574 69.0782
v -38.9006 -48.4189 69.2541
v -38.9388 -48.6349 68.8812
v -38.8315 -48.6314 68.4621
v -38.6195 -48.4098 68.157
v -38.3839 -48.0547 68.0823
v -38.2147 -47.7018 68.2666
v -38.1764 -47.4858 68.6395
v -38.2838 -47.4893 69.0586
v -38.4958 -47.7109 69.3638
v -38.7314 -48.066 69.4384
v -37.4986 -49.2776 69.6039
v -37.5311 -49.4946 69.231
v -37.4273 -49.4865 68.8111
v -37.2267 -49.2564 68.5046
v -37.0059 -48.8922 68.4285
v -36.8494 -48.533 68.6119
v -36.8168 -48.3161 68.9847
v -36.9206 -48.3242 69.4046
v -37.1212 -48.5543 69.7112
v -37.342 -48.9185 69.7873
v -36.0651 -50.0786 69.9402
v -36.0922 -50.2959 69.5671
v -35.9922 -50.2829 69.1464
v -35.8033 -50.0445 68.8388
v -35.5977 -49.6717 68.7618
v -35.4539 -49.307 68.9447
v -35.4268 -49.0896 69.3178
v -35.5268 -49.1027 69.7385
v -35.7157 -49.3411 70.0461
v -35.9213 -49.7139 70.1232
v -34.6034 -50.8211 70.2617
v -34.6251 -51.0382 69.8881
v -34.5292 -51.0199 69.4666
v -34.3524 -50.7733 69.1583
v -34.1622 -50.3926 69.0808
v -34.0312 -50.0231 69.2638
v -34.0095 -49.806 69.6374
v -34.1054 -49.8243 70.0589
v -34.2822 -50.0709 70.3672
v -34.4724 -50.4516 70.4447
v -33.1164 -51.5048 70.5669
v -33.133 -51.721 70.1925
v -33.0416 -51.6972 69.7703
v -32.8772 -51.4426 69.4616
v -32.7026 -51.0544 69.3842
v -32.5845 -50.6809 69.5678
v -32.568 -50.4648 69.9422
v -32.6593 -50.4885 70.3644
v -32.8237 -50.7431 70.6731
v -32.9983 -51.1313 70.7505
v -31.6073 -52.1296 70.8545
v -31.619 -52.3442 70.4791
v -31.5326 -52.3147 70.0562
v -31.381 -52.0523 69.7474
v -31.2222 -51.6572 69.6707
v -31.1168 -51.2805 69.8553
v -31.1051 -51.0658 70.2308
v -31.1915 -51.0954 70.6536
v -31.3431 -51.3577 70.9624
v -31.5019 -51.7528 71.0391
v -30.0792 -52.6953 71.1233
v -30.0865 -52.9078 70.7465
v -30.0054 -52.8723 70.3231
v -29.8669 -52.6024 70.0146
v -29.724 -52.2011 69.9391
v -29.6311 -51.8218 70.1252
v -29.6239 -51.6093 70.502
v -29.7049 -51.6448 70.9255
v -29.8434 -51.9147 71.2339
v -29.9864 -52.316 71.3095
v -28.5352 -53.2024 71.3721
v -28.5384 -53.4122 70.9937
v -28.4631 -53.3705 70.5698
v -28.3381 -53.0933 70.2621
v -28.211 -52.6864 70.1882
v -28.1305 -52.3053 70.3764
v -28.1273 -52.0955 70.7547
v -28.2026 -52.1371 71.1787
v -28.3276 -52.4144 71.4864
v -28.4547 -52.8212 71.5602
v -26.9783 -53.6513 71.5997
v -26.978 -53.8579 71.2196
v -26.909 -53.8099 70.7953
v -26.7976 -53.5257 70.4887
v -26.6865 -53.1137 70.4171
v -26.6179 -52.7315 70.6077
v -26.6182 -52.5249 70.9878
v -26.6872 -52.5729 71.4122
v -26.7986 -52.8571 71.7188
v -26.9098 -53.269 71.7904
v -25.4115 -54.0427 71.8053
v -25.4082 -54.2456 71.4232
v -25.346 -54.1912 70.9986
v -25.2485 -53.9003 70.6936
v -25.1531 -53.484 70.6247
v -25.0962 -53.1013 70.8183
v -25.0995 -52.8984 71.2004
v -25.1618 -52.9528 71.625
v -25.2592 -53.2437 71.93
v -25.3546 -53.66 71.9989
v -23.8377 -54.3776 71.9879
v -23.832 -54.5764 71.6037
v -23.777 -54.5155 71.1789
v -23.6938 -54.2182 70.8759
v -23.614 -53.7981 70.8102
v -23.5682 -53.4156 71.0072
v -23.5739 -53.2168 71.3914
v -23.6289 -53.2777 71.8162
v -23.7122 -53.575 72.1192
v -23.7919 -53.9951 72.1848
v -22.2598 -54.6571 72.1468
v -22.2523 -54.8513 71.7603
v -22.2051 -54.784 71.3355
v -22.1361 -54.4807 71.0348
v -22.0717 -54.0574 70.9729
v -22.0365 -53.6757 71.1736
v -22.044 -53.4815 71.5601
v -22.0913 -53.5488 71.9848
v -22.1602 -53.8521 72.2855
v -22.2246 -54.2754 72.3474
v -20.6804 -54.8825 72.2811
v -20.6718 -55.0719 71.8923
v -20.6328 -54.9981 71.4678
v -20.5782 -54.6892 71.1698
v -20.5289 -54.2633 71.1121
v -20.5038 -53.883 71.3168
v -20.5123 -53.6936 71.7057
v -20.5514 -53.7674 72.1301
v -20.6059 -54.0762 72.4281
v -20.6552 -54.5022 72.4858
v -19.1021 -55.0553 72.3904
v -19.0931 -55.2396 71.9991
v -19.0628 -55.1595 71.5751
v -19.0226 -54.8454 71.2802
v -18.9881 -54.4175 71.2272
v -18.9723 -54.039 71.4362
v -18.9813 -53.8547 71.8275
v -19.0116 -53.9348 72.2516
v -19.0518 -54.2489 72.5464
v -19.0863 -54.6768 72.5995
v -17.5274 -55.1771 72.4742
v -17.5187 -55.3562 72.0805
v -17.4974 -55.2699 71.6571
v -17.4718 -54.9511 71.3658
v -17.4515 -54.5216 71.3177
v -17.4444 -54.1455 71.5314
v -17.4531 -53.9664 71.9251
v -17.4743 -54.0527 72.3485
v -17.5 -54.3715 72.6398
v -17.5203 -54.801 72.6879
v -15.9585 -55.2498 72.5322
v -15.9508 -55.4236 72.1361
v -15.939 -55.3313 71.7136
v -15.9277 -55.0082 71.4261
v -15.9213 -54.5777 71.3834
v -15.9221 -54.2043 71.6018
v -15.9298 -54.0306 71.9979
v -15.9416 -54.1228 72.4204
v -15.9529 -54.4459 72.7079
v -15.9593 -54.8764 72.7506
v -14.3977 -55.2753 72.564
v -14.3915 -55.4437 72.1656
v -14.3896 -55.3457 71.7442
v -14.3926 -55.0188 71.4609
v -14.3993 -54.5878 71.4238
v -14.4073 -54.2174 71.6472
v -14.4134 -54.049 72.0457
v -14.4154 -54.147 72.467
v -14.4124 -54.4739 72.7504
v -14.4056 -54.9049 72.7874
v -12.8467 -55.2557 72.5697
v -12.8429 -55.4187 72.169
v -12.8511 -55.3153 71.749
v -12.8681 -54.985 71.4701
v -12.8875 -54.5539 71.4389
v -12.9018 -54.1868 71.6673
v -12.9057 -54.0238 72.068
v -12.8975 -54.1272 72.488
v -12.8805 -54.4575 72.7669
v -12.8611 -54.8886 72.7981
v -11.3074 -55.1932 72.5492
v -11.3065 -55.3509 72.1463
v -11.325 -55.2424 71.7279
v -11.3558 -54.9092 71.4538
v -11.3872 -54.4784 71.4286
v -11.4072 -54.1147 71.6621
v -11.4081 -53.957 72.0649
v -11.3896 -54.0655 72.4833
v -11.3588 -54.3987 72.7574
v -11.3274 -54.8295 72.7826
v -9.78141 -55.0899 72.5026
v -9.784 -55.2425 72.0978
v -9.81295 -55.1294 71.6812
v -9.85721 -54.7936 71.412
v -9.89988 -54.3635 71.393
v -9.92466 -54.0034 71.6314
v -9.92208 -53.8507 72.0362
v -9.89312 -53.9639 72.4528
v -9.84886 -54.2997 72.722
v -9.80619 -54.7298 72.741
v -8.26997 -54.9482 72.4301
v -8.27656 -55.096 72.0236
v -8.31606 -54.9785 71.6091
v -8.37339 -54.6407 71.345
v -8.42665 -54.2115 71.3321
v -8.45549 -53.855 71.5755
v -8.44889 -53.7073 71.9821
v -8.40939 -53.8247 72.3965
v -8.35206 -54.1626 72.6606
v -8.29881 -54.5917 72.6735
v -6.77427 -54.7705 72.3322
v -6.78532 -54.9136 71.9241
v -6.83538 -54.7923 71.5119
v -6.90532 -54.4528 71.253
v -6.96844 -54.0248 71.2463
v -7.00061 -53.6719 71.4945
v -6.98956 -53.5288 71.9026
v -6.9395 -53.6502 72.3148
v -6.86956 -53.9897 72.5737
v -6.80644 -54.4176 72.5803
v -5.29525 -54.5591 72.2093
v -5.31115 -54.6979 71.7998
v -5.37169 -54.5731 71.39
v -5.45375 -54.2323 71.1365
v -5.52599 -53.8058 71.1359
v -5.5608 -53.4564 71.3886
v -5.54491 -53.3176 71.7981
v -5.48436 -53.4424 72.2079
v -5.4023 -53.7832 72.4615
v -5.33007 -54.2097 72.462
v -3.83364 -54.3165 72.0619
v -3.85469 -54.4513 71.6513
v -3.92557 -54.3234 71.2442
v -4.01921 -53.9817 70.9959
v -4.09984 -53.5567 71.0013
v -4.13666 -53.2107 71.2585
v -4.11561 -53.0759 71.669
v -4.04473 -53.2038 72.0762
v -3.95109 -53.5455 72.3244
v -3.87046 -53.9705 72.319
v -2.38996 -54.0449 71.8907
v -2.41639 -54.176 71.4793
v -2.49739 -54.0455 71.0748
v -2.60203 -53.7032 70.8319
v -2.69033 -53.2799 70.8431
v -2.72857 -52.9371 71.1044
v -2.70214 -52.806 71.5158
v -2.62114 -52.9365 71.9202
v -2.5165 -53.2788 72.1632
v -2.42819 -53.7021 72.1519
v -0.964515 -53.7466 71.6965
v -0.996477 -53.8745 71.2845
v -1.08732 -53.7418 70.8829
v -1.20236 -53.3992 70.6451
v -1.29764 -52.9775 70.662
v -1.33677 -52.6379 70.9271
v -1.30481 -52.51 71.3391
v -1.21396 -52.6427 71.7407
v -1.09893 -52.9853 71.9785
v -1.00365 -53.407 71.9616
v 0.442571 -53.4241 71.4802
v 0.405009 -53.549 71.0677
v 0.304664 -53.4144 70.669
v 0.179864 -53.0717 70.4363
v 0.0782787 -52.6518 70.4586
v 0.03871 -52.315 70.7273
v 0.0762719 -52.1901 71.1397
v 0.176617 -52.3246 71.5385
v 0.301417 -52.6673 71.7711
v 0.403002 -53.0873 71.7489
v 1.83138 -53.0793 71.2427
v 1.78823 -53.2017 70.83
v 1.67878 -53.0656 70.4342
v 1.54486 -52.723 70.2065
v 1.4376 -52.3048 70.2338
v 1.39798 -51.9707 70.5057
v 1.44113 -51.8483 70.9184
v 1.55058 -51.9844 71.3142
v 1.6845 -52.3269 71.542
v 1.79176 -52.7452 71.5147
v 3.20217 -52.7145 70.9851
v 3.15351 -52.8346 70.5723
v 3.03542 -52.6974 70.1794
v 2.89301 -52.3551 69.9564
v 2.78067 -51.9385 69.9885
v 2.74132 -51.6068 70.2634
v 2.78999 -51.4866 70.6762
v 2.90807 -51.6239 71.0691
v 3.05048 -51.9662 71.2921
v 3.16282 -52.3827 71.26
v 4.55537 -52.3315 70.7084
v 4.50135 -52.4498 70.2958
v 4.37511 -52.3116 69.9057
v 4.22486 -51.9697 69.6873
v 4.108 -51.5548 69.7238
v 4.06916 -51.2253 70.0014
v 4.12318 -51.107 70.414
v 4.24942 -51.2452 70.8041
v 4.39967 -51.587 71.0226
v 4.51653 -52.002 70.986
v 5.89157 -51.9323 70.4139
v 5.83242 -52.0489 70.0015
v 5.69855 -51.91 69.6143
v 5.5411 -51.5687 69.4001
v 5.42021 -51.1553 69.4407
v 5.38206 -50.8278 69.7207
v 5.44121 -50.7111 70.1331
v 5.57508 -50.85 70.5204
v 5.73253 -51.1913 70.7346
v 5.85342 -51.6047 70.6939
v 7.21151 -51.5184 70.1028
v 7.14749 -51.6337 69.6908
v 7.00656 -51.4944 69.3062
v 6.84253 -51.1537 69.096
v 6.71806 -50.7417 69.1405
v 6.68069 -50.4159 69.4226
v 6.74471 -50.3006 69.8347
v 6.88564 -50.44 70.2193
v 7.04967 -50.7807 70.4294
v 7.17414 -51.1926 70.385
v 8.51603 -51.0916 69.7765
v 8.4475 -51.2057 69.3649
v 8.30007 -51.0661 68.9829
v 8.13006 -50.726 68.7764
v 8.00241 -50.3154 68.8244
v 7.96587 -49.9912 69.1084
v 8.03441 -49.877 69.52
v 8.18183 -50.0167 69.902
v 8.35184 -50.3567 70.1085
v 8.47949 -50.7673 70.0606
v 9.80611 -50.653 69.4364
v 9.73344 -50.7662 69.0252
v 9.58012 -50.6263 68.6456
v 9.40471 -50.287 68.4425
v 9.27421 -49.8777 68.4936
v 9.23848 -49.5548 68.7794
v 9.31115 -49.4417 69.1906
v 9.46448 -49.5815 69.5702
v 9.63989 -49.9209 69.7732
v 9.77038 -50.3302 69.7221
v 11.0828 -50.204 69.0838
v 11.0064 -50.3163 68.673
v 10.8478 -50.1764 68.2956
v 10.6676 -49.8377 68.0958
v 10.5345 -49.4296 68.1497
v 10.4995 -49.1079 68.437
v 10.5759 -48.9957 68.8477
v 10.7345 -49.1356 69.2251
v 10.9148 -49.4743 69.425
v 11.0478 -49.8824 69.371
v 12.3473 -49.7455 68.7202
v 12.2677 -49.857 68.3099
v 12.1044 -49.7171 67.9345
v 11.9198 -49.379 67.7375
v 11.7844 -48.972 67.7941
v 11.7499 -48.6516 68.0827
v 11.8296 -48.54 68.493
v 11.9929 -48.68 68.8684
v 12.1775 -49.0181 69.0654
v 12.3129 -49.425 69.0088
v 13.6008 -49.2783 68.3473
v 13.5184 -49.3892 67.9373
v 13.351 -49.2491 67.5638
v 13.1625 -48.9117 67.3693
v 13.025 -48.5058 67.4283
v 12.9909 -48.1864 67.7181
v 13.0733 -48.0756 68.1281
v 13.2407 -48.2156 68.5016
v 13.4291 -48.553 68.6961
v 13.5667 -48.9589 68.6371
v 14.8444 -48.8031 67.9665
v 14.7598 -48.9133 67.5568
v 14.5889 -48.7732 67.1848
v 14.397 -48.4364 66.9927
v 14.2574 -48.0315 67.0538
v 14.2235 -47.7131 67.3448
v 14.3081 -47.603 67.7545
v 14.479 -47.743 68.1265
v 14.6709 -48.0799 68.3186
v 14.8105 -48.4848 68.2575
v 16.0795 -48.3202 67.5794
v 15.9932 -48.4297 67.1698
v 15.8194 -48.2895 66.7993
v 15.6245 -47.9533 66.6093
v 15.483 -47.5494 66.6724
v 15.4488 -47.2321 66.9645
v 15.5352 -47.1226 67.374
v 15.709 -47.2628 67.7446
v 15.9039 -47.599 67.9346
v 16.0454 -48.003 67.8715
v 17.3074 -47.83 67.1876
v 17.2199 -47.9387 66.7781
v 17.0437 -47.7984 66.4087
v 16.8462 -47.4626 66.2206
v 16.7027 -47.0597 66.2855
v 16.6681 -46.7435 66.5787
v 16.7556 -46.6347 66.9882
v 16.9317 -46.7751 67.3576
v 17.1293 -47.1108 67.5457
v 17.2728 -47.5138 67.4808
v 18.5292 -47.3323 66.7928
v 18.4411 -47.4402 66.3832
v 18.2631 -47.2997 66.0148
v 18.0632 -46.9644 65.8283
v 17.9177 -46.5624 65.8949
v 17.8823 -46.2473 66.1892
v 17.9703 -46.1395 66.5988
v 18.1483 -46.28 66.9673
v 18.3482 -46.6153 67.1538
v 18.4937 -47.0173 67.0871
v 19.7461 -46.8271 66.3966
v 19.658 -46.934 65.9868
v 19.4787 -46.7932 65.6191
v 19.2768 -46.4583 65.4341
v 19.1292 -46.0574 65.5023
v 19.0925 -45.7435 65.7978
v 19.1806 -45.6366 66.2077
v 19.3599 -45.7775 66.5753
v 19.5619 -46.1124 66.7604
v 19.7094 -46.5133 66.6921
v 20.9594 -46.3141 66.0006
v 20.8719 -46.4198 65.5904
v 20.6917 -46.2785 65.2233
v 20.4879 -45.944 65.0396
v 20.3381 -45.5442 65.1095
v 20.2997 -45.2317 65.4062
v 20.3873 -45.126 65.8164
v 20.5674 -45.2673 66.1835
v 20.7712 -45.6018 66.3672
v 20.921 -46.0016 66.2974
v 22.1701 -45.7925 65.6065
v 22.0836 -45.897 65.1957
v 21.9031 -45.7551 64.829
v 21.6975 -45.421 64.6466
v 21.5454 -45.0224 64.718
v 21.5048 -44.7114 65.0161
v 21.5913 -44.607 65.4269
v 21.7718 -44.7489 65.7935
v 21.9774 -45.0829 65.976
v 22.1295 -45.4816 65.9046
v 23.3792 -45.2619 65.2159
v 23.2943 -45.3648 64.8043
v 23.1138 -45.2222 64.4379
v 22.9066 -44.8885 64.2566
v 22.7519 -44.4911 64.3297
v 22.7087 -44.1819 64.6292
v 22.7936 -44.079 65.0407
v 22.9741 -44.2216 65.4071
v 23.1812 -44.5553 65.5884
v 23.336 -44.9527 65.5154
v 24.5875 -44.7212 64.8304
v 24.5048 -44.8224 64.4179
v 24.3247 -44.6789 64.0517
v 24.116 -44.3455 63.8715
v 23.9584 -43.9496 63.9462
v 23.9121 -43.6424 64.2472
v 23.9948 -43.5412 64.6597
v 24.1749 -43.6847 65.0259
v 24.3836 -44.018 65.2061
v 24.5412 -44.414 65.1314
v 25.7958 -44.1695 64.4515
v 25.7157 -44.2687 64.0381
v 25.5363 -44.1241 63.6719
v 25.3261 -43.7911 63.4928
v 25.1654 -43.3968 63.5692
v 25.1155 -43.0918 63.872
v 25.1956 -42.9926 64.2854
v 25.375 -43.1372 64.6516
v 25.5852 -43.4702 64.8307
v 25.7459 -43.8645 64.7542
v 27.0048 -43.6056 64.0809
v 26.9278 -43.7025 63.6663
v 26.7494 -43.5567 63.3001
v 26.5376 -43.2241 63.1222
v 26.3734 -42.8316 63.2005
v 26.3194 -42.5291 63.5051
v 26.3964 -42.4322 63.9196
v 26.5748 -42.578 64.2858
v 26.7866 -42.9106 64.4637
v 26.9508 -43.3031 64.3855
v 28.2148 -43.0282 63.72
v 28.1414 -43.1225 63.3042
v 27.9641 -42.9754 62.938
v 27.7507 -42.6431 62.7613
v 27.5827 -42.2526 62.8416
v 27.5242 -41.9531 63.1481
v 27.5976 -41.8588 63.5639
v 27.7749 -42.0059 63.9301
v 27.9883 -42.3381 64.1069
v 28.1564 -42.7286 64.0266
v 29.4263 -42.436 63.3704
v 29.3568 -42.5273 62.9533
v 29.1809 -42.3786 62.587
v 28.9657 -42.0468 62.4116
v 28.7935 -41.6586 62.494
v 28.73 -41.3623 62.8028
v 28.7995 -41.271 63.2199
v 28.9754 -41.4196 63.5861
v 29.1906 -41.7514 63.7615
v 29.3628 -42.1397 63.6791
v 30.6394 -41.8274 63.0334
v 30.5741 -41.9154 62.6149
v 30.3996 -41.765 62.2487
v 30.1824 -41.4337 62.0748
v 30.0056 -41.048 62.1595
v 29.9367 -40.7553 62.4705
v 30.002 -40.6674 62.8891
v 30.1765 -40.8178 63.2552
v 30.3936 -41.1491 63.4292
v 30.5704 -41.5347 63.3444
v 31.8539 -41.201 62.7105
v 31.7932 -41.2851 62.2905
v 31.6201 -41.1328 61.9244
v 31.4008 -40.802 61.7522
v 31.219 -40.4193 61.8394
v 31.1442 -40.1307 62.1529
v 31.205 -40.0465 62.5729
v 31.3781 -40.1989 62.939
v 31.5974 -40.5296 63.1112
v 31.7791 -40.9124 63.024
v 33.0698 -40.5549 62.4029
v 33.0138 -40.635 61.9814
v 32.8421 -40.4804 61.6156
v 32.6203 -40.1503 61.4452
v 32.4332 -39.7708 61.5352
v 32.3522 -39.4868 61.8514
v 32.4082 -39.4068 62.2728
v 32.5799 -39.5613 62.6386
v 32.8016 -39.8914 62.809
v 32.9888 -40.2709 62.719
v 34.2865 -39.8877 62.1118
v 34.2354 -39.9631 61.6889
v 34.065 -39.8062 61.3235
v 33.8405 -39.4769 61.1552
v 33.6476 -39.101 61.2483
v 33.56 -38.8221 61.5672
v 33.6112 -38.7467 61.9902
v 33.7815 -38.9036 62.3555
v 34.006 -39.2329 62.5238
v 34.1989 -39.6088 62.4307
v 35.5035 -39.1976 61.8385
v 35.4573 -39.2679 61.4142
v 35.288 -39.1083 61.0494
v 35.0604 -38.7799 60.8835
v 34.8614 -38.4081 60.98
v 34.7669 -38.1349 61.3018
v 34.8132 -38.0646 61.7262
v 34.9824 -38.2242 62.091
v 35.21 -38.5526 62.2568
v 35.4091 -38.9244 62.1604
v 36.72 -38.4829 61.5841
v 36.6787 -38.5475 61.1583
v 36.5103 -38.3851 60.7944
v 36.2791 -38.0578 60.6313
v 36.0736 -37.6905 60.7314
v 35.9721 -37.4236 61.0563
v 36.0134 -37.359 61.4821
v 36.1818 -37.5213 61.846
v 36.4129 -37.8487 62.0091
v 36.6185 -38.216 61.9091
v 37.9349 -37.7419 61.3495
v 37.8983 -37.8003 60.9224
v 37.7305 -37.6349 60.5596
v 37.4954 -37.3088 60.3997
v 37.2829 -36.9466 60.5037
v 37.1742 -36.6866 60.832
v 37.2108 -36.6282 61.259
v 37.3787 -36.7936 61.6218
v 37.6137 -37.1197 61.7818
v 37.8262 -37.4819 61.6777
v 39.1471 -36.9729 61.1356
v 39.115 -37.0246 60.7073
v 38.9473 -36.856 60.3459
v 38.7078 -36.5313 60.1896
v 38.4882 -36.1747 60.298
v 38.3722 -35.9224 60.6297
v 38.4042 -35.8707 61.058
v 38.5719 -36.0393 61.4194
v 38.8114 -36.364 61.5757
v 39.0311 -36.7206 61.4673
v 40.3551 -36.1744 60.9433
v 40.3273 -36.2188 60.5138
v 40.1591 -36.0466 60.1543
v 39.9148 -35.7237 60.002
v 39.6876 -35.3734 60.1152
v 39.5644 -35.1294 60.4505
v 39.5921 -35.085 60.88
v 39.7603 -35.2571 61.2395
v 40.0047 -35.5801 61.3918
v 40.2318 -35.9304 61.2786
v 41.5573 -35.3448 60.7732
v 41.5334 -35.3812 60.3428
v 41.3642 -35.2054 59.9855
v 41.1144 -34.8845 59.8379
v 40.8795 -34.5411 59.9562
v 40.7492 -34.3062 60.2954
v 40.7731 -34.2698 60.7258
v 40.9423 -34.4456 61.0831
v 41.1921 -34.7665 61.2307
v 41.427 -35.1099 61.1124
v 42.7521 -34.4825 60.626
v 42.7314 -34.5105 60.1948
v 42.5605 -34.3309 59.8402
v 42.3048 -34.0123 59.6978
v 42.062 -33.6764 59.8218
v 41.9247 -33.4516 60.165
v 41.9455 -33.4236 60.5962
v 42.1163 -33.6033 60.9507
v 42.372 -33.9218 61.0932
v 42.6149 -34.2577 60.9692
v 43.9375 -33.5863 60.5022
v 43.9192 -33.6052 60.0704
v 43.7459 -33.4216 59.719
v 43.4837 -33.1058 59.5824
v 43.2328 -32.7783 59.7126
v 43.089 -32.5643 60.06
v 43.1072 -32.5454 60.4919
v 43.2805 -32.729 60.8432
v 43.5427 -33.0448 60.9798
v 43.7937 -33.3723 60.8496
v 45.1113 -32.6549 60.4021
v 45.0947 -32.664 59.9699
v 44.9181 -32.4764 59.6224
v 44.6488 -32.1638 59.4923
v 44.3898 -31.8456 59.6293
v 44.2399 -31.6432 59.9811
v 44.2565 -31.6341 60.4133
v 44.4331 -31.8217 60.7609
v 44.7024 -32.1343 60.891
v 44.9614 -32.4526 60.754
v 46.2713 -31.6871 60.3262
v 46.2555 -31.6859 59.8938
v 46.0746 -31.4943 59.5507
v 45.7977 -31.1854 59.4279
v 45.5305 -30.8772 59.5723
v 45.3752 -30.6875 59.9288
v 45.391 -30.6887 60.3611
v 45.5719 -30.8803 60.7042
v 45.8488 -31.1892 60.827
v 46.116 -31.4974 60.6826
v 47.4151 -30.6819 60.2744
v 47.3989 -30.6699 59.8422
v 47.2126 -30.4742 59.5043
v 46.9275 -30.1697 59.3896
v 46.6524 -29.8726 59.542
v 46.4924 -29.6965 59.9033
v 46.5087 -29.7085 60.3355
v 46.6949 -29.9041 60.6734
v 46.98 -30.2086 60.7881
v 47.2551 -30.5057 60.6356
v 48.5401 -29.6385 60.2468
v 48.5222 -29.6151 59.8152
v 48.3295 -29.4156 59.4832
v 48.0357 -29.1162 59.3776
v 47.7529 -28.8312 59.5387
v 47.5892 -28.6695 59.905
v 47.6071 -28.6928 60.3367
v 47.7997 -28.8923 60.6687
v 48.0936 -29.1917 60.7743
v 48.3764 -29.4767 60.6132
v 49.6437 -28.5561 60.2435
v 49.6227 -28.521 59.8128
v 49.4224 -28.3179 59.4876
v 49.1193 -28.0244 59.392
v 48.8292 -27.7525 59.5625
v 48.6629 -27.6062 59.9341
v 48.6839 -27.6412 60.3648
v 48.8842 -27.8443 60.6901
v 49.1872 -28.1379 60.7857
v 49.4773 -28.4098 60.6151
v 50.723 -27.4343 60.2643
v 50.6973 -27.3872 59.835
v 50.4882 -27.1809 59.5174
v 50.1754 -26.8941 59.4329
v 49.8786 -26.6365 59.6136
v 49.711 -26.5064 59.9906
v 49.7366 -26.5536 60.4199
v 49.9458 -26.7599 60.7375
v 50.2585 -27.0466 60.822
v 50.5554 -27.3042 60.6413
v 51.7751 -26.2727 60.3088
v 51.7431 -26.2134 59.8815
v 51.5238 -26.0043 59.5726
v 51.2011 -25.7255 59.5002
v 50.8982 -25.4833 59.6919
v 50.7308 -25.3703 60.0745
v 50.7628 -25.4297 60.5018
v 50.982 -25.6387 60.8107
v 51.3048 -25.9175 60.8831
v 51.6077 -26.1597 60.6914
v 52.7971 -25.0712 60.3768
v 52.7569 -24.9996 59.952
v 52.5263 -24.7886 59.653
v 52.1933 -24.5188 59.5938
v 51.8852 -24.2932 59.7972
v 51.7197 -24.1981 60.1854
v 51.7599 -24.2697 60.6102
v 51.9905 -24.4807 60.9092
v 52.3235 -24.7505 60.9684
v 52.6316 -24.9761 60.765
v 53.7859 -23.8299 60.4678
v 53.7356 -23.7462 60.0464
v 53.4923 -23.5341 59.7583
v 53.1491 -23.2746 59.7136
v 52.8369 -23.0668 59.9293
v 52.6751 -22.9901 60.3232
v 52.7254 -23.0738 60.7446
v 52.9687 -23.2859 61.0327
v 53.312 -23.5454 61.0774
v 53.6241 -23.7532 60.8616
v 54.7383 -22.5491 60.5814
v 54.6759 -22.4537 60.164
v 54.4189 -22.2416 59.8881
v 54.0654 -21.9938 59.859
v 53.7506 -21.805 60.0878
v 53.5945 -21.7472 60.4872
v 53.6569 -21.8426 60.9045
v 53.9139 -22.0547 61.1804
v 54.2674 -22.3025 61.2095
v 54.5823 -22.4913 60.9807
v 55.6511 -21.2293 60.7169
v 55.5746 -21.1229 60.3046
v 55.3029 -20.9122 60.0421
v 54.9396 -20.6776 60.0298
v 54.6235 -20.5088 60.2722
v 54.4754 -20.4702 60.6769
v 54.5519 -20.5766 61.0892
v 54.8237 -20.7873 61.3516
v 55.187 -21.0219 61.364
v 55.503 -21.1907 61.1216
v 56.5211 -19.8714 60.8739
v 56.4287 -19.7549 60.4676
v 56.1414 -19.5471 60.2199
v 55.7688 -19.3273 60.2253
v 55.4533 -19.1794 60.4817
v 55.3154 -19.1601 60.8913
v 55.4078 -19.2765 61.2976
v 55.6952 -19.4844 61.5454
v 56.0677 -19.7042 61.54
v 56.3832 -19.852 61.2835
v 57.3452 -18.4765 61.0518
v 57.2351 -18.3512 60.6526
v 56.9316 -18.148 60.4208
v 56.5505 -17.9445 60.4448
v 56.2376 -17.8184 60.7156
v 56.1122 -17.8179 61.1296
v 56.2222 -17.9432 61.5288
v 56.5258 -18.1464 61.7607
v 56.9068 -18.3499 61.7366
v 57.2198 -18.476 61.4658
v 58.1201 -17.046 61.2499
v 57.9908 -16.9134 60.8589
v 57.6708 -16.7168 60.6441
v 57.2825 -16.5311 60.6876
v 56.9741 -16.4274 60.9727
v 56.8634 -16.4452 61.3905
v 56.9928 -16.5777 61.7815
v 57.3127 -16.7744 61.9963
v 57.701 -16.96 61.9528
v 58.0094 -17.0638 61.6677
v 58.8429 -15.5816 61.4676
v 58.6931 -15.4437 61.0859
v 58.3568 -15.2556 60.8892
v 57.9625 -15.0892 60.9526
v 57.6609 -15.008 61.2519
v 57.567 -15.0431 61.6727
v 57.7168 -15.181 62.0544
v 58.0531 -15.3692 62.2511
v 58.4474 -15.5356 62.1878
v 58.7491 -15.6167 61.8885
v 59.5108 -14.0855 61.7044
v 59.3396 -13.9443 61.333
v 58.9874 -13.7668 61.1551
v 58.5888 -13.6208 61.2387
v 58.296 -13.5622 61.5517
v 58.2208 -13.6132 61.9747
v 58.392 -13.7545 62.346
v 58.7442 -13.9319 62.5239
v 59.1428 -14.0779 62.4404
v 59.4356 -14.1365 62.1274
v 60.121 -12.5598 61.9595
v 59.9279 -12.4176 61.5994
v 59.5607 -12.2528 61.4409
v 59.1595 -12.1284 61.5445
v 58.8776 -12.0918 61.8706
v 58.8228 -12.1571 62.2947
v 59.0158 -12.2993 62.6548
v 59.3831 -12.4642 62.8134
v 59.7842 -12.5886 62.7098
v 60.0661 -12.6252 62.3836
v 60.6712 -11.0073 62.2322
v 60.4563 -10.8665 61.8841
v 60.0751 -10.7163 61.7452
v 59.6732 -10.6141 61.8685
v 59.4042 -10.5989 62.2069
v 59.3707 -10.6765 62.6312
v 59.5857 -10.8172 62.9793
v 59.9668 -10.9674 63.1182
v 60.3687 -11.0697 62.9949
v 60.6378 -11.0849 62.6564
v 61.1594 -9.43075 62.5216
v 60.923 -9.29385 62.1861
v 60.5293 -9.16002 62.0667
v 60.1286 -9.08038 62.2091
v 59.874 -9.08534 62.5589
v 59.8627 -9.17302 62.9824
v 60.0991 -9.30992 63.3179
v 60.4928 -9.44375 63.4372
v 60.8935 -9.52339 63.2948
v 61.1481 -9.51843 62.9451
v 61.5837 -7.83311 62.8268
v 61.3267 -7.70248 62.5042
v 60.9221 -7.58654 62.4041
v 60.5245 -7.52957 62.5646
v 60.2856 -7.55332 62.9245
v 60.2968 -7.64873 63.3464
v 60.5538 -7.77936 63.669
v 60.9583 -7.8953 63.7691
v 61.356 -7.95227 63.6086
v 61.5949 -7.92852 63.2486
v 61.9426 -6.21753 63.1467
v 61.6663 -6.09544 62.8371
v 61.2526 -5.99863 62.7555
v 60.8596 -5.96407 62.9331
v 60.6374 -6.00497 63.302
v 60.671 -6.1057 63.7214
v 60.9473 -6.22779 64.0311
v 61.361 -6.3246 64.1127
v 61.754 -6.35915 63.9351
v 61.9761 -6.31826 63.5661
v 62.2351 -4.5872 63.4801
v 61.9408 -4.47571 63.1832
v 61.5198 -4.39898 63.1193
v 61.1331 -4.38631 63.3127
v 60.9282 -4.44254 63.6895
v 60.9834 -4.54619 64.1059
v 61.2777 -4.65768 64.4027
v 61.6987 -4.73442 64.4667
v 62.0855 -4.74709 64.2733
v 62.2903 -4.69086 63.8964
v 62.4601 -2.94536 63.8254
v 62.1495 -2.8463 63.541
v 61.7232 -2.79029 63.4936
v 61.3438 -2.79873 63.7015
v 61.1564 -2.8684 64.0852
v 61.2326 -2.97268 64.4981
v 61.5431 -3.07175 64.7825
v 61.9695 -3.12776 64.8298
v 62.3488 -3.11931 64.622
v 62.5362 -3.04965 64.2383
v 62.617 -1.29525 64.1813
v 62.292 -1.21017 63.9087
v 61.862 -1.17526 63.8767
v 61.4912 -1.20387 64.0977
v 61.3211 -1.28506 64.4871
v 61.4169 -1.38782 64.8963
v 61.7418 -1.4729 65.1689
v 62.1719 -1.50781 65.2009
v 62.5427 -1.4792 64.9799
v 62.7127 -1.39801 64.5905
v 62.7053 0.359904 64.546
v 62.3679 0.429713 64.2845
v 61.9358 0.443386 64.2666
v 61.5742 0.395699 64.4993
v 61.4212 0.304868 64.8937
v 61.5352 0.205588 65.299
v 61.8727 0.135779 65.5606
v 62.3047 0.122107 65.5784
v 62.6663 0.169793 65.3457
v 62.8193 0.260624 64.9514
v 62.7249 2.0169 64.9179
v 62.3769 2.07041 64.6666
v 61.9443 2.06293 64.6616
v 61.5926 1.99731 64.9047
v 61.4559 1.89863 65.3031
v 61.5865 1.80458 65.7047
v 61.9346 1.75107 65.956
v 62.3671 1.75855 65.961
v 62.7189 1.82417 65.7179
v 62.8556 1.92285 65.3195
v 62.6757 3.67258 65.2951
v 62.319 3.70899 65.0532
v 61.8873 3.6806 65.0596
v 61.5457 3.59825 65.3119
v 61.4246 3.49339 65.7138
v 61.5702 3.40608 66.1117
v 61.927 3.36967 66.3536
v 62.3587 3.39806 66.3472
v 62.7003 3.48041 66.0949
v 62.8214 3.58527 65.693
v 62.5579 5.32379 65.6758
v 62.1942 5.34255 65.4423
v 61.7647 5.29364 65.4589
v 61.4334 5.19573 65.7194
v 61.3269 5.08623 66.1241
v 61.4858 5.00696 66.5186
v 61.8495 4.9882 66.7521
v 62.2791 5.03712 66.7355
v 62.6104 5.13502 66.4751
v 62.7169 5.24452 66.0703
v 62.3719 6.96745 66.0582
v 62.003 6.96818 65.8322
v 61.5767 6.89923 65.8578
v 61.2558 6.78693 66.1253
v 61.1628 6.67417 66.5325
v 61.3333 6.60404 66.9239
v 61.7022 6.60331 67.1499
v 62.1285 6.67226 67.1243
v 62.4495 6.78456 66.8568
v 62.5424 6.89732 66.4496
v 62.1182 8.60053 66.4404
v 61.7458 8.58302 66.2209
v 61.3236 8.49459 66.2544
v 61.0129 8.369 66.5281
v 60.9324 8.25422 66.9373
v 61.1129 8.19411 67.3259
v 61.4853 8.21161 67.5454
v 61.9074 8.30005 67.5119
v 62.2181 8.42564 67.2383
v 62.2986 8.54041 66.829
v 61.7976 10.22 66.8205
v 61.4231 10.1842 66.6068
v 61.006 10.0769 66.6471
v 60.7054 9.93909 66.9261
v 60.6363 9.82338 67.3371
v 60.8249 9.774 67.7233
v 61.1993 9.8098 67.9371
v 61.6165 9.91711 67.8968
v 61.9171 10.0549 67.6178
v 61.9862 10.1707 67.2067
v 61.411 11.8231 67.1968
v 61.036 11.769 66.9879
v 60.6246 11.6435 67.0341
v 60.3339 11.4944 67.3177
v 60.2749 11.3787 67.7304
v 60.4703 11.3406 68.1145
v 60.8452 11.3946 68.3234
v 61.2567 11.5202 68.2772
v 61.5474 11.6693 67.9936
v 61.6063 11.785 67.5809
v 60.9597 13.4068 67.5674
v 60.5855 13.3347 67.3627
v 60.1805 13.1916 67.4138
v 59.8993 13.0321 67.7014
v 59.8494 12.9173 68.1155
v 60.0499 12.8908 68.498
v 60.4241 12.9629 68.7027
v 60.8291 13.106 68.6515
v 61.1103 13.2655 68.364
v 61.1602 13.3804 67.9499
v 60.4451 14.9685 67.9307
v 60.0729 14.8785 67.7293
v 59.6748 14.7185 67.7847
v 59.4028 14.5496 68.0757
v 59.3609 14.4362 68.4911
v 59.565 14.4218 68.8723
v 59.9373 14.5117 69.0736
v 60.3354 14.6717 69.0182
v 60.6073 14.8406 68.7272
v 60.6492 14.954 68.3118
v 59.8686 16.5055 68.2848
v 59.4996 16.3981 68.0863
v 59.1089 16.2219 68.1452
v 58.8458 16.0442 68.4391
v 58.8108 15.9329 68.8557
v 59.0173 15.9305 69.2359
v 59.3863 16.038 69.4344
v 59.777 16.2142 69.3755
v 60.0401 16.3919 69.0816
v 60.0751 16.5032 68.665
v 59.2322 18.0154 68.6283
v 58.8673 17.8908 68.432
v 58.4845 17.6991 68.4938
v 58.2299 17.5134 68.7902
v 58.2007 17.4047 69.2079
v 58.4082 17.4145 69.5874
v 58.7731 17.5391 69.7838
v 59.1559 17.7308 69.7219
v 59.4105 17.9165 69.4255
v 59.4396 18.0252 69.0078
v 58.5376 19.4958 68.9594
v 58.178 19.3545 68.7648
v 57.8033 19.1479 68.8291
v 57.5568 18.9548 69.1276
v 57.5326 18.8491 69.5464
v 57.7399 18.871 69.9255
v 58.0995 19.0123 70.1201
v 58.4741 19.2189 70.0559
v 58.7206 19.412 69.7573
v 58.7449 19.5177 69.3385
v 57.787 20.9444 69.2768
v 57.4335 20.7869 69.0835
v 57.0674 20.5661 69.1496
v 56.8286 20.3663 69.45
v 56.8083 20.2638 69.8698
v 57.0142 20.2978 70.2487
v 57.3678 20.4553 70.442
v 57.7339 20.6762 70.3759
v 57.9727 20.876 70.0755
v 57.993 20.9785 69.6557
v 56.9828 22.3594 69.5789
v 56.6362 22.1861 69.3865
v 56.2789 21.9517 69.4541
v 56.0474 21.7457 69.756
v 56.0301 21.6468 70.1768
v 56.2337 21.6927 70.5558
v 56.5803 21.8659 70.7482
v 56.9376 22.1003 70.6805
v 57.169 22.3063 70.3786
v 57.1863 22.4052 69.9578
v 56.1272 23.7386 69.8643
v 55.7883 23.5502 69.6725
v 55.44 23.303 69.7414
v 55.2155 23.0912 70.0445
v 55.2004 22.996 70.4663
v 55.4006 23.0535 70.8455
v 55.7395 23.2419 71.0373
v 56.0877 23.4892 70.9685
v 56.3123 23.7009 70.6653
v 56.3273 23.7962 70.2435
v 55.2228 25.0807 70.1319
v 54.8923 24.8776 69.9404
v 54.5533 24.6181 70.0101
v 54.3353 24.4011 70.3144
v 54.3216 24.3096 70.737
v 54.5175 24.3786 71.1166
v 54.848 24.5816 71.3081
v 55.187 24.8412 71.2384
v 55.405 25.0581 70.9341
v 55.4187 25.1496 70.5115
v 54.2724 26.3839 70.3804
v 53.9508 26.1668 70.189
v 53.6211 25.8956 70.2594
v 53.4093 25.6739 70.5646
v 53.3963 25.5863 70.988
v 53.587 25.6663 71.368
v 53.9086 25.8834 71.5594
v 54.2382 26.1546 71.4891
v 54.45 26.3763 71.1839
v 54.4631 26.4639 70.7604
v 53.2785 27.6471 70.6087
v 52.9664 27.4166 70.4173
v 52.6463 27.1344 70.488
v 52.4403 26.9082 70.794
v 52.4272 26.8245 71.2182
v 52.612 26.9153 71.5988
v 52.924 27.1458 71.7902
v 53.2442 27.428 71.7194
v 53.4502 27.6542 71.4135
v 53.4633 27.7379 70.9892
v 52.2441 28.8692 70.8158
v 51.942 28.6259 70.6242
v 51.6314 28.3332 70.6952
v 51.4309 28.103 71.0018
v 51.4171 28.0233 71.4268
v 51.5952 28.1244 71.8078
v 51.8972 28.3677 71.9994
v 52.2078 28.6604 71.9284
v 52.4083 28.8906 71.6218
v 52.4222 28.9703 71.1968
v 51.1719 30.0494 71.0007
v 50.8803 29.7938 70.8088
v 50.5793 29.4913 70.88
v 50.3839 29.2575 71.1871
v 50.3687 29.1816 71.6128
v 50.5395 29.2926 71.9944
v 50.8311 29.5482 72.1863
v 51.1321 29.8507 72.115
v 51.3276 30.0846 71.808
v 51.3428 30.1604 71.3823
v 50.065 31.187 71.1626
v 49.7841 30.9198 70.9705
v 49.4928 30.6081 71.0418
v 49.3021 30.3709 71.3493
v 49.285 30.2988 71.7755
v 49.4479 30.4194 72.1577
v 49.7288 30.6866 72.3498
v 50.0202 30.9983 72.2785
v 50.2108 31.2355 71.9711
v 50.2279 31.3076 71.5448
v 48.9261 32.2816 71.3009
v 48.6564 32.0034 71.1085
v 48.3746 31.683 71.1798
v 48.1883 31.4428 71.4876
v 48.1687 31.3744 71.9143
v 48.3233 31.5041 72.297
v 48.5931 31.7823 72.4894
v 48.8749 32.1027 72.4181
v 49.0611 32.3429 72.1103
v 49.0807 32.4113 71.6836
v 47.7583 33.333 71.4149
v 47.4998 33.0444 71.2222
v 47.2275 32.7159 71.2935
v 47.0453 32.4729 71.6015
v 47.0228 32.4083 72.0287
v 47.1686 32.5466 72.4118
v 47.427 32.8351 72.6045
v 47.6993 33.1636 72.5332
v 47.8816 33.4066 72.2251
v 47.9041 33.4713 71.798
v 46.5643 34.3412 71.504
v 46.3174 34.0429 71.3111
v 46.0544 33.7068 71.3824
v 45.8759 33.4614 71.6907
v 45.8501 33.4002 72.1182
v 45.9867 33.5468 72.5016
v 46.2336 33.8451 72.6945
v 46.4965 34.1811 72.6232
v 46.675 34.4266 72.3149
v 46.7009 34.4878 71.8874
v 45.3471 35.3065 71.5679
v 45.1117 34.999 71.3749
v 44.858 34.6559 71.4462
v 44.6829 34.4082 71.7547
v 44.6533 34.3505 72.1824
v 44.7804 34.5048 72.566
v 45.0158 34.8122 72.7591
v 45.2694 35.1554 72.6877
v 45.4445 35.4031 72.3793
v 45.4742 35.4608 71.9516
v 44.1094 36.2292 71.6064
v 43.8856 35.9132 71.4133
v 43.641 35.5636 71.4847
v 43.469 35.3139 71.7933
v 43.4352 35.2595 72.2211
v 43.5526 35.4211 72.6049
v 43.7763 35.7371 72.7979
v 44.0209 36.0867 72.7265
v 44.193 36.3364 72.418
v 44.2267 36.3909 71.9901
v 42.8538 37.11 71.6191
v 42.6417 36.7861 71.4262
v 42.406 36.4304 71.4977
v 42.2366 36.179 71.8063
v 42.1984 36.1277 72.2342
v 42.3059 36.2962 72.6179
v 42.518 36.6202 72.8108
v 42.7538 36.9758 72.7393
v 42.9231 37.2273 72.4307
v 42.9613 37.2785 72.0028
v 41.5831 37.9497 71.6061
v 41.3825 37.6183 71.4134
v 41.1554 37.2572 71.4852
v 40.9885 37.0042 71.7938
v 40.9455 36.956 72.2216
v 41.043 37.131 72.6051
v 41.2436 37.4623 72.7978
v 41.4707 37.8235 72.7261
v 41.6376 38.0765 72.4174
v 41.6805 38.1247 71.9896
v 40.2997 38.7492 71.5674
v 40.1104 38.411 71.3752
v 39.8917 38.0448 71.4471
v 39.7268 37.7904 71.7559
v 39.679 37.7451 72.1835
v 39.7663 37.9262 72.5665
v 39.9555 38.2644 72.7588
v 40.1743 38.6306 72.6868
v 40.3391 38.8849 72.3781
v 40.387 38.9302 71.9505
v 39.0058 39.5097 71.5032
v 38.8278 39.1651 71.3115
v 38.617 38.7943 71.3838
v 38.454 38.5388 71.6926
v 38.401 38.4964 72.1199
v 38.4783 38.683 72.5024
v 38.6563 39.0276 72.6941
v 38.8671 39.3984 72.6218
v 39.0301 39.6538 72.313
v 39.0831 39.6963 71.8858
v 37.7038 40.2324 71.4137
v 37.5368 39.882 71.2227
v 37.3337 39.507 71.2955
v 37.1722 39.2506 71.6043
v 37.1139 39.2108 72.0311
v 37.1811 39.4027 72.413
v 37.3482 39.7531 72.604
v 37.5513 40.1281 72.5312
v 37.7128 40.3845 72.2224
v 37.7711 40.4243 71.7955
v 36.3957 40.9187 71.2993
v 36.2393 40.563 71.1092
v 36.0435 40.1842 71.1825
v 35.8832 39.9271 71.4913
v 35.8196 39.8898 71.9176
v 35.877 40.0867 72.2986
v 36.0334 40.4424 72.4887
v 36.2291 40.8212 72.4154
v 36.3894 41.0783 72.1066
v 36.4531 41.1155 71.6803
v 35.0834 41.5702 71.1605
v 34.9372 41.2096 70.9714
v 34.7484 40.8274 71.0454
v 34.5891 40.5697 71.3542
v 34.52 40.5349 71.7799
v 34.5676 40.7363 72.1598
v 34.7138 41.0969 72.3489
v 34.9026 41.4791 72.2749
v 35.0619 41.7368 71.9661
v 35.131 41.7716 71.5404
v 33.7684 42.1885 70.9979
v 33.6322 41.8234 70.81
v 33.45 41.4382 70.8847
v 33.2913 41.1801 71.1935
v 33.2168 41.1476 71.6185
v 33.255 41.3532 71.9972
v 33.3912 41.7183 72.1851
v 33.5734 42.1035 72.1104
v 33.7321 42.3616 71.8016
v 33.8066 42.3941 71.3766
v 32.4525 42.7752 70.8121
v 32.3258 42.406 70.6256
v 32.1496 42.0182 70.7011
v 31.9914 41.7598 71.0099
v 31.9115 41.7295 71.434
v 31.9405 41.939 71.8115
v 32.0672 42.3082 71.998
v 32.2434 42.696 71.9225
v 32.4016 42.9544 71.6137
v 32.4815 42.9847 71.1896
v 31.1369 43.3321 70.6041
v 31.0191 42.9593 70.419
v 30.8487 42.569 70.4954
v 30.6907 42.3105 70.8042
v 30.6055 42.2824 71.2274
v 30.6256 42.4955 71.6034
v 30.7434 42.8683 71.7885
v 30.9138 43.2586 71.7121
v 31.0718 43.5171 71.4033
v 31.157 43.5452 70.98
v 29.8227 43.8611 70.3746
v 29.7134 43.4849 70.191
v 29.5483 43.0925 70.2684
v 29.3904 42.834 70.5772
v 29.3 42.8079 70.9995
v 29.3116 43.0243 71.3739
v 29.4208 43.4005 71.5575
v 29.5859 43.7928 71.4801
v 29.7438 44.0514 71.1713
v 29.8343 44.0775 70.749
v 28.5108 44.3639 70.1246
v 28.4096 43.9846 69.9426
v 28.2493 43.5905 70.021
v 28.0913 43.332 70.3298
v 27.9958 43.3079 70.7511
v 27.9993 43.5273 71.1239
v 28.1006 43.9065 71.3059
v 28.2608 44.3007 71.2275
v 28.4188 44.5592 70.9187
v 28.5143 44.5833 70.4974
v 27.202 44.8423 69.8553
v 27.1082 44.4604 69.675
v 26.9525 44.0647 69.7544
v 26.7942 43.8063 70.0632
v 26.6938 43.784 70.4834
v 26.6898 44.0063 70.8546
v 26.7835 44.3882 71.0349
v 26.9393 44.7839 70.9554
v 27.0976 45.0422 70.6466
v 27.1979 45.0646 70.2264
v 25.8968 45.2982 69.5677
v 25.81 44.9139 69.3891
v 25.6583 44.5168 69.4695
v 25.4997 44.2586 69.7783
v 25.3947 44.238 70.1975
v 25.3835 44.4628 70.567
v 25.4703 44.8472 70.7456
v 25.622 45.2443 70.6651
v 25.7806 45.5024 70.3563
v 25.8856 45.523 69.9371
v 24.5955 45.7335 69.2631
v 24.5151 45.3469 69.0862
v 24.3671 44.9487 69.1677
v 24.2081 44.6907 69.4765
v 24.0988 44.6717 69.8946
v 24.081 44.8988 70.2624
v 24.1614 45.2853 70.4393
v 24.3093 45.6836 70.3578
v 24.4683 45.9415 70.049
v 24.5776 45.9606 69.6309
v 23.2983 46.1497 68.9428
v 23.2238 45.7612 68.7675
v 23.0792 45.3619 68.85
v 22.9198 45.1042 69.1588
v 22.8065 45.0866 69.576
v 22.7825 45.3158 69.9421
v 22.857 45.7042 70.1174
v 23.0016 46.1035 70.0349
v 23.161 46.3612 69.7261
v 23.2743 46.3788 69.309
v 22.0051 46.5486 68.6082
v 21.9359 46.1585 68.4345
v 21.7945 45.7582 68.5179
v 21.6347 45.5008 68.8267
v 21.5177 45.4844 69.2429
v 21.4882 45.7154 69.6075
v 21.5573 46.1055 69.7813
v 21.6988 46.5057 69.6978
v 21.8585 46.7632 69.389
v 21.9755 46.7796 68.9728
v 20.7157 46.9317 68.2607
v 20.6514 46.5402 68.0884
v 20.5128 46.1391 68.1728
v 20.3528 45.8818 68.4816
v 20.2325 45.8665 68.8969
v 20.1979 46.0991 69.26
v 20.2622 46.4907 69.4323
v 20.4008 46.8917 69.348
v 20.5608 47.149 69.0392
v 20.6811 47.1643 68.6239
v 19.4297 47.3007 67.9018
v 19.3699 46.9078 67.7308
v 19.2339 46.506 67.816
v 19.0738 46.2488 68.1248
v 18.9507 46.2344 68.5393
v 18.9115 46.4682 68.9011
v 18.9714 46.8611 69.0721
v 19.1073 47.2629 68.9869
v 19.2675 47.5201 68.6781
v 19.3906 47.5345 68.2637
v 18.1466 47.6567 67.5331
v 18.0908 47.2627 67.3632
v 17.9573 46.8603 67.4491
v 17.7973 46.603 67.7579
v 17.6717 46.5892 68.1716
v 17.6286 46.8241 68.5323
v 17.6845 47.2181 68.7022
v 17.8179 47.6206 68.6163
v 17.978 47.8778 68.3075
v 18.1035 47.8916 67.8938
v 16.8657 48.001 67.156
v 16.8135 47.6062 66.9871
v 16.6825 47.203 67.0735
v 16.5227 46.9456 67.3823
v 16.3952 46.9322 67.7955
v 16.3487 47.1679 68.1553
v 16.4009 47.5628 68.3242
v 16.5319 47.9659 68.2377
v 16.6917 48.2234 67.9289
v 16.8192 48.2368 67.5158
v 15.5862 48.3348 66.7723
v 15.5373 47.9392 66.6041
v 15.4087 47.5354 66.691
v 15.2495 47.2776 66.9998
v 15.1205 47.2643 67.4125
v 15.071 47.5005 67.7716
v 15.12 47.8961 67.9397
v 15.2486 48.2999 67.8528
v 15.4078 48.5577 67.544
v 15.5367 48.5711 67.1313
v 14.3072 48.6589 66.3835
v 14.2613 48.2628 66.2158
v 14.1351 47.8582 66.3031
v 13.9768 47.5999 66.6119
v 13.8469 47.5864 67.0243
v 13.795 47.8229 67.3828
v 13.8409 48.219 67.5505
v 13.9671 48.6235 67.4633
v 14.1253 48.8819 67.1545
v 14.2553 48.8954 66.742
v 13.0277 48.9741 65.9914
v 12.9846 48.5775 65.824
v 12.8609 48.1723 65.9113
v 12.7039 47.9131 66.2201
v 12.5735 47.8991 66.6324
v 12.5196 48.1355 66.9907
v 12.5627 48.5321 67.1581
v 12.6864 48.9374 67.0707
v 12.8434 49.1965 66.7619
v 12.9737 49.2105 66.3496
v 11.7466 49.281 65.5976
v 11.7061 48.8841 65.4301
v 11.5851 48.4781 65.5175
v 11.4298 48.2179 65.8263
v 11.2995 48.203 66.2386
v 11.244 48.439 66.5969
v 11.2845 48.8359 66.7643
v 11.4055 49.242 66.6769
v 11.5608 49.5021 66.3681
v 11.6911 49.517 65.9558
v 10.4627 49.5799 65.2038
v 10.4247 49.1829 65.0361
v 10.3066 48.7759 65.1233
v 10.1535 48.5145 65.4321
v 10.0238 48.4984 65.8445
v 9.9672 48.7337 66.203
v 10.0052 49.1307 66.3707
v 10.1234 49.5377 66.2835
v 10.2765 49.7991 65.9747
v 10.4061 49.8152 65.5623
v 9.17504 49.871 64.8117
v 9.13942 49.474 64.6435
v 9.02441 49.0661 64.7303
v 8.87393 48.803 65.0391
v 8.74547 48.7853 65.4518
v 8.68809 49.0198 65.8109
v 8.72371 49.4167 65.9791
v 8.83873 49.8246 65.8923
v 8.9892 50.0877 65.5835
v 9.11767 50.1054 65.1708
v 7.88226 50.1543 64.423
v 7.84901 49.7574 64.254
v 7.73742 49.3485 64.3403
v 7.59012 49.0836 64.649
v 7.46337 49.0639 65.0622
v 7.40559 49.297 65.422
v 7.43885 49.6939 65.5911
v 7.55044 50.1029 65.5047
v 7.69774 50.3678 65.196
v 7.82448 50.3874 64.7829
v 6.58322 50.4296 64.0395
v 6.55235 50.033 63.8693
v 6.44453 49.6229 63.9549
v 6.30096 49.3558 64.2635
v 6.17647 49.3339 64.6773
v 6.11862 49.5654 65.0381
v 6.14949 49.9619 65.2082
v 6.2573 50.3721 65.1227
v 6.40087 50.6391 64.8141
v 6.52536 50.6611 64.4003
v 5.27674 50.6964 63.6627
v 5.2483 50.3003 63.4912
v 5.14466 49.8889 63.5759
v 5.00539 49.6194 63.8843
v 4.8837 49.5947 64.2987
v 4.82606 49.8243 64.6608
v 4.85449 50.2205 64.8323
v 4.95814 50.6319 64.7476
v 5.09741 50.9014 64.4392
v 5.2191 50.9261 64.0248
v 3.96168 50.9543 63.2942
v 3.93578 50.5586 63.1212
v 3.83672 50.1458 63.2047
v 3.70235 49.8736 63.513
v 3.58399 49.846 63.9281
v 3.52684 50.0734 64.2917
v 3.55275 50.469 64.4648
v 3.6518 50.8818 64.3812
v 3.78618 51.154 64.073
v 3.90454 51.1817 63.6578
v 2.63697 51.2022 62.9358
v 2.61373 50.8072 62.7609
v 2.51972 50.393 62.8431
v 2.39085 50.1178 63.1511
v 2.27634 50.0867 63.5671
v 2.21994 50.3117 63.9323
v 2.24318 50.7067 64.1072
v 2.33719 51.1209 64.025
v 2.46606 51.3961 63.7171
v 2.58057 51.4271 63.3011
v 1.3016 51.4393 62.589
v 1.28117 51.0451 62.412
v 1.19268 50.6294 62.4926
v 1.06993 50.351 62.8002
v 0.959799 50.3162 63.2171
v 0.904359 50.5383 63.5842
v 0.924784 50.9325 63.7612
v 1.01327 51.3482 63.6805
v 1.13603 51.6267 63.373
v 1.24616 51.6615 62.9561
v -0.0453674 51.6644 62.2553
v -0.0627922 51.2711 62.0759
v -0.145261 50.8538 62.1548
v -0.261273 50.5719 62.4618
v -0.366516 50.5331 62.8796
v -0.420791 50.7522 63.2487
v -0.403366 51.1455 63.428
v -0.320898 51.5628 63.3492
v -0.204885 51.8447 63.0422
v -0.0996422 51.8835 62.6244
v -1.40473 51.8761 61.9361
v -1.41896 51.4839 61.7542
v -1.49489 51.0649 61.831
v -1.60354 50.7794 62.1373
v -1.7034 50.7362 62.556
v -1.75632 50.952 62.9273
v -1.7421 51.3442 63.1092
v -1.66616 51.7631 63.0324
v -1.55752 52.0487 62.7261
v -1.45766 52.0919 62.3074
v -2.7772 52.0729 61.633
v -2.788 51.6818 61.4482
v -2.85689 51.2613 61.5228
v -2.95755 50.9719 61.8282
v -3.05153 50.9242 62.2478
v -3.10293 51.1363 62.6213
v -3.09213 51.5274 62.806
v -3.02325 51.9479 62.7314
v -2.92259 52.2373 62.426
v -2.82861 52.2851 62.0065
v -4.16333 52.2531 61.3471
v -4.17048 51.8634 61.1593
v -4.23179 51.4413 61.2314
v -4.32384 51.1479 61.5357
v -4.41147 51.0953 61.9561
v -4.46121 51.3037 62.3319
v -4.45405 51.6933 62.5197
v -4.39274 52.1155 62.4477
v -4.30069 52.4089 62.1434
v -4.21306 52.4614 61.723
v -5.56352 52.4149 61.0799
v -5.5668 52.0268 60.8888
v -5.62002 51.6031 60.958
v -5.70285 51.3056 61.261
v -5.78366 51.248 61.6821
v -5.83158 51.4523 62.0605
v -5.8283 51.8404 62.2515
v -5.77508 52.2642 62.1823
v -5.69225 52.5616 61.8793
v -5.61144 52.6192 61.4582
v -6.97804 52.5565 60.8325
v -6.9772 52.1701 60.6379
v -7.02182 51.7449 60.704
v -7.09484 51.4433 61.0054
v -7.16838 51.3805 61.4271
v -7.21434 51.5805 61.8079
v -7.21518 51.9669 62.0025
v -7.17057 52.3921 61.9365
v -7.09754 52.6937 61.635
v -7.02401 52.7565 61.2133
v -8.40696 52.6757 60.606
v -8.40178 52.2913 60.4077
v -8.43729 51.8647 60.4703
v -8.49992 51.5589 60.7699
v -8.56575 51.4907 61.192
v -8.60963 51.6862 61.5754
v -8.61481 52.0707 61.7737
v -8.5793 52.4973 61.7111
v -8.51667 52.8031 61.4116
v -8.45085 52.8712 60.9894
v -9.85019 52.7706 60.4015
v -9.84045 52.3883 60.1992
v -9.86637 51.9604 60.258
v -9.91804 51.6505 60.5554
v -9.97573 51.5769 60.9778
v -10.0174 51.7676 61.3638
v -10.0271 52.1499 61.5661
v -10.0012 52.5778 61.5073
v -9.94955 52.8877 61.2099
v -9.89186 52.9613 60.7875
v -11.3074 52.8388 60.2198
v -11.2929 52.4589 60.0133
v -11.3088 52.03 60.068
v -11.349 51.716 60.3629
v -11.3981 51.6368 60.7853
v -11.4374 51.8226 61.174
v -11.4519 52.2026 61.3805
v -11.4361 52.6314 61.3258
v -11.3959 52.9454 61.0309
v -11.3468 53.0246 60.6085
v -12.7782 52.8782 60.0618
v -12.7588 52.501 59.851
v -12.7641 52.0713 59.9011
v -12.7923 51.7533 60.1931
v -12.8325 51.6685 60.6154
v -12.8693 51.8492 61.0067
v -12.8888 52.2264 61.2176
v -12.8834 52.6561 61.1675
v -12.8552 52.9741 60.8755
v -12.8151 53.0589 60.4532
v -14.2618 52.8865 59.9283
v -14.2373 52.5122 59.7128
v -14.2318 52.082 59.758
v -14.2474 51.7602 60.0467
v -14.2782 51.6697 60.4686
v -14.3125 51.8451 60.8626
v -14.337 52.2194 61.0782
v -14.3425 52.6496 61.033
v -14.3269 52.9714 60.7443
v -14.2961 53.0619 60.3223
v -15.7574 52.8615 59.8199
v -15.7276 52.4905 59.5995
v -15.7109 52.06 59.6394
v -15.7135 51.7346 59.9244
v -15.7346 51.6384 60.3457
v -15.7661 51.8083 60.7423
v -15.7959 52.1794 60.9628
v -15.8127 52.6098 60.9229
v -15.81 52.9353 60.6378
v -15.7889 53.0314 60.2166
v -17.2639 52.8009 59.7371
v -17.2288 52.4334 59.5115
v -17.2004 52.0031 59.5457
v -17.1897 51.6742 59.8266
v -17.2007 51.5725 60.2469
v -17.2292 51.7367 60.6461
v -17.2644 52.1042 60.8718
v -17.2927 52.5345 60.8376
v -17.3035 52.8634 60.5567
v -17.2924 52.9651 60.1364
v -18.78 52.7024 59.6803
v -18.7394 52.3389 59.4493
v -18.6992 51.9091 59.4773
v -18.6747 51.5771 59.7537
v -18.6753 51.4698 60.1728
v -18.7007 51.6282 60.5746
v -18.7412 51.9917 60.8056
v -18.7815 52.4215 60.7776
v -18.806 52.7535 60.5012
v -18.8054 52.8608 60.0821
v -20.3042 52.564 59.6499
v -20.2582 52.2047 59.4132
v -20.2059 51.7758 59.4346
v -20.1672 51.441 59.7059
v -20.157 51.3283 60.1235
v -20.1791 51.4806 60.5278
v -20.2251 51.8398 60.7644
v -20.2774 52.2688 60.743
v -20.3161 52.6035 60.4717
v -20.3263 52.7163 60.0542
v -21.8348 52.3834 59.6459
v -21.7834 52.0288 59.4034
v -21.7188 51.6013 59.4178
v -21.6656 51.2641 59.6835
v -21.6443 51.146 60.0992
v -21.6628 51.2921 60.5059
v -21.7143 51.6467 60.7485
v -21.7789 52.0742 60.7341
v -21.8321 52.4114 60.4683
v -21.8534 52.5295 60.0527
v -23.37 52.1586 59.6686
v -23.3133 51.8091 59.42
v -23.2362 51.3835 59.4268
v -23.1683 51.0442 59.6866
v -23.1355 50.921 60.0999
v -23.1503 51.0608 60.5091
v -23.2071 51.4102 60.7577
v -23.2841 51.8359 60.7508
v -23.352 52.1751 60.4911
v -23.3849 52.2984 60.0777
v -24.9078 51.8878 59.7178
v -24.8457 51.5438 59.4628
v -24.7561 51.1206 59.4617
v -24.6732 50.7797 59.7149
v -24.6286 50.6515 60.1257
v -24.6394 50.7848 60.5371
v -24.7015 51.1287 60.7921
v -24.791 51.552 60.7932
v -24.874 51.8928 60.54
v -24.9186 52.0211 60.1292
v -26.4458 51.5691 59.7934
v -26.3787 51.231 59.5319
v -26.2765 50.8107 59.5224
v -26.1784 50.4688 59.7686
v -26.1217 50.3357 60.1763
v -26.1282 50.4624 60.5899
v -26.1953 50.8005 60.8514
v -26.2975 51.2208 60.8609
v -26.3956 51.5628 60.6147
v -26.4522 51.6958 60.207
v -27.9817 51.2009 59.8951
v -27.9097 50.8692 59.6269
v -27.7951 50.4524 59.6086
v -27.6816 50.1098 59.8471
v -27.6126 49.9722 60.2515
v -27.6144 50.0922 60.6671
v -27.6864 50.424 60.9353
v -27.801 50.8407 60.9536
v -27.9145 51.1833 60.7151
v -27.9835 51.3209 60.3108
v -29.513 50.7817 60.0226
v -29.4364 50.4567 59.7475
v -29.3094 50.0441 59.7199
v -29.1804 49.7014 59.9503
v -29.0988 49.5596 60.3508
v -29.0956 49.6728 60.7684
v -29.1722 49.9977 61.0435
v -29.2993 50.4104 61.0711
v -29.4282 50.753 60.8406
v -29.5099 50.8949 60.4402
v -31.037 50.3101 60.1754
v -30.9561 49.9923 59.8932
v -30.8168 49.5844 59.8559
v -30.6723 49.2423 60.0777
v -30.5778 49.0965 60.4739
v -30.5694 49.2028 60.8932
v -30.6503 49.5206 61.1754
v -30.7895 49.9285 61.2127
v -30.934 50.2707 60.9909
v -31.0286 50.4164 60.5947
v -32.5509 49.7851 60.3528
v -32.4661 49.4749 60.0634
v -32.3148 49.0723 60.016
v -32.1547 48.7313 60.2286
v -32.0471 48.5819 60.6201
v -32.033 48.6813 61.0409
v -32.1178 48.9915 61.3303
v -32.2691 49.394 61.3778
v -32.4291 49.7351 61.1652
v -32.5368 49.8845 60.7737
v -34.0518 49.2056 60.5543
v -33.9635 48.9034 60.2576
v -33.8005 48.5069 60.1996
v -33.6249 48.1675 60.4025
v -33.5039 48.0149 60.7889
v -33.4837 48.1074 61.211
v -33.572 48.4096 61.5077
v -33.7351 48.8061 61.5657
v -33.9106 49.1455 61.3627
v -34.0316 49.298 60.9764
v -35.5367 48.5709 60.7789
v -35.4454 48.2771 60.4747
v -35.271 47.8872 60.4059
v -35.08 47.5503 60.5986
v -34.9455 47.3949 60.9793
v -34.9188 47.4804 61.4025
v -35.0101 47.7743 61.7067
v -35.1846 48.1641 61.7755
v -35.3755 48.5011 61.5828
v -35.51 48.6565 61.2021
v -37.0027 47.8806 61.0257
v -36.9089 47.5955 60.7141
v -36.7234 47.2129 60.6341
v -36.5172 46.879 60.8161
v -36.369 46.7212 61.1906
v -36.3353 46.7999 61.6147
v -36.4292 47.085 61.9263
v -36.6146 47.4676 62.0064
v -36.8208 47.8015 61.8244
v -36.969 47.9593 61.4498
v -38.4464 47.1343 61.2938
v -38.3507 46.8583 60.9748
v -38.1547 46.4836 60.8831
v -37.9335 46.1534 61.0539
v -37.7714 45.9938 61.4219
v -37.7304 46.0657 61.8465
v -37.8262 46.3417 62.1656
v -38.0221 46.7164 62.2572
v -38.2434 47.0466 62.0864
v -38.4054 47.2062 61.7185
v -39.8649 46.3319 61.5821
v -39.7678 46.0653 61.2556
v -39.5619 45.6991 61.1521
v -39.3258 45.3734 61.3112
v -39.1498 45.2124 61.6721
v -39.101 45.2777 62.097
v -39.1981 45.5444 62.4235
v -39.404 45.9105 62.527
v -39.6401 46.2363 62.3679
v -39.8162 46.3972 62.007
v -41.255 45.4737 61.8893
v -41.1572 45.2167 61.5554
v -40.9419 44.8597 61.4398
v -40.6913 44.5391 61.5867
v -40.5012 44.3773 61.9401
v -40.4442 44.4362 62.3649
v -40.542 44.6932 62.6989
v -40.7574 45.0502 62.8144
v -41.0079 45.3708 62.6675
v -41.198 45.5325 62.3141
v -42.6135 44.56 62.2143
v -42.5156 44.3128 61.873
v -42.2916 43.9655 61.7451
v -42.0269 43.6508 61.8795
v -41.8227 43.4888 62.2248
v -41.7571 43.5415 62.6491
v -41.855 43.7886 62.9904
v -42.079 44.1359 63.1183
v -42.3437 44.4506 62.9839
v -42.5478 44.6126 62.6386
v -43.9373 43.5915 62.5555
v -43.8401 43.3543 62.207
v -43.6079 43.0173 62.0667
v -43.3296 42.7092 62.1881
v -43.1114 42.5476 62.5249
v -43.0366 42.5943 62.9484
v -43.1339 42.8314 63.2969
v -43.366 43.1684 63.4373
v -43.6444 43.4766 63.3159
v -43.8626 43.6382 62.9791
v -45.2234 42.5691 62.9118
v -45.1274 42.3421 62.5562
v -44.888 42.0159 62.4032
v -44.5964 41.7151 62.5112
v -44.3642 41.5545 62.839
v -44.28 41.5956 63.2614
v -44.3759 41.8225 63.617
v -44.6154 42.1487 63.77
v -44.907 42.4496 63.6619
v -45.1392 42.6101 63.3341
v -46.4687 41.4938 63.2814
v -46.3748 41.2771 62.919
v -46.1287 40.9622 62.7533
v -45.8245 40.6694 62.8476
v -45.5784 40.5105 63.166
v -45.4843 40.5463 63.5868
v -45.5783 40.7631 63.9492
v -45.8243 41.078 64.1149
v -46.1285 41.3708 64.0205
v -46.3747 41.5296 63.7022
v -47.6704 40.3672 63.6629
v -47.5792 40.1607 63.2939
v -47.3274 39.8575 63.1154
v -47.0111 39.5735 63.1958
v -46.7512 39.417 63.5043
v -46.647 39.4479 63.923
v -46.7382 39.6544 64.2921
v -46.99 39.9576 64.4705
v -47.3063 40.2416 64.3901
v -47.5662 40.3981 64.0817
v -48.8256 39.1906 64.0548
v -48.7379 38.9944 63.6793
v -48.4811 38.7033 63.4882
v -48.1534 38.4287 63.5543
v -47.88 38.2754 63.8524
v -47.7653 38.3019 64.2687
v -47.853 38.4981 64.6442
v -48.1098 38.7892 64.8353
v -48.4375 39.0638 64.7692
v -48.7109 39.2171 64.471
v -49.9318 37.966 64.4552
v -49.8481 37.7799 64.0737
v -49.5873 37.5014 63.8699
v -49.2489 37.2368 63.9215
v -48.9622 37.0873 64.209
v -48.8367 37.1099 64.6224
v -48.9203 37.296 65.0039
v -49.1812 37.5746 65.2077
v -49.5196 37.8391 65.1561
v -49.8063 37.9886 64.8686
v -50.9863 36.6953 64.8626
v -50.9074 36.5192 64.4754
v -50.6433 36.2535 64.259
v -50.2949 35.9997 64.296
v -49.9953 35.8547 64.5723
v -49.8588 35.874 64.9824
v -49.9377 36.0501 65.3696
v -50.2018 36.3158 65.5861
v -50.5502 36.5696 65.549
v -50.8498 36.7145 65.2727
v -51.9868 35.3807 65.2753
v -51.9133 35.2144 64.8827
v -51.6469 34.9618 64.6538
v -51.2893 34.7194 64.6761
v -50.9771 34.5797 64.941
v -50.8295 34.5961 65.3473
v -50.903 34.7624 65.7399
v -51.1694 35.015 65.9688
v -51.527 35.2575 65.9465
v -51.8392 35.3971 65.6816
v -52.9311 34.0246 65.6914
v -52.8637 33.8679 65.2938
v -52.5959 33.6286 65.0527
v -52.2299 33.398 65.0601
v -51.9055 33.2644 65.3133
v -51.7467 33.2786 65.7154
v -51.8141 33.4353 66.113
v -52.0819 33.6746 66.3541
v -52.4479 33.9052 66.3467
v -52.7723 34.0388 66.0936
f 7953 7963 7964 7954
f 7954 7964 7965 7955
f 7955 7965 7966 7956
f 7956 7966 7967 7957
f 7957 7967 7968 7958
f 7958 7968 7969 7959
f 7959 7969 7970 7960
f 7960 7970 7971 7961
f 7961 7971 7972 7962
f 7962 7972 7963 7953
f 7963 7973 7974 7964
f 7964 7974 7975 7965
f 7965 7975 7976 7966
f 7966 7976 7977 7967
f 7967 7977 7978 7968
f 7968 7978 7979 7969
f 7969 7979 7980 7970
f 7970 7980 7981 7971
f 7971 7981 7982 7972
f 7972 7982 7973 7963
f 7973 7983 7984 7974
f 7974 7984 7985 7975
f 7975 7985 7986 7976
f 7976 7986 7987 7977
f 7977 7987 7988 7978
f 7978 7988 7989 7979
f 7979 7989 7990 7980
f 7980 7990 7991 7981
f 7981 7991 7992 7982
f 7982 7992 7983 7973
f 7983 7993 7994 7984
f 7984 7994 7995 7985
f 7985 7995 7996 7986
f 7986 7996 7997 7987
f 7987 7997 7998 7988
f 7988 7998 7999 7989
f 7989 7999 8000 7990
f 7990 8000 8001 7991
f 7991 8001 8002 7992
f 7992 8002 7993 7983
f 7993 8003 8004 7994
f 7994 8004 8005 7995
f 7995 8005 8006 7996
f 7996 8006 8007 7997
f 7997 8007 8008 7998
f 7998 8008 8009 7999
f 7999 8009 8010 8000
f 8000 8010 8011 8001
f 8001 8011 8012 8002
f 8002 8012 8003 7993
f 8003 8013 8014 8004
f 8004 8014 8015 8005
f 8005 8015 8016 8006
f 8006 8016 8017 8007
f 8007 8017 8018 8008
f 8008 8018 8019 8009
f 8009 8019 8020 8010
f 8010 8020 8021 8011
f 8011 8021 8022 8012
f 8012 8022 8013 8003
f 8013 8023 8024 8014
f 8014 8024 8025 8015
f 8015 8025 8026 8016
f 8016 8026 8027 8017
f 8017 8027 8028 8018
f 8018 8028 8029 8019
f 8019 8029 8030 8020
f 8020 8030 8031 8021
f 8021 8031 8032 8022
f 8022 8032 8023 8013
f 8023 8033 8034 8024
f 8024 8034 8035 8025
f 8025 8035 8036 8026
f 8026 8036 8037 8027
f 8027 8037 8038 8028
f 8028 8038 8039 8029
f 8029 8039 8040 8030
f 8030 8040 8041 8031
f 8031 8041 8042 8032
f 8032 8042 8033 8023
f 8033 8043 8044 8034
f 8034 8044 8045 8035
f 8035 8045 8046 8036
f 8036 8046 8047 8037
f 8037 8047 8048 8038
f 8038 8048 8049 8039
f 8039 8049 8050 8040
f 8040 8050 8051 8041
f 8041 8051 8052 8042
f 8042 8052 8043 8033
f 8043 8053 8054 8044
f 8044 8054 8055 8045
f 8045 8055 8056 8046
f 8046 8056 8057 8047
f 8047 8057 8058 8048
f 8048 8058 8059 8049
f 8049 8059 8060 8050
f 8050 8060 8061 8051
f 8051 8061 8062 8052
f 8052 8062 8053 8043
f 8053 8063 8064 8054
f 8054 8064 8065 8055
f 8055 8065 8066 8056
f 8056 8066 8067 8057
f 8057 8067 8068 8058
f 8058 8068 8069 8059
f 8059 8069 8070 8060
f 8060 8070 8071 8061
f 8061 8071 8072 8062
f 8062 8072 8063 8053
f 8063 8073 8074 8064
f 8064 8074 8075 8065
f 8065 8075 8076 8066
f 8066 8076 8077 8067
f 8067 8077 8078 8068
f 8068 8078 8079 8069
f 8069 8079 8080 8070
f 8070 8080 8081 8071
f 8071 8081 8082 8072
f 8072 8082 8073 8063
f 8073 8083 8084 8074
f 8074 8084 8085 8075
f 8075 8085 8086 8076
f 8076 8086 8087 8077
f 8077 8087 8088 8078
f 8078 8088 8089 8079
f 8079 8089 8090 8080
f 8080 8090 8091 8081
f 8081 8091 8092 8082
f 8082 8092 8083 8073
f 8083 8093 8094 8084
f 8084 8094 8095 8085
f 8085 8095 8096 8086
f 8086 8096 8097 8087
f 8087 8097 8098 8088
f 8088 8098 8099 8089
f 8089 8099 8100 8090
f 8090 8100 8101 8091
f 8091 8101 8102 8092
f 8092 8102 8093 8083
f 8093 8103 8104 8094
f 8094 8104 8105 8095
f 8095 8105 8106 8096
f 8096 8106 8107 8097
f 8097 8107 8108 8098
f 8098 8108 8109 8099
f 8099 8109 8110 8100
f 8100 8110 8111 8101
f 8101 8111 8112 8102
f 8102 8112 8103 8093
f 8103 8113 8114 8104
f 8104 8114 8115 8105
f 8105 8115 8116 8106
f 8106 8116 8117 8107
f 8107 8117 8118 8108
f 8108 8118 8119 8109
f 8109 8119 8120 8110
f 8110 8120 8121 8111
f 8111 8121 8122 8112
f 8112 8122 8113 8103
f 8113 8123 8124 8114
f 8114 8124 8125 8115
f 8115 8125 8126 8116
f 8116 8126 8127 8117
f 8117 8127 8128 8118
f 8118 8128 8129 8119
f 8119 8129 8130 8120
f 8120 8130 8131 8121
f 8121 8131 8132 8122
f 8122 8132 8123 8113
f 8123 8133 8134 8124
f 8124 8134 8135 8125
f 8125 8135 8136 8126
f 8126 8136 8137 8127
f 8127 8137 8138 8128
f 8128 8138 8139 8129
f 8129 8139 8140 8130
f 8130 8140 8141 8131
f 8131 8141 8142 8132
f 8132 8142 8133 8123
f 8133 8143 8144 8134
f 8134 8144 8145 8135
f 8135 8145 8146 8136
f 8136 8146 8147 8137
f 8137 8147 8148 8138
f 8138 8148 8149 8139
f 8139 8149 8150 8140
f 8140 8150 8151 8141
f 8141 8151 8152 8142
f 8142 8152 8143 8133
f 8143 8153 8154 8144
f 8144 8154 8155 8145
f 8145 8155 8156 8146
f 8146 8156 8157 8147
f 8147 8157 8158 8148
f 8148 8158 8159 8149
f 8149 8159 8160 8150
f 8150 8160 8161 8151
f 8151 8161 8162 8152
f 8152 8162 8153 8143
f 8153 8163 8164 8154
f 8154 8164 8165 8155
f 8155 8165 8166 8156
f 8156 8166 8167 8157
f 8157 8167 8168 8158
f 8158 8168 8169 8159
f 8159 8169 8170 8160
f 8160 8170 8171 8161
f 8161 8171 8172 8162
f 8162 8172 8163 8153
f 8163 8173 8174 8164
f 8164 8174 8175 8165
f 8165 8175 8176 8166
f 8166 8176 8177 8167
f 8167 8177 8178 8168
f 8168 8178 8179 8169
f 8169 8179 8180 8170
f 8170 8180 8181 8171
f 8171 8181 8182 8172
f 8172 8182 8173 8163
f 8173 8183 8184 8174
f 8174 8184 8185 8175
f 8175 8185 8186 8176
f 8176 8186 8187 8177
f 8177 8187 8188 8178
f 8178 8188 8189 8179
f 8179 8189 8190 8180
f 8180 8190 8191 8181
f 8181 8191 8192 8182
f 8182 8192 8183 8173
f 8183 8193 8194 8184
f 8184 8194 8195 8185
f 8185 8195 8196 8186
f 8186 8196 8197 8187
f 8187 8197 8198 8188
f 8188 8198 8199 8189
f 8189 8199 8200 8190
f 8190 8200 8201 8191
f 8191 8201 8202 8192
f 8192 8202 8193 8183
f 8193 8203 8204 8194
f 8194 8204 8205 8195
f 8195 8205 8206 8196
f 8196 8206 8207 8197
f 8197 8207 8208 8198
f 8198 8208 8209 8199
f 8199 8209 8210 8200
f 8200 8210 8211 8201
f 8201 8211 8212 8202
f 8202 8212 8203 8193
f 8203 8213 8214 8204
f 8204 8214 8215 8205
f 8205 8215 8216 8206
f 8206 8216 8217 8207
f 8207 8217 8218 8208
f 8208 8218 8219 8209
f 8209 8219 8220 8210
f 8210 8220 8221 8211
f 8211 8221 8222 8212
f 8212 8222 8213 8203
f 8213 8223 8224 8214
f 8214 8224 8225 8215
f 8215 8225 8226 8216
f 8216 8226 8227 8217
f 8217 8227 8228 8218
f 8218 8228 8229 8219
f 8219 8229 8230 8220
f 8220 8230 8231 8221
f 8221 8231 8232 8222
f 8222 8232 8223 8213
f 8223 8233 8234 8224
f 8224 8234 8235 8225
f 8225 8235 8236 8226
f 8226 8236 8237 8227
f 8227 8237 8238 8228
f 8228 8238 8239 8229
f 8229 8239 8240 8230
f 8230 8240 8241 8231
f 8231 8241 8242 8232
f 8232 8242 8233 8223
f 8233 8243 8244 8234
f 8234 8244 8245 8235
f 8235 8245 8246 8236
f 8236 8246 8247 8237
f 8237 8247 8248 8238
f 8238 8248 8249 8239
f 8239 8249 8250 8240
f 8240 8250 8251 8241
f 8241 8251 8252 8242
f 8242 8252 8243 8233
f 8243 8253 8254 8244
f 8244 8254 8255 8245
f 8245 8255 8256 8246
f 8246 8256 8257 8247
f 8247 8257 8258 8248
f 8248 8258 8259 8249
f 8249 8259 8260 8250
f 8250 8260 8261 8251
f 8251 8261 8262 8252
f 8252 8262 8253 8243
f 8253 8263 8264 8254
f 8254 8264 8265 8255
f 8255 8265 8266 8256
f 8256 8266 8267 8257
f 8257 8267 8268 8258
f 8258 8268 8269 8259
f 8259 8269 8270 8260
f 8260 8270 8271 8261
f 8261 8271 8272 8262
f 8262 8272 8263 8253
f 8263 8273 8274 8264
f 8264 8274 8275 8265
f 8265 8275 8276 8266
f 8266 8276 8277 8267
f 8267 8277 8278 8268
f 8268 8278 8279 8269
f 8269 8279 8280 8270
f 8270 8280 8281 8271
f 8271 8281 8282 8272
f 8272 8282 8273 8263
f 8273 8283 8284 8274
f 8274 8284 8285 8275
f 8275 8285 8286 8276
f 8276 8286 8287 8277
f 8277 8287 8288 8278
f 8278 8288 8289 8279
f 8279 8289 8290 8280
f 8280 8290 8291 8281
f 8281 8291 8292 8282
f 8282 8292 8283 8273
f 8283 8293 8294 8284
f 8284 8294 8295 8285
f 8285 8295 8296 8286
f 8286 8296 8297 8287
f 8287 8297 8298 8288
f 8288 8298 8299 8289
f 8289 8299 8300 8290
f 8290 8300 8301 8291
f 8291 8301 8302 8292
f 8292 8302 8293 8283
f 8293 8303 8304 8294
f 8294 8304 8305 8295
f 8295 8305 8306 8296
f 8296 8306 8307 8297
f 8297 8307 8308 8298
f 8298 8308 8309 8299
f 8299 8309 8310 8300
f 8300 8310 8311 8301
f 8301 8311 8312 8302
f 8302 8312 8303 8293
f 8303 8313 8314 8304
f 8304 8314 8315 8305
f 8305 8315 8316 8306
f 8306 8316 8317 8307
f 8307 8317 8318 8308
f 8308 8318 8319 8309
f 8309 8319 8320 8310
f 8310 8320 8321 8311
f 8311 8321 8322 8312
f 8312 8322 8313 8303
f 8313 8323 8324 8314
f 8314 8324 8325 8315
f 8315 8325 8326 8316
f 8316 8326 8327 8317
f 8317 8327 8328 8318
f 8318 8328 8329 8319
f 8319 8329 8330 8320
f 8320 8330 8331 8321
f 8321 8331 8332 8322
f 8322 8332 8323 8313
f 8323 8333 8334 8324
f 8324 8334 8335 8325
f 8325 8335 8336 8326
f 8326 8336 8337 8327
f 8327 8337 8338 8328
f 8328 8338 8339 8329
f 8329 8339 8340 8330
f 8330 8340 8341 8331
f 8331 8341 8342 8332
f 8332 8342 8333 8323
f 8333 8343 8344 8334
f 8334 8344 8345 8335
f 8335 8345 8346 8336
f 8336 8346 8347 8337
f 8337 8347 8348 8338
f 8338 8348 8349 8339
f 8339 8349 8350 8340
f 8340 8350 8351 8341
f 8341 8351 8352 8342
f 8342 8352 8343 8333
f 8343 8353 8354 8344
f 8344 8354 8355 8345
f 8345 8355 8356 8346
f 8346 8356 8357 8347
f 8347 8357 8358 8348
f 8348 8358 8359 8349
f 8349 8359 8360 8350
f 8350 8360 8361 8351
f 8351 8361 8362 8352
f 8352 8362 8353 8343
f 8353 8363 8364 8354
f 8354 8364 8365 8355
f 8355 8365 8366 8356
f 8356 8366 8367 8357
f 8357 8367 8368 8358
f 8358 8368 8369 8359
f 8359 8369 8370 8360
f 8360 8370 8371 8361
f 8361 8371 8372 8362
f 8362 8372 8363 8353
f 8363 8373 8374 8364
f 8364 8374 8375 8365
f 8365 8375 8376 8366
f 8366 8376 8377 8367
f 8367 8377 8378 8368
f 8368 8378 8379 8369
f 8369 8379 8380 8370
f 8370 8380 8381 8371
f 8371 8381 8382 8372
f 8372 8382 8373 8363
f 8373 8383 8384 8374
f 8374 8384 8385 8375
f 8375 8385 8386 8376
f 8376 8386 8387 8377
f 8377 8387 8388 8378
f 8378 8388 8389 8379
f 8379 8389 8390 8380
f 8380 8390 8391 8381
f 8381 8391 8392 8382
f 8382 8392 8383 8373
f 8383 8393 8394 8384
f 8384 8394 8395 8385
f 8385 8395 8396 8386
f 8386 8396 8397 8387
f 8387 8397 8398 8388
f 8388 8398 8399 8389
f 8389 8399 8400 8390
f 8390 8400 8401 8391
f 8391 8401 8402 8392
f 8392 8402 8393 8383
f 8393 8403 8404 8394
f 8394 8404 8405 8395
f 8395 8405 8406 8396
f 8396 8406 8407 8397
f 8397 8407 8408 8398
f 8398 8408 8409 8399
f 8399 8409 8410 8400
f 8400 8410 8411 8401
f 8401 8411 8412 8402
f 8402 8412 8403 8393
f 8403 8413 8414 8404
f 8404 8414 8415 8405
f 8405 8415 8416 8406
f 8406 8416 8417 8407
f 8407 8417 8418 8408
f 8408 8418 8419 8409
f 8409 8419 8420 8410
f 8410 8420 8421 8411
f 8411 8421 8422 8412
f 8412 8422 8413 8403
f 8413 8423 8424 8414
f 8414 8424 8425 8415
f 8415 8425 8426 8416
f 8416 8426 8427 8417
f 8417 8427 8428 8418
f 8418 8428 8429 8419
f 8419 8429 8430 8420
f 8420 8430 8431 8421
f 8421 8431 8432 8422
f 8422 8432 8423 8413
f 8423 8433 8434 8424
f 8424 8434 8435 8425
f 8425 8435 8436 8426
f 8426 8436 8437 8427
f 8427 8437 8438 8428
f 8428 8438 8439 8429
f 8429 8439 8440 8430
f 8430 8440 8441 8431
f 8431 8441 8442 8432
f 8432 8442 8433 8423
f 8433 8443 8444 8434
f 8434 8444 8445 8435
f 8435 8445 8446 8436
f 8436 8446 8447 8437
f 8437 8447 8448 8438
f 8438 8448 8449 8439
f 8439 8449 8450 8440
f 8440 8450 8451 8441
f 8441 8451 8452 8442
f 8442 8452 8443 8433
f 8443 8453 8454 8444
f 8444 8454 8455 8445
f 8445 8455 8456 8446
f 8446 8456 8457 8447
f 8447 8457 8458 8448
f 8448 8458 8459 8449
f 8449 8459 8460 8450
f 8450 8460 8461 8451
f 8451 8461 8462 8452
f 8452 8462 8453 8443
f 8453 8463 8464 8454
f 8454 8464 8465 8455
f 8455 8465 8466 8456
f 8456 8466 8467 8457
f 8457 8467 8468 8458
f 8458 8468 8469 8459
f 8459 8469 8470 8460
f 8460 8470 8471 8461
f 8461 8471 8472 8462
f 8462 8472 8463 8453
f 8463 8473 8474 8464
f 8464 8474 8475 8465
f 8465 8475 8476 8466
f 8466 8476 8477 8467
f 8467 8477 8478 8468
f 8468 8478 8479 8469
f 8469 8479 8480 8470
f 8470 8480 8481 8471
f 8471 8481 8482 8472
f 8472 8482 8473 8463
f 8473 8483 8484 8474
f 8474 8484 8485 8475
f 8475 8485 8486 8476
f 8476 8486 8487 8477
f 8477 8487 8488 8478
f 8478 8488 8489 8479
f 8479 8489 8490 8480
f 8480 8490 8491 8481
f 8481 8491 8492 8482
f 8482 8492 8483 8473
f 8483 8493 8494 8484
f 8484 8494 8495 8485
f 8485 8495 8496 8486
f 8486 8496 8497 8487
f 8487 8497 8498 8488
f 8488 8498 8499 8489
f 8489 8499 8500 8490
f 8490 8500 8501 8491
f 8491 8501 8502 8492
f 8492 8502 8493 8483
f 8493 8503 8504 8494
f 8494 8504 8505 8495
f 8495 8505 8506 8496
f 8496 8506 8507 8497
f 8497 8507 8508 8498
f 8498 8508 8509 8499
f 8499 8509 8510 8500
f 8500 8510 8511 8501
f 8501 8511 8512 8502
f 8502 8512 8503 8493
f 8503 8513 8514 8504
f 8504 8514 8515 8505
f 8505 8515 8516 8506
f 8506 8516 8517 8507
f 8507 8517 8518 8508
f 8508 8518 8519 8509
f 8509 8519 8520 8510
f 8510 8520 8521 8511
f 8511 8521 8522 8512
f 8512 8522 8513 8503
f 8513 8523 8524 8514
f 8514 8524 8525 8515
f 8515 8525 8526 8516
f 8516 8526 8527 8517
f 8517 8527 8528 8518
f 8518 8528 8529 8519
f 8519 8529 8530 8520
f 8520 8530 8531 8521
f 8521 8531 8532 8522
f 8522 8532 8523 8513
f 8523 8533 8534 8524
f 8524 8534 8535 8525
f 8525 8535 8536 8526
f 8526 8536 8537 8527
f 8527 8537 8538 8528
f 8528 8538 8539 8529
f 8529 8539 8540 8530
f 8530 8540 8541 8531
f 8531 8541 8542 8532
f 8532 8542 8533 8523
f 8533 8543 8544 8534
f 8534 8544 8545 8535
f 8535 8545 8546 8536
f 8536 8546 8547 8537
f 8537 8547 8548 8538
f 8538 8548 8549 8539
f 8539 8549 8550 8540
f 8540 8550 8551 8541
f 8541 8551 8552 8542
f 8542 8552 8543 8533
f 8543 8553 8554 8544
f 8544 8554 8555 8545
f 8545 8555 8556 8546
f 8546 8556 8557 8547
f 8547 8557 8558 8548
f 8548 8558 8559 8549
f 8549 8559 8560 8550
f 8550 8560 8561 8551
f 8551 8561 8562 8552
f 8552 8562 8553 8543
f 8553 8563 8564 8554
f 8554 8564 8565 8555
f 8555 8565 8566 8556
f 8556 8566 8567 8557
f 8557 8567 8568 8558
f 8558 8568 8569 8559
f 8559 8569 8570 8560
f 8560 8570 8571 8561
f 8561 8571 8572 8562
f 8562 8572 8563 8553
f 8563 8573 8574 8564
f 8564 8574 8575 8565
f 8565 8575 8576 8566
f 8566 8576 8577 8567
f 8567 8577 8578 8568
f 8568 8578 8579 8569
f 8569 8579 8580 8570
f 8570 8580 8581 8571
f 8571 8581 8582 8572
f 8572 8582 8573 8563
f 8573 8583 8584 8574
f 8574 8584 8585 8575
f 8575 8585 8586 8576
f 8576 8586 8587 8577
f 8577 8587 8588 8578
f 8578 8588 8589 8579
f 8579 8589 8590 8580
f 8580 8590 8591 8581
f 8581 8591 8592 8582
f 8582 8592 8583 8573
f 8583 8593 8594 8584
f 8584 8594 8595 8585
f 8585 8595 8596 8586
f 8586 8596 8597 8587
f 8587 8597 8598 8588
f 8588 8598 8599 8589
f 8589 8599 8600 8590
f 8590 8600 8601 8591
f 8591 8601 8602 8592
f 8592 8602 8593 8583
f 8593 8603 8604 8594
f 8594 8604 8605 8595
f 8595 8605 8606 8596
f 8596 8606 8607 8597
f 8597 8607 8608 8598
f 8598 8608 8609 8599
f 8599 8609 8610 8600
f 8600 8610 8611 8601
f 8601 8611 8612 8602
f 8602 8612 8603 8593
f 8603 8613 8614 8604
f 8604 8614 8615 8605
f 8605 8615 8616 8606
f 8606 8616 8617 8607
f 8607 8617 8618 8608
f 8608 8618 8619 8609
f 8609 8619 8620 8610
f 8610 8620 8621 8611
f 8611 8621 8622 8612
f 8612 8622 8613 8603
f 8613 8623 8624 8614
f 8614 8624 8625 8615
f 8615 8625 8626 8616
f 8616 8626 8627 8617
f 8617 8627 8628 8618
f 8618 8628 8629 8619
f 8619 8629 8630 8620
f 8620 8630 8631 8621
f 8621 8631 8632 8622
f 8622 8632 8623 8613
f 8623 8633 8634 8624
f 8624 8634 8635 8625
f 8625 8635 8636 8626
f 8626 8636 8637 8627
f 8627 8637 8638 8628
f 8628 8638 8639 8629
f 8629 8639 8640 8630
f 8630 8640 8641 8631
f 8631 8641 8642 8632
f 8632 8642 8633 8623
f 8633 8643 8644 8634
f 8634 8644 8645 8635
f 8635 8645 8646 8636
f 8636 8646 8647 8637
f 8637 8647 8648 8638
f 8638 8648 8649 8639
f 8639 8649 8650 8640
f 8640 8650 8651 8641
f 8641 8651 8652 8642
f 8642 8652 8643 8633
f 8643 8653 8654 8644
f 8644 8654 8655 8645
f 8645 8655 8656 8646
f 8646 8656 8657 8647
f 8647 8657 8658 8648
f 8648 8658 8659 8649
f 8649 8659 8660 8650
f 8650 8660 8661 8651
f 8651 8661 8662 8652
f 8652 8662 8653 8643
f 8653 8663 8664 8654
f 8654 8664 8665 8655
f 8655 8665 8666 8656
f 8656 8666 8667 8657
f 8657 8667 8668 8658
f 8658 8668 8669 8659
f 8659 8669 8670 8660
f 8660 8670 8671 8661
f 8661 8671 8672 8662
f 8662 8672 8663 8653
f 8663 8673 8674 8664
f 8664 8674 8675 8665
f 8665 8675 8676 8666
f 8666 8676 8677 8667
f 8667 8677 8678 8668
f 8668 8678 8679 8669
f 8669 8679 8680 8670
f 8670 8680 8681 8671
f 8671 8681 8682 8672
f 8672 8682 8673 8663
f 8673 8683 8684 8674
f 8674 8684 8685 8675
f 8675 8685 8686 8676
f 8676 8686 8687 8677
f 8677 8687 8688 8678
f 8678 8688 8689 8679
f 8679 8689 8690 8680
f 8680 8690 8691 8681
f 8681 8691 8692 8682
f 8682 8692 8683 8673
f 8683 8693 8694 8684
f 8684 8694 8695 8685
f 8685 8695 8696 8686
f 8686 8696 8697 8687
f 8687 8697 8698 8688
f 8688 8698 8699 8689
f 8689 8699 8700 8690
f 8690 8700 8701 8691
f 8691 8701 8702 8692
f 8692 8702 8693 8683
f 8693 8703 8704 8694
f 8694 8704 8705 8695
f 8695 8705 8706 8696
f 8696 8706 8707 8697
f 8697 8707 8708 8698
f 8698 8708 8709 8699
f 8699 8709 8710 8700
f 8700 8710 8711 8701
f 8701 8711 8712 8702
f 8702 8712 8703 8693
f 8703 8713 8714 8704
f 8704 8714 8715 8705
f 8705 8715 8716 8706
f 8706 8716 8717 8707
f 8707 8717 8718 8708
f 8708 8718 8719 8709
f 8709 8719 8720 8710
f 8710 8720 8721 8711
f 8711 8721 8722 8712
f 8712 8722 8713 8703
f 8713 8723 8724 8714
f 8714 8724 8725 8715
f 8715 8725 8726 8716
f 8716 8726 8727 8717
f 8717 8727 8728 8718
f 8718 8728 8729 8719
f 8719 8729 8730 8720
f 8720 8730 8731 8721
f 8721 8731 8732 8722
f 8722 8732 8723 8713
f 8723 8733 8734 8724
f 8724 8734 8735 8725
f 8725 8735 8736 8726
f 8726 8736 8737 8727
f 8727 8737 8738 8728
f 8728 8738 8739 8729
f 8729 8739 8740 8730
f 8730 8740 8741 8731
f 8731 8741 8742 8732
f 8732 8742 8733 8723
f 8733 8743 8744 8734
f 8734 8744 8745 8735
f 8735 8745 8746 8736
f 8736 8746 8747 8737
f 8737 8747 8748 8738
f 8738 8748 8749 8739
f 8739 8749 8750 8740
f 8740 8750 8751 8741
f 8741 8751 8752 8742
f 8742 8752 8743 8733
f 8743 8753 8754 8744
f 8744 8754 8755 8745
f 8745 8755 8756 8746
f 8746 8756 8757 8747
f 8747 8757 8758 8748
f 8748 8758 8759 8749
f 8749 8759 8760 8750
f 8750 8760 8761 8751
f 8751 8761 8762 8752
f 8752 8762 8753 8743
f 8753 8763 8764 8754
f 8754 8764 8765 8755
f 8755 8765 8766 8756
f 8756 8766 8767 8757
f 8757 8767 8768 8758
f 8758 8768 8769 8759
f 8759 8769 8770 8760
f 8760 8770 8771 8761
f 8761 8771 8772 8762
f 8762 8772 8763 8753
f 8763 8773 8774 8764
f 8764 8774 8775 8765
f 8765 8775 8776 8766
f 8766 8776 8777 8767
f 8767 8777 8778 8768
f 8768 8778 8779 8769
f 8769 8779 8780 8770
f 8770 8780 8781 8771
f 8771 8781 8782 8772
f 8772 8782 8773 8763
f 8773 8783 8784 8774
f 8774 8784 8785 8775
f 8775 8785 8786 8776
f 8776 8786 8787 8777
f 8777 8787 8788 8778
f 8778 8788 8789 8779
f 8779 8789 8790 8780
f 8780 8790 8791 8781
f 8781 8791 8792 8782
f 8782 8792 8783 8773
f 8783 8793 8794 8784
f 8784 8794 8795 8785
f 8785 8795 8796 8786
f 8786 8796 8797 8787
f 8787 8797 8798 8788
f 8788 8798 8799 8789
f 8789 8799 8800 8790
f 8790 8800 8801 8791
f 8791 8801 8802 8792
f 8792 8802 8793 8783
f 8793 8803 8804 8794
f 8794 8804 8805 8795
f 8795 8805 8806 8796
f 8796 8806 8807 8797
f 8797 8807 8808 8798
f 8798 8808 8809 8799
f 8799 8809 8810 8800
f 8800 8810 8811 8801
f 8801 8811 8812 8802
f 8802 8812 8803 8793
f 8803 8813 8814 8804
f 8804 8814 8815 8805
f 8805 8815 8816 8806
f 8806 8816 8817 8807
f 8807 8817 8818 8808
f 8808 8818 8819 8809
f 8809 8819 8820 8810
f 8810 8820 8821 8811
f 8811 8821 8822 8812
f 8812 8822 8813 8803
f 8813 8823 8824 8814
f 8814 8824 8825 8815
f 8815 8825 8826 8816
f 8816 8826 8827 8817
f 8817 8827 8828 8818
f 8818 8828 8829 8819
f 8819 8829 8830 8820
f 8820 8830 8831 8821
f 8821 8831 8832 8822
f 8822 8832 8823 8813
f 8823 8833 8834 8824
f 8824 8834 8835 8825
f 8825 8835 8836 8826
f 8826 8836 8837 8827
f 8827 8837 8838 8828
f 8828 8838 8839 8829
f 8829 8839 8840 8830
f 8830 8840 8841 8831
f 8831 8841 8842 8832
f 8832 8842 8833 8823
f 8833 8843 8844 8834
f 8834 8844 8845 8835
f 8835 8845 8846 8836
f 8836 8846 8847 8837
f 8837 8847 8848 8838
f 8838 8848 8849 8839
f 8839 8849 8850 8840
f 8840 8850 8851 8841
f 8841 8851 8852 8842
f 8842 8852 8843 8833
f 8843 8853 8854 8844
f 8844 8854 8855 8845
f 8845 8855 8856 8846
f 8846 8856 8857 8847
f 8847 8857 8858 8848
f 8848 8858 8859 8849
f 8849 8859 8860 8850
f 8850 8860 8861 8851
f 8851 8861 8862 8852
f 8852 8862 8853 8843
f 8853 8863 8864 8854
f 8854 8864 8865 8855
f 8855 8865 8866 8856
f 8856 8866 8867 8857
f 8857 8867 8868 8858
f 8858 8868 8869 8859
f 8859 8869 8870 8860
f 8860 8870 8871 8861
f 8861 8871 8872 8862
f 8862 8872 8863 8853
f 8863 8873 8874 8864
f 8864 8874 8875 8865
f 8865 8875 8876 8866
f 8866 8876 8877 8867
f 8867 8877 8878 8868
f 8868 8878 8879 8869
f 8869 8879 8880 8870
f 8870 8880 8881 8871
f 8871 8881 8882 8872
f 8872 8882 8873 8863
f 8873 8883 8884 8874
f 8874 8884 8885 8875
f 8875 8885 8886 8876
f 8876 8886 8887 8877
f 8877 8887 8888 8878
f 8878 8888 8889 8879
f 8879 8889 8890 8880
f 8880 8890 8891 8881
f 8881 8891 8892 8882
f 8882 8892 8883 8873
f 8883 8893 8894 8884
f 8884 8894 8895 8885
f 8885 8895 8896 8886
f 8886 8896 8897 8887
f 8887 8897 8898 8888
f 8888 8898 8899 8889
f 8889 8899 8900 8890
f 8890 8900 8901 8891
f 8891 8901 8902 8892
f 8892 8902 8893 8883
f 8893 8903 8904 8894
f 8894 8904 8905 8895
f 8895 8905 8906 8896
f 8896 8906 8907 8897
f 8897 8907 8908 8898
f 8898 8908 8909 8899
f 8899 8909 8910 8900
f 8900 8910 8911 8901
f 8901 8911 8912 8902
f 8902 8912 8903 8893
f 8903 8913 8914 8904
f 8904 8914 8915 8905
f 8905 8915 8916 8906
f 8906 8916 8917 8907
f 8907 8917 8918 8908
f 8908 8918 8919 8909
f 8909 8919 8920 8910
f 8910 8920 8921 8911
f 8911 8921 8922 8912
f 8912 8922 8913 8903
f 8913 8923 8924 8914
f 8914 8924 8925 8915
f 8915 8925 8926 8916
f 8916 8926 8927 8917
f 8917 8927 8928 8918
f 8918 8928 8929 8919
f 8919 8929 8930 8920
f 8920 8930 8931 8921
f 8921 8931 8932 8922
f 8922 8932 8923 8913
f 8923 8933 8934 8924
f 8924 8934 8935 8925
f 8925 8935 8936 8926
f 8926 8936 8937 8927
f 8927 8937 8938 8928
f 8928 8938 8939 8929
f 8929 8939 8940 8930
f 8930 8940 8941 8931
f 8931 8941 8942 8932
f 8932 8942 8933 8923
f 8933 8943 8944 8934
f 8934 8944 8945 8935
f 8935 8945 8946 8936
f 8936 8946 8947 8937
f 8937 8947 8948 8938
f 8938 8948 8949 8939
f 8939 8949 8950 8940
f 8940 8950 8951 8941
f 8941 8951 8952 8942
f 8942 8952 8943 8933
f 8943 8953 8954 8944
f 8944 8954 8955 8945
f 8945 8955 8956 8946
f 8946 8956 8957 8947
f 8947 8957 8958 8948
f 8948 8958 8959 8949
f 8949 8959 8960 8950
f 8950 8960 8961 8951
f 8951 8961 8962 8952
f 8952 8962 8953 8943
f 8953 8963 8964 8954
f 8954 8964 8965 8955
f 8955 8965 8966 8956
f 8956 8966 8967 8957
f 8957 8967 8968 8958
f 8958 8968 8969 8959
f 8959 8969 8970 8960
f 8960 8970 8971 8961
f 8961 8971 8972 8962
f 8962 8972 8963 8953
f 8963 8973 8974 8964
f 8964 8974 8975 8965
f 8965 8975 8976 8966
f 8966 8976 8977 8967
f 8967 8977 8978 8968
f 8968 8978 8979 8969
f 8969 8979 8980 8970
f 8970 8980 8981 8971
f 8971 8981 8982 8972
f 8972 8982 8973 8963
f 8973 8983 8984 8974
f 8974 8984 8985 8975
f 8975 8985 8986 8976
f 8976 8986 8987 8977
f 8977 8987 8988 8978
f 8978 8988 8989 8979
f 8979 8989 8990 8980
f 8980 8990 8991 8981
f 8981 8991 8992 8982
f 8982 8992 8983 8973
f 8983 8993 8994 8984
f 8984 8994 8995 8985
f 8985 8995 8996 8986
f 8986 8996 8997 8987
f 8987 8997 8998 8988
f 8988 8998 8999 8989
f 8989 8999 9000 8990
f 8990 9000 9001 8991
f 8991 9001 9002 8992
f 8992 9002 8993 8983
f 8993 9003 9004 8994
f 8994 9004 9005 8995
f 8995 9005 9006 8996
f 8996 9006 9007 8997
f 8997 9007 9008 8998
f 8998 9008 9009 8999
f 8999 9009 9010 9000
f 9000 9010 9011 9001
f 9001 9011 9012 9002
f 9002 9012 9003 8993
f 9003 9013 9014 9004
f 9004 9014 9015 9005
f 9005 9015 9016 9006
f 9006 9016 9017 9007
f 9007 9017 9018 9008
f 9008 9018 9019 9009
f 9009 9019 9020 9010
f 9010 9020 9021 9011
f 9011 9021 9022 9012
f 9012 9022 9013 9003
f 9013 9023 9024 9014
f 9014 9024 9025 9015
f 9015 9025 9026 9016
f 9016 9026 9027 9017
f 9017 9027 9028 9018
f 9018 9028 9029 9019
f 9019 9029 9030 9020
f 9020 9030 9031 9021
f 9021 9031 9032 9022
f 9022 9032 9023 9013
f 9023 9033 9034 9024
f 9024 9034 9035 9025
f 9025 9035 9036 9026
f 9026 9036 9037 9027
f 9027 9037 9038 9028
f 9028 9038 9039 9029
f 9029 9039 9040 9030
f 9030 9040 9041 9031
f 9031 9041 9042 9032
f 9032 9042 9033 9023
f 9033 9043 9044 9034
f 9034 9044 9045 9035
f 9035 9045 9046 9036
f 9036 9046 9047 9037
f 9037 9047 9048 9038
f 9038 9048 9049 9039
f 9039 9049 9050 9040
f 9040 9050 9051 9041
f 9041 9051 9052 9042
f 9042 9052 9043 9033
f 9043 9053 9054 9044
f 9044 9054 9055 9045
f 9045 9055 9056 9046
f 9046 9056 9057 9047
f 9047 9057 9058 9048
f 9048 9058 9059 9049
f 9049 9059 9060 9050
f 9050 9060 9061 9051
f 9051 9061 9062 9052
f 9052 9062 9053 9043
f 9053 9063 9064 9054
f 9054 9064 9065 9055
f 9055 9065 9066 9056
f 9056 9066 9067 9057
f 9057 9067 9068 9058
f 9058 9068 9069 9059
f 9059 9069 9070 9060
f 9060 9070 9071 9061
f 9061 9071 9072 9062
f 9062 9072 9063 9053
f 9063 9073 9074 9064
f 9064 9074 9075 9065
f 9065 9075 9076 9066
f 9066 9076 9077 9067
f 9067 9077 9078 9068
f 9068 9078 9079 9069
f 9069 9079 9080 9070
f 9070 9080 9081 9071
f 9071 9081 9082 9072
f 9072 9082 9073 9063
f 9073 9083 9084 9074
f 9074 9084 9085 9075
f 9075 9085 9086 9076
f 9076 9086 9087 9077
f 9077 9087 9088 9078
f 9078 9088 9089 9079
f 9079 9089 9090 9080
f 9080 9090 9091 9081
f 9081 9091 9092 9082
f 9082 9092 9083 9073
f 9083 9093 9094 9084
f 9084 9094 9095 9085
f 9085 9095 9096 9086
f 9086 9096 9097 9087
f 9087 9097 9098 9088
f 9088 9098 9099 9089
f 9089 9099 9100 9090
f 9090 9100 9101 9091
f 9091 9101 9102 9092
f 9092 9102 9093 9083
f 9093 9103 9104 9094
f 9094 9104 9105 9095
f 9095 9105 9106 9096
f 9096 9106 9107 9097
f 9097 9107 9108 9098
f 9098 9108 9109 9099
f 9099 9109 9110 9100
f 9100 9110 9111 9101
f 9101 9111 9112 9102
f 9102 9112 9103 9093
f 9103 9113 9114 9104
f 9104 9114 9115 9105
f 9105 9115 9116 9106
f 9106 9116 9117 9107
f 9107 9117 9118 9108
f 9108 9118 9119 9109
f 9109 9119 9120 9110
f 9110 9120 9121 9111
f 9111 9121 9122 9112
f 9112 9122 9113 9103
f 9113 9123 9124 9114
f 9114 9124 9125 9115
f 9115 9125 9126 9116
f 9116 9126 9127 9117
f 9117 9127 9128 9118
f 9118 9128 9129 9119
f 9119 9129 9130 9120
f 9120 9130 9131 9121
f 9121 9131 9132 9122
f 9122 9132 9123 9113
f 9123 9133 9134 9124
f 9124 9134 9135 9125
f 9125 9135 9136 9126
f 9126 9136 9137 9127
f 9127 9137 9138 9128
f 9128 9138 9139 9129
f 9129 9139 9140 9130
f 9130 9140 9141 9131
f 9131 9141 9142 9132
f 9132 9142 9133 9123
f 9133 9143 9144 9134
f 9134 9144 9145 9135
f 9135 9145 9146 9136
f 9136 9146 9147 9137
f 9137 9147 9148 9138
f 9138 9148 9149 9139
f 9139 9149 9150 9140
f 9140 9150 9151 9141
f 9141 9151 9152 9142
f 9142 9152 9143 9133
f 9143 9153 9154 9144
f 9144 9154 9155 9145
f 9145 9155 9156 9146
f 9146 9156 9157 9147
f 9147 9157 9158 9148
f 9148 9158 9159 9149
f 9149 9159 9160 9150
f 9150 9160 9161 9151
f 9151 9161 9162 9152
f 9152 9162 9153 9143
f 9153 9163 9164 9154
f 9154 9164 9165 9155
f 9155 9165 9166 9156
f 9156 9166 9167 9157
f 9157 9167 9168 9158
f 9158 9168 9169 9159
f 9159 9169 9170 9160
f 9160 9170 9171 9161
f 9161 9171 9172 9162
f 9162 9172 9163 9153
f 9163 9173 9174 9164
f 9164 9174 9175 9165
f 9165 9175 9176 9166
f 9166 9176 9177 9167
f 9167 9177 9178 9168
f 9168 9178 9179 9169
f 9169 9179 9180 9170
f 9170 9180 9181 9171
f 9171 9181 9182 9172
f 9172 9182 9173 9163
f 9173 9183 9184 9174
f 9174 9184 9185 9175
f 9175 9185 9186 9176
f 9176 9186 9187 9177
f 9177 9187 9188 9178
f 9178 9188 9189 9179
f 9179 9189 9190 9180
f 9180 9190 9191 9181
f 9181 9191 9192 9182
f 9182 9192 9183 9173
f 9183 9193 9194 9184
f 9184 9194 9195 9185
f 9185 9195 9196 9186
f 9186 9196 9197 9187
f 9187 9197 9198 9188
f 9188 9198 9199 9189
f 9189 9199 9200 9190
f 9190 9200 9201 9191
f 9191 9201 9202 9192
f 9192 9202 9193 9183
f 9193 9203 9204 9194
f 9194 9204 9205 9195
f 9195 9205 9206 9196
f 9196 9206 9207 9197
f 9197 9207 9208 9198
f 9198 9208 9209 9199
f 9199 9209 9210 9200
f 9200 9210 9211 9201
f 9201 9211 9212 9202
f 9202 9212 9203 9193
f 9203 9213 9214 9204
f 9204 9214 9215 9205
f 9205 9215 9216 9206
f 9206 9216 9217 9207
f 9207 9217 9218 9208
f 9208 9218 9219 9209
f 9209 9219 9220 9210
f 9210 9220 9221 9211
f 9211 9221 9222 9212
f 9212 9222 9213 9203
f 9213 9223 9224 9214
f 9214 9224 9225 9215
f 9215 9225 9226 9216
f 9216 9226 9227 9217
f 9217 9227 9228 9218
f 9218 9228 9229 9219
f 9219 9229 9230 9220
f 9220 9230 9231 9221
f 9221 9231 9232 9222
f 9222 9232 9223 9213
f 9223 9233 9234 9224
f 9224 9234 9235 9225
f 9225 9235 9236 9226
f 9226 9236 9237 9227
f 9227 9237 9238 9228
f 9228 9238 9239 9229
f 9229 9239 9240 9230
f 9230 9240 9241 9231
f 9231 9241 9242 9232
f 9232 9242 9233 9223
f 9233 9243 9244 9234
f 9234 9244 9245 9235
f 9235 9245 9246 9236
f 9236 9246 9247 9237
f 9237 9247 9248 9238
f 9238 9248 9249 9239
f 9239 9249 9250 9240
f 9240 9250 9251 9241
f 9241 9251 9252 9242
f 9242 9252 9243 9233
f 9243 9253 9254 9244
f 9244 9254 9255 9245
f 9245 9255 9256 9246
f 9246 9256 9257 9247
f 9247 9257 9258 9248
f 9248 9258 9259 9249
f 9249 9259 9260 9250
f 9250 9260 9261 9251
f 9251 9261 9262 9252
f 9252 9262 9253 9243
f 9253 9263 9264 9254
f 9254 9264 9265 9255
f 9255 9265 9266 9256
f 9256 9266 9267 9257
f 9257 9267 9268 9258
f 9258 9268 9269 9259
f 9259 9269 9270 9260
f 9260 9270 9271 9261
f 9261 9271 9272 9262
f 9262 9272 9263 9253
f 9263 9273 9274 9264
f 9264 9274 9275 9265
f 9265 9275 9276 9266
f 9266 9276 9277 9267
f 9267 9277 9278 9268
f 9268 9278 9279 9269
f 9269 9279 9280 9270
f 9270 9280 9281 9271
f 9271 9281 9282 9272
f 9272 9282 9273 9263
f 9273 9283 9284 9274
f 9274 9284 9285 9275
f 9275 9285 9286 9276
f 9276 9286 9287 9277
f 9277 9287 9288 9278
f 9278 9288 9289 9279
f 9279 9289 9290 9280
f 9280 9290 9291 9281
f 9281 9291 9292 9282
f 9282 9292 9283 9273
f 9283 9293 9294 9284
f 9284 9294 9295 9285
f 9285 9295 9296 9286
f 9286 9296 9297 9287
f 9287 9297 9298 9288
f 9288 9298 9299 9289
f 9289 9299 9300 9290
f 9290 9300 9301 9291
f 9291 9301 9302 9292
f 9292 9302 9293 9283
f 9293 9303 9304 9294
f 9294 9304 9305 9295
f 9295 9305 9306 9296
f 9296 9306 9307 9297
f 9297 9307 9308 9298
f 9298 9308 9309 9299
f 9299 9309 9310 9300
f 9300 9310 9311 9301
f 9301 9311 9312 9302
f 9302 9312 9303 9293
f 9303 9313 9314 9304
f 9304 9314 9315 9305
f 9305 9315 9316 9306
f 9306 9316 9317 9307
f 9307 9317 9318 9308
f 9308 9318 9319 9309
f 9309 9319 9320 9310
f 9310 9320 9321 9311
f 9311 9321 9322 9312
f 9312 9322 9313 9303
f 9313 9323 9324 9314
f 9314 9324 9325 9315
f 9315 9325 9326 9316
f 9316 9326 9327 9317
f 9317 9327 9328 9318
f 9318 9328 9329 9319
f 9319 9329 9330 9320
f 9320 9330 9331 9321
f 9321 9331 9332 9322
f 9322 9332 9323 9313
f 9323 9333 9334 9324
f 9324 9334 9335 9325
f 9325 9335 9336 9326
f 9326 9336 9337 9327
f 9327 9337 9338 9328
f 9328 9338 9339 9329
f 9329 9339 9340 9330
f 9330 9340 9341 9331
f 9331 9341 9342 9332
f 9332 9342 9333 9323
f 9333 9343 9344 9334
f 9334 9344 9345 9335
f 9335 9345 9346 9336
f 9336 9346 9347 9337
f 9337 9347 9348 9338
f 9338 9348 9349 9339
f 9339 9349 9350 9340
f 9340 9350 9351 9341
f 9341 9351 9352 9342
f 9342 9352 9343 9333
f 9343 9353 9354 9344
f 9344 9354 9355 9345
f 9345 9355 9356 9346
f 9346 9356 9357 9347
f 9347 9357 9358 9348
f 9348 9358 9359 9349
f 9349 9359 9360 9350
f 9350 9360 9361 9351
f 9351 9361 9362 9352
f 9352 9362 9353 9343
f 9353 9363 9364 9354
f 9354 9364 9365 9355
f 9355 9365 9366 9356
f 9356 9366 9367 9357
f 9357 9367 9368 9358
f 9358 9368 9369 9359
f 9359 9369 9370 9360
f 9360 9370 9371 9361
f 9361 9371 9372 9362
f 9362 9372 9363 9353
f 9363 9373 9374 9364
f 9364 9374 9375 9365
f 9365 9375 9376 9366
f 9366 9376 9377 9367
f 9367 9377 9378 9368
f 9368 9378 9379 9369
f 9369 9379 9380 9370
f 9370 9380 9381 9371
f 9371 9381 9382 9372
f 9372 9382 9373 9363
f 9373 9383 9384 9374
f 9374 9384 9385 9375
f 9375 9385 9386 9376
f 9376 9386 9387 9377
f 9377 9387 9388 9378
f 9378 9388 9389 9379
f 9379 9389 9390 9380
f 9380 9390 9391 9381
f 9381 9391 9392 9382
f 9382 9392 9383 9373
f 9383 9393 9394 9384
f 9384 9394 9395 9385
f 9385 9395 9396 9386
f 9386 9396 9397 9387
f 9387 9397 9398 9388
f 9388 9398 9399 9389
f 9389 9399 9400 9390
f 9390 9400 9401 9391
f 9391 9401 9402 9392
f 9392 9402 9393 9383
f 9393 9403 9404 9394
f 9394 9404 9405 9395
f 9395 9405 9406 9396
f 9396 9406 9407 9397
f 9397 9407 9408 9398
f 9398 9408 9409 9399
f 9399 9409 9410 9400
f 9400 9410 9411 9401
f 9401 9411 9412 9402
f 9402 9412 9403 9393
f 9403 9413 9414 9404
f 9404 9414 9415 9405
f 9405 9415 9416 9406
f 9406 9416 9417 9407
f 9407 9417 9418 9408
f 9408 9418 9419 9409
f 9409 9419 9420 9410
f 9410 9420 9421 9411
f 9411 9421 9422 9412
f 9412 9422 9413 9403
f 9413 9423 9424 9414
f 9414 9424 9425 9415
f 9415 9425 9426 9416
f 9416 9426 9427 9417
f 9417 9427 9428 9418
f 9418 9428 9429 9419
f 9419 9429 9430 9420
f 9420 9430 9431 9421
f 9421 9431 9432 9422
f 9422 9432 9423 9413
f 9423 9433 9434 9424
f 9424 9434 9435 9425
f 9425 9435 9436 9426
f 9426 9436 9437 9427
f 9427 9437 9438 9428
f 9428 9438 9439 9429
f 9429 9439 9440 9430
f 9430 9440 9441 9431
f 9431 9441 9442 9432
f 9432 9442 9433 9423
f 9433 9443 9444 9434
f 9434 9444 9445 9435
f 9435 9445 9446 9436
f 9436 9446 9447 9437
f 9437 9447 9448 9438
f 9438 9448 9449 9439
f 9439 9449 9450 9440
f 9440 9450 9451 9441
f 9441 9451 9452 9442
f 9442 9452 9443 9433
f 9443 9453 9454 9444
f 9444 9454 9455 9445
f 9445 9455 9456 9446
f 9446 9456 9457 9447
f 9447 9457 9458 9448
f 9448 9458 9459 9449
f 9449 9459 9460 9450
f 9450 9460 9461 9451
f 9451 9461 9462 9452
f 9452 9462 9453 9443
f 9453 9463 9464 9454
f 9454 9464 9465 9455
f 9455 9465 9466 9456
f 9456 9466 9467 9457
f 9457 9467 9468 9458
f 9458 9468 9469 9459
f 9459 9469 9470 9460
f 9460 9470 9471 9461
f 9461 9471 9472 9462
f 9462 9472 9463 9453
f 9463 9473 9474 9464
f 9464 9474 9475 9465
f 9465 9475 9476 9466
f 9466 9476 9477 9467
f 9467 9477 9478 9468
f 9468 9478 9479 9469
f 9469 9479 9480 9470
f 9470 9480 9481 9471
f 9471 9481 9482 9472
f 9472 9482 9473 9463
f 9473 9483 9484 9474
f 9474 9484 9485 9475
f 9475 9485 9486 9476
f 9476 9486 9487 9477
f 9477 9487 9488 9478
f 9478 9488 9489 9479
f 9479 9489 9490 9480
f 9480 9490 9491 9481
f 9481 9491 9492 9482
f 9482 9492 9483 9473
f 9483 9493 9494 9484
f 9484 9494 9495 9485
f 9485 9495 9496 9486
f 9486 9496 9497 9487
f 9487 9497 9498 9488
f 9488 9498 9499 9489
f 9489 9499 9500 9490
f 9490 9500 9501 9491
f 9491 9501 9502 9492
f 9492 9502 9493 9483
f 9493 9503 9504 9494
f 9494 9504 9505 9495
f 9495 9505 9506 9496
f 9496 9506 9507 9497
f 9497 9507 9508 9498
f 9498 9508 9509 9499
f 9499 9509 9510 9500
f 9500 9510 9511 9501
f 9501 9511 9512 9502
f 9502 9512 9503 9493
f 9503 9513 9514 9504
f 9504 9514 9515 9505
f 9505 9515 9516 9506
f 9506 9516 9517 9507
f 9507 9517 9518 9508
f 9508 9518 9519 9509
f 9509 9519 9520 9510
f 9510 9520 9521 9511
f 9511 9521 9522 9512
f 9512 9522 9513 9503
f 9513 9523 9524 9514
f 9514 9524 9525 9515
f 9515 9525 9526 9516
f 9516 9526 9527 9517
f 9517 9527 9528 9518
f 9518 9528 9529 9519
f 9519 9529 9530 9520
f 9520 9530 9531 9521
f 9521 9531 9532 9522
f 9522 9532 9523 9513
f 9523 9533 9534 9524
f 9524 9534 9535 9525
f 9525 9535 9536 9526
f 9526 9536 9537 9527
f 9527 9537 9538 9528
f 9528 9538 9539 9529
f 9529 9539 9540 9530
f 9530 9540 9541 9531
f 9531 9541 9542 9532
f 9532 9542 9533 9523
f 9533 9543 9544 9534
f 9534 9544 9545 9535
f 9535 9545 9546 9536
f 9536 9546 9547 9537
f 9537 9547 9548 9538
f 9538 9548 9549 9539
f 9539 9549 9550 9540
f 9540 9550 9551 9541
f 9541 9551 9552 9542
f 9542 9552 9543 9533
f 9543 9553 9554 9544
f 9544 9554 9555 9545
f 9545 9555 9556 9546
f 9546 9556 9557 9547
f 9547 9557 9558 9548
f 9548 9558 9559 9549
f 9549 9559 9560 9550
f 9550 9560 9561 9551
f 9551 9561 9562 9552
f 9552 9562 9553 9543
f 9553 9563 9564 9554
f 9554 9564 9565 9555
f 9555 9565 9566 9556
f 9556 9566 9567 9557
f 9557 9567 9568 9558
f 9558 9568 9569 9559
f 9559 9569 9570 9560
f 9560 9570 9571 9561
f 9561 9571 9572 9562
f 9562 9572 9563 9553
f 9563 9573 9574 9564
f 9564 9574 9575 9565
f 9565 9575 9576 9566
f 9566 9576 9577 9567
f 9567 9577 9578 9568
f 9568 9578 9579 9569
f 9569 9579 9580 9570
f 9570 9580 9581 9571
f 9571 9581 9582 9572
f 9572 9582 9573 9563
f 9573 9583 9584 9574
f 9574 9584 9585 9575
f 9575 9585 9586 9576
f 9576 9586 9587 9577
f 9577 9587 9588 9578
f 9578 9588 9589 9579
f 9579 9589 9590 9580
f 9580 9590 9591 9581
f 9581 9591 9592 9582
f 9582 9592 9583 9573
f 9583 9593 9594 9584
f 9584 9594 9595 9585
f 9585 9595 9596 9586
f 9586 9596 9597 9587
f 9587 9597 9598 9588
f 9588 9598 9599 9589
f 9589 9599 9600 9590
f 9590 9600 9601 9591
f 9591 9601 9602 9592
f 9592 9602 9593 9583
f 9593 9603 9604 9594
f 9594 9604 9605 9595
f 9595 9605 9606 9596
f 9596 9606 9607 9597
f 9597 9607 9608 9598
f 9598 9608 9609 9599
f 9599 9609 9610 9600
f 9600 9610 9611 9601
f 9601 9611 9612 9602
f 9602 9612 9603 9593
f 9603 9613 9614 9604
f 9604 9614 9615 9605
f 9605 9615 9616 9606
f 9606 9616 9617 9607
f 9607 9617 9618 9608
f 9608 9618 9619 9609
f 9609 9619 9620 9610
f 9610 9620 9621 9611
f 9611 9621 9622 9612
f 9612 9622 9613 9603
f 9613 9623 9624 9614
f 9614 9624 9625 9615
f 9615 9625 9626 9616
f 9616 9626 9627 9617
f 9617 9627 9628 9618
f 9618 9628 9629 9619
f 9619 9629 9630 9620
f 9620 9630 9631 9621
f 9621 9631 9632 9622
f 9622 9632 9623 9613
f 9623 9633 9634 9624
f 9624 9634 9635 9625
f 9625 9635 9636 9626
f 9626 9636 9637 9627
f 9627 9637 9638 9628
f 9628 9638 9639 9629
f 9629 9639 9640 9630
f 9630 9640 9641 9631
f 9631 9641 9642 9632
f 9632 9642 9633 9623
f 9633 9643 9644 9634
f 9634 9644 9645 9635
f 9635 9645 9646 9636
f 9636 9646 9647 9637
f 9637 9647 9648 9638
f 9638 9648 9649 9639
f 9639 9649 9650 9640
f 9640 9650 9651 9641
f 9641 9651 9652 9642
f 9642 9652 9643 9633
f 9643 9653 9654 9644
f 9644 9654 9655 9645
f 9645 9655 9656 9646
f 9646 9656 9657 9647
f 9647 9657 9658 9648
f 9648 9658 9659 9649
f 9649 9659 9660 9650
f 9650 9660 9661 9651
f 9651 9661 9662 9652
f 9652 9662 9653 9643
f 9653 9663 9664 9654
f 9654 9664 9665 9655
f 9655 9665 9666 9656
f 9656 9666 9667 9657
f 9657 9667 9668 9658
f 9658 9668 9669 9659
f 9659 9669 9670 9660
f 9660 9670 9671 9661
f 9661 9671 9672 9662
f 9662 9672 9663 9653
f 9663 9673 9674 9664
f 9664 9674 9675 9665
f 9665 9675 9676 9666
f 9666 9676 9677 9667
f 9667 9677 9678 9668
f 9668 9678 9679 9669
f 9669 9679 9680 9670
f 9670 9680 9681 9671
f 9671 9681 9682 9672
f 9672 9682 9673 9663
f 9673 9683 9684 9674
f 9674 9684 9685 9675
f 9675 9685 9686 9676
f 9676 9686 9687 9677
f 9677 9687 9688 9678
f 9678 9688 9689 9679
f 9679 9689 9690 9680
f 9680 9690 9691 9681
f 9681 9691 9692 9682
f 9682 9692 9683 9673
f 9683 9693 9694 9684
f 9684 9694 9695 9685
f 9685 9695 9696 9686
f 9686 9696 9697 9687
f 9687 9697 9698 9688
f 9688 9698 9699 9689
f 9689 9699 9700 9690
f 9690 9700 9701 9691
f 9691 9701 9702 9692
f 9692 9702 9693 9683
f 9693 9703 9704 9694
f 9694 9704 9705 9695
f 9695 9705 9706 9696
f 9696 9706 9707 9697
f 9697 9707 9708 9698
f 9698 9708 9709 9699
f 9699 9709 9710 9700
f 9700 9710 9711 9701
f 9701 9711 9712 9702
f 9702 9712 9703 9693
f 9703 9713 9714 9704
f 9704 9714 9715 9705
f 9705 9715 9716 9706
f 9706 9716 9717 9707
f 9707 9717 9718 9708
f 9708 9718 9719 9709
f 9709 9719 9720 9710
f 9710 9720 9721 9711
f 9711 9721 9722 9712
f 9712 9722 9713 9703
f 9713 9723 9724 9714
f 9714 9724 9725 9715
f 9715 9725 9726 9716
f 9716 9726 9727 9717
f 9717 9727 9728 9718
f 9718 9728 9729 9719
f 9719 9729 9730 9720
f 9720 9730 9731 9721
f 9721 9731 9732 9722
f 9722 9732 9723 9713
f 9723 9733 9734 9724
f 9724 9734 9735 9725
f 9725 9735 9736 9726
f 9726 9736 9737 9727
f 9727 9737 9738 9728
f 9728 9738 9739 9729
f 9729 9739 9740 9730
f 9730 9740 9741 9731
f 9731 9741 9742 9732
f 9732 9742 9733 9723
f 9733 9743 9744 9734
f 9734 9744 9745 9735
f 9735 9745 9746 9736
f 9736 9746 9747 9737
f 9737 9747 9748 9738
f 9738 9748 9749 9739
f 9739 9749 9750 9740
f 9740 9750 9751 9741
f 9741 9751 9752 9742
f 9742 9752 9743 9733
f 9743 9753 9754 9744
f 9744 9754 9755 9745
f 9745 9755 9756 9746
f 9746 9756 9757 9747
f 9747 9757 9758 9748
f 9748 9758 9759 9749
f 9749 9759 9760 9750
f 9750 9760 9761 9751
f 9751 9761 9762 9752
f 9752 9762 9753 9743
f 9753 9763 9764 9754
f 9754 9764 9765 9755
f 9755 9765 9766 9756
f 9756 9766 9767 9757
f 9757 9767 9768 9758
f 9758 9768 9769 9759
f 9759 9769 9770 9760
f 9760 9770 9771 9761
f 9761 9771 9772 9762
f 9762 9772 9763 9753
f 9763 9773 9774 9764
f 9764 9774 9775 9765
f 9765 9775 9776 9766
f 9766 9776 9777 9767
f 9767 9777 9778 9768
f 9768 9778 9779 9769
f 9769 9779 9780 9770
f 9770 9780 9781 9771
f 9771 9781 9782 9772
f 9772 9782 9773 9763
f 9773 9783 9784 9774
f 9774 9784 9785 9775
f 9775 9785 9786 9776
f 9776 9786 9787 9777
f 9777 9787 9788 9778
f 9778 9788 9789 9779
f 9779 9789 9790 9780
f 9780 9790 9791 9781
f 9781 9791 9792 9782
f 9782 9792 9783 9773
f 9783 9793 9794 9784
f 9784 9794 9795 9785
f 9785 9795 9796 9786
f 9786 9796 9797 9787
f 9787 9797 9798 9788
f 9788 9798 9799 9789
f 9789 9799 9800 9790
f 9790 9800 9801 9791
f 9791 9801 9802 9792
f 9792 9802 9793 9783
f 9793 9803 9804 9794
f 9794 9804 9805 9795
f 9795 9805 9806 9796
f 9796 9806 9807 9797
f 9797 9807 9808 9798
f 9798 9808 9809 9799
f 9799 9809 9810 9800
f 9800 9810 9811 9801
f 9801 9811 9812 9802
f 9802 9812 9803 9793
f 9803 9813 9814 9804
f 9804 9814 9815 9805
f 9805 9815 9816 9806
f 9806 9816 9817 9807
f 9807 9817 9818 9808
f 9808 9818 9819 9809
f 9809 9819 9820 9810
f 9810 9820 9821 9811
f 9811 9821 9822 9812
f 9812 9822 9813 9803
f 9813 9823 9824 9814
f 9814 9824 9825 9815
f 9815 9825 9826 9816
f 9816 9826 9827 9817
f 9817 9827 9828 9818
f 9818 9828 9829 9819
f 9819 9829 9830 9820
f 9820 9830 9831 9821
f 9821 9831 9832 9822
f 9822 9832 9823 9813
f 9823 9833 9834 9824
f 9824 9834 9835 9825
f 9825 9835 9836 9826
f 9826 9836 9837 9827
f 9827 9837 9838 9828
f 9828 9838 9839 9829
f 9829 9839 9840 9830
f 9830 9840 9841 9831
f 9831 9841 9842 9832
f 9832 9842 9833 9823
f 9833 9843 9844 9834
f 9834 9844 9845 9835
f 9835 9845 9846 9836
f 9836 9846 9847 9837
f 9837 9847 9848 9838
f 9838 9848 9849 9839
f 9839 9849 9850 9840
f 9840 9850 9851 9841
f 9841 9851 9852 9842
f 9842 9852 9843 9833
f 9843 9853 9854 9844
f 9844 9854 9855 9845
f 9845 9855 9856 9846
f 9846 9856 9857 9847
f 9847 9857 9858 9848
f 9848 9858 9859 9849
f 9849 9859 9860 9850
f 9850 9860 9861 9851
f 9851 9861 9862 9852
f 9852 9862 9853 9843
f 9853 9863 9864 9854
f 9854 9864 9865 9855
f 9855 9865 9866 9856
f 9856 9866 9867 9857
f 9857 9867 9868 9858
f 9858 9868 9869 9859
f 9859 9869 9870 9860
f 9860 9870 9871 9861
f 9861 9871 9872 9862
f 9862 9872 9863 9853
f 9863 9873 9874 9864
f 9864 9874 9875 9865
f 9865 9875 9876 9866
f 9866 9876 9877 9867
f 9867 9877 9878 9868
f 9868 9878 9879 9869
f 9869 9879 9880 9870
f 9870 9880 9881 9871
f 9871 9881 9882 9872
f 9872 9882 9873 9863
f 9873 9883 9884 9874
f 9874 9884 9885 9875
f 9875 9885 9886 9876
f 9876 9886 9887 9877
f 9877 9887 9888 9878
f 9878 9888 9889 9879
f 9879 9889 9890 9880
f 9880 9890 9891 9881
f 9881 9891 9892 9882
f 9882 9892 9883 9873
f 9883 9893 9894 9884
f 9884 9894 9895 9885
f 9885 9895 9896 9886
f 9886 9896 9897 9887
f 9887 9897 9898 9888
f 9888 9898 9899 9889
f 9889 9899 9900 9890
f 9890 9900 9901 9891
f 9891 9901 9902 9892
f 9892 9902 9893 9883
f 9893 9903 9904 9894
f 9894 9904 9905 9895
f 9895 9905 9906 9896
f 9896 9906 9907 9897
f 9897 9907 9908 9898
f 9898 9908 9909 9899
f 9899 9909 9910 9900
f 9900 9910 9911 9901
f 9901 9911 9912 9902
f 9902 9912 9903 9893
f 9903 9913 9914 9904
f 9904 9914 9915 9905
f 9905 9915 9916 9906
f 9906 9916 9917 9907
f 9907 9917 9918 9908
f 9908 9918 9919 9909
f 9909 9919 9920 9910
f 9910 9920 9921 9911
f 9911 9921 9922 9912
f 9912 9922 9913 9903
f 9913 9923 9924 9914
f 9914 9924 9925 9915
f 9915 9925 9926 9916
f 9916 9926 9927 9917
f 9917 9927 9928 9918
f 9918 9928 9929 9919
f 9919 9929 9930 9920
f 9920 9930 9931 9921
f 9921 9931 9932 9922
f 9922 9932 9923 9913
f 9923 9933 9934 9924
f 9924 9934 9935 9925
f 9925 9935 9936 9926
f 9926 9936 9937 9927
f 9927 9937 9938 9928
f 9928 9938 9939 9929
f 9929 9939 9940 9930
f 9930 9940 9941 9931
f 9931 9941 9942 9932
f 9932 9942 9933 9923
f 9933 9943 9944 9934
f 9934 9944 9945 9935
f 9935 9945 9946 9936
f 9936 9946 9947 9937
f 9937 9947 9948 9938
f 9938 9948 9949 9939
f 9939 9949 9950 9940
f 9940 9950 9951 9941
f 9941 9951 9952 9942
f 9942 9952 9943 9933
f 9943 9953 9954 9944
f 9944 9954 9955 9945
f 9945 9955 9956 9946
f 9946 9956 9957 9947
f 9947 9957 9958 9948
f 9948 9958 9959 9949
f 9949 9959 9960 9950
f 9950 9960 9961 9951
f 9951 9961 9962 9952
f 9952 9962 9953 9943
f 9953 9963 9964 9954
f 9954 9964 9965 9955
f 9955 9965 9966 9956
f 9956 9966 9967 9957
f 9957 9967 9968 9958
f 9958 9968 9969 9959
f 9959 9969 9970 9960
f 9960 9970 9971 9961
f 9961 9971 9972 9962
f 9962 9972 9963 9953
f 9963 9973 9974 9964
f 9964 9974 9975 9965
f 9965 9975 9976 9966
f 9966 9976 9977 9967
f 9967 9977 9978 9968
f 9968 9978 9979 9969
f 9969 9979 9980 9970
f 9970 9980 9981 9971
f 9971 9981 9982 9972
f 9972 9982 9973 9963
f 9973 9983 9984 9974
f 9974 9984 9985 9975
f 9975 9985 9986 9976
f 9976 9986 9987 9977
f 9977 9987 9988 9978
f 9978 9988 9989 9979
f 9979 9989 9990 9980
f 9980 9990 9991 9981
f 9981 9991 9992 9982
f 9982 9992 9983 9973
f 9983 9993 9994 9984
f 9984 9994 9995 9985
f 9985 9995 9996 9986
f 9986 9996 9997 9987
f 9987 9997 9998 9988
f 9988 9998 9999 9989
f 9989 9999 10000 9990
f 9990 10000 10001 9991
f 9991 10001 10002 9992
f 9992 10002 9993 9983
f 9993 10003 10004 9994
f 9994 10004 10005 9995
f 9995 10005 10006 9996
f 9996 10006 10007 9997
f 9997 10007 10008 9998
f 9998 10008 10009 9999
f 9999 10009 10010 10000
f 10000 10010 10011 10001
f 10001 10011 10012 10002
f 10002 10012 10003 9993
f 10003 10013 10014 10004
f 10004 10014 10015 10005
f 10005 10015 10016 10006
f 10006 10016 10017 10007
f 10007 10017 10018 10008
f 10008 10018 10019 10009
f 10009 10019 10020 10010
f 10010 10020 10021 10011
f 10011 10021 10022 10012
f 10012 10022 10013 10003
f 10013 10023 10024 10014
f 10014 10024 10025 10015
f 10015 10025 10026 10016
f 10016 10026 10027 10017
f 10017 10027 10028 10018
f 10018 10028 10029 10019
f 10019 10029 10030 10020
f 10020 10030 10031 10021
f 10021 10031 10032 10022
f 10022 10032 10023 10013
f 10023 10033 10034 10024
f 10024 10034 10035 10025
f 10025 10035 10036 10026
f 10026 10036 10037 10027
f 10027 10037 10038 10028
f 10028 10038 10039 10029
f 10029 10039 10040 10030
f 10030 10040 10041 10031
f 10031 10041 10042 10032
f 10032 10042 10033 10023
f 10033 10043 10044 10034
f 10034 10044 10045 10035
f 10035 10045 10046 10036
f 10036 10046 10047 10037
f 10037 10047 10048 10038
f 10038 10048 10049 10039
f 10039 10049 10050 10040
f 10040 10050 10051 10041
f 10041 10051 10052 10042
f 10042 10052 10043 10033
f 10043 10053 10054 10044
f 10044 10054 10055 10045
f 10045 10055 10056 10046
f 10046 10056 10057 10047
f 10047 10057 10058 10048
f 10048 10058 10059 10049
f 10049 10059 10060 10050
f 10050 10060 10061 10051
f 10051 10061 10062 10052
f 10052 10062 10053 10043
f 10053 10063 10064 10054
f 10054 10064 10065 10055
f 10055 10065 10066 10056
f 10056 10066 10067 10057
f 10057 10067 10068 10058
f 10058 10068 10069 10059
f 10059 10069 10070 10060
f 10060 10070 10071 10061
f 10061 10071 10072 10062
f 10062 10072 10063 10053
f 10063 10073 10074 10064
f 10064 10074 10075 10065
f 10065 10075 10076 10066
f 10066 10076 10077 10067
f 10067 10077 10078 10068
f 10068 10078 10079 10069
f 10069 10079 10080 10070
f 10070 10080 10081 10071
f 10071 10081 10082 10072
f 10072 10082 10073 10063
f 10073 10083 10084 10074
f 10074 10084 10085 10075
f 10075 10085 10086 10076
f 10076 10086 10087 10077
f 10077 10087 10088 10078
f 10078 10088 10089 10079
f 10079 10089 10090 10080
f 10080 10090 10091 10081
f 10081 10091 10092 10082
f 10082 10092 10083 10073
f 10083 10093 10094 10084
f 10084 10094 10095 10085
f 10085 10095 10096 10086
f 10086 10096 10097 10087
f 10087 10097 10098 10088
f 10088 10098 10099 10089
f 10089 10099 10100 10090
f 10090 10100 10101 10091
f 10091 10101 10102 10092
f 10092 10102 10093 10083
f 10093 10103 10104 10094
f 10094 10104 10105 10095
f 10095 10105 10106 10096
f 10096 10106 10107 10097
f 10097 10107 10108 10098
f 10098 10108 10109 10099
f 10099 10109 10110 10100
f 10100 10110 10111 10101
f 10101 10111 10112 10102
f 10102 10112 10103 10093
f 10103 10113 10114 10104
f 10104 10114 10115 10105
f 10105 10115 10116 10106
f 10106 10116 10117 10107
f 10107 10117 10118 10108
f 10108 10118 10119 10109
f 10109 10119 10120 10110
f 10110 10120 10121 10111
f 10111 10121 10122 10112
f 10112 10122 10113 10103
f 10113 10123 10124 10114
f 10114 10124 10125 10115
f 10115 10125 10126 10116
f 10116 10126 10127 10117
f 10117 10127 10128 10118
f 10118 10128 10129 10119
f 10119 10129 10130 10120
f 10120 10130 10131 10121
f 10121 10131 10132 10122
f 10122 10132 10123 10113
f 10123 10133 10134 10124
f 10124 10134 10135 10125
f 10125 10135 10136 10126
f 10126 10136 10137 10127
f 10127 10137 10138 10128
f 10128 10138 10139 10129
f 10129 10139 10140 10130
f 10130 10140 10141 10131
f 10131 10141 10142 10132
f 10132 10142 10133 10123
f 10133 10143 10144 10134
f 10134 10144 10145 10135
f 10135 10145 10146 10136
f 10136 10146 10147 10137
f 10137 10147 10148 10138
f 10138 10148 10149 10139
f 10139 10149 10150 10140
f 10140 10150 10151 10141
f 10141 10151 10152 10142
f 10142 10152 10143 10133
f 10143 10153 10154 10144
f 10144 10154 10155 10145
f 10145 10155 10156 10146
f 10146 10156 10157 10147
f 10147 10157 10158 10148
f 10148 10158 10159 10149
f 10149 10159 10160 10150
f 10150 10160 10161 10151
f 10151 10161 10162 10152
f 10152 10162 10153 10143
f 10153 10163 10164 10154
f 10154 10164 10165 10155
f 10155 10165 10166 10156
f 10156 10166 10167 10157
f 10157 10167 10168 10158
f 10158 10168 10169 10159
f 10159 10169 10170 10160
f 10160 10170 10171 10161
f 10161 10171 10172 10162
f 10162 10172 10163 10153
f 10163 10173 10174 10164
f 10164 10174 10175 10165
f 10165 10175 10176 10166
f 10166 10176 10177 10167
f 10167 10177 10178 10168
f 10168 10178 10179 10169
f 10169 10179 10180 10170
f 10170 10180 10181 10171
f 10171 10181 10182 10172
f 10172 10182 10173 10163
f 10173 10183 10184 10174
f 10174 10184 10185 10175
f 10175 10185 10186 10176
f 10176 10186 10187 10177
f 10177 10187 10188 10178
f 10178 10188 10189 10179
f 10179 10189 10190 10180
f 10180 10190 10191 10181
f 10181 10191 10192 10182
f 10182 10192 10183 10173
f 10183 10193 10194 10184
f 10184 10194 10195 10185
f 10185 10195 10196 10186
f 10186 10196 10197 10187
f 10187 10197 10198 10188
f 10188 10198 10199 10189
f 10189 10199 10200 10190
f 10190 10200 10201 10191
f 10191 10201 10202 10192
f 10192 10202 10193 10183
f 10193 10203 10204 10194
f 10194 10204 10205 10195
f 10195 10205 10206 10196
f 10196 10206 10207 10197
f 10197 10207 10208 10198
f 10198 10208 10209 10199
f 10199 10209 10210 10200
f 10200 10210 10211 10201
f 10201 10211 10212 10202
f 10202 10212 10203 10193
f 10203 10213 10214 10204
f 10204 10214 10215 10205
f 10205 10215 10216 10206
f 10206 10216 10217 10207
f 10207 10217 10218 10208
f 10208 10218 10219 10209
f 10209 10219 10220 10210
f 10210 10220 10221 10211
f 10211 10221 10222 10212
f 10212 10222 10213 10203
f 10213 10223 10224 10214
f 10214 10224 10225 10215
f 10215 10225 10226 10216
f 10216 10226 10227 10217
f 10217 10227 10228 10218
f 10218 10228 10229 10219
f 10219 10229 10230 10220
f 10220 10230 10231 10221
f 10221 10231 10232 10222
f 10222 10232 10223 10213
f 10223 10233 10234 10224
f 10224 10234 10235 10225
f 10225 10235 10236 10226
f 10226 10236 10237 10227
f 10227 10237 10238 10228
f 10228 10238 10239 10229
f 10229 10239 10240 10230
f 10230 10240 10241 10231
f 10231 10241 10242 10232
f 10232 10242 10233 10223
f 10233 10243 10244 10234
f 10234 10244 10245 10235
f 10235 10245 10246 10236
f 10236 10246 10247 10237
f 10237 10247 10248 10238
f 10238 10248 10249 10239
f 10239 10249 10250 10240
f 10240 10250 10251 10241
f 10241 10251 10252 10242
f 10242 10252 10243 10233
f 10243 10253 10254 10244
f 10244 10254 10255 10245
f 10245 10255 10256 10246
f 10246 10256 10257 10247
f 10247 10257 10258 10248
f 10248 10258 10259 10249
f 10249 10259 10260 10250
f 10250 10260 10261 10251
f 10251 10261 10262 10252
f 10252 10262 10253 10243
f 10253 10263 10264 10254
f 10254 10264 10265 10255
f 10255 10265 10266 10256
f 10256 10266 10267 10257
f 10257 10267 10268 10258
f 10258 10268 10269 10259
f 10259 10269 10270 10260
f 10260 10270 10271 10261
f 10261 10271 10272 10262
f 10262 10272 10263 10253
f 10263 10273 10274 10264
f 10264 10274 10275 10265
f 10265 10275 10276 10266
f 10266 10276 10277 10267
f 10267 10277 10278 10268
f 10268 10278 10279 10269
f 10269 10279 10280 10270
f 10270 10280 10281 10271
f 10271 10281 10282 10272
f 10272 10282 10273 10263
f 10273 10283 10284 10274
f 10274 10284 10285 10275
f 10275 10285 10286 10276
f 10276 10286 10287 10277
f 10277 10287 10288 10278
f 10278 10288 10289 10279
f 10279 10289 10290 10280
f 10280 10290 10291 10281
f 10281 10291 10292 10282
f 10282 10292 10283 10273
f 10283 10293 10294 10284
f 10284 10294 10295 10285
f 10285 10295 10296 10286
f 10286 10296 10297 10287
f 10287 10297 10298 10288
f 10288 10298 10299 10289
f 10289 10299 10300 10290
f 10290 10300 10301 10291
f 10291 10301 10302 10292
f 10292 10302 10293 10283
f 10293 10303 10304 10294
f 10294 10304 10305 10295
f 10295 10305 10306 10296
f 10296 10306 10307 10297
f 10297 10307 10308 10298
f 10298 10308 10309 10299
f 10299 10309 10310 10300
f 10300 10310 10311 10301
f 10301 10311 10312 10302
f 10302 10312 10303 10293
f 10303 10313 10314 10304
f 10304 10314 10315 10305
f 10305 10315 10316 10306
f 10306 10316 10317 10307
f 10307 10317 10318 10308
f 10308 10318 10319 10309
f 10309 10319 10320 10310
f 10310 10320 10321 10311
f 10311 10321 10322 10312
f 10312 10322 10313 10303
f 10313 10323 10324 10314
f 10314 10324 10325 10315
f 10315 10325 10326 10316
f 10316 10326 10327 10317
f 10317 10327 10328 10318
f 10318 10328 10329 10319
f 10319 10329 10330 10320
f 10320 10330 10331 10321
f 10321 10331 10332 10322
f 10322 10332 10323 10313
f 10323 10333 10334 10324
f 10324 10334 10335 10325
f 10325 10335 10336 10326
f 10326 10336 10337 10327
f 10327 10337 10338 10328
f 10328 10338 10339 10329
f 10329 10339 10340 10330
f 10330 10340 10341 10331
f 10331 10341 10342 10332
f 10332 10342 10333 10323
f 10333 10343 10344 10334
f 10334 10344 10345 10335
f 10335 10345 10346 10336
f 10336 10346 10347 10337
f 10337 10347 10348 10338
f 10338 10348 10349 10339
f 10339 10349 10350 10340
f 10340 10350 10351 10341
f 10341 10351 10352 10342
f 10342 10352 10343 10333
f 10343 10353 10354 10344
f 10344 10354 10355 10345
f 10345 10355 10356 10346
f 10346 10356 10357 10347
f 10347 10357 10358 10348
f 10348 10358 10359 10349
f 10349 10359 10360 10350
f 10350 10360 10361 10351
f 10351 10361 10362 10352
f 10352 10362 10353 10343
f 10353 10363 10364 10354
f 10354 10364 10365 10355
f 10355 10365 10366 10356
f 10356 10366 10367 10357
f 10357 10367 10368 10358
f 10358 10368 10369 10359
f 10359 10369 10370 10360
f 10360 10370 10371 10361
f 10361 10371 10372 10362
f 10362 10372 10363 10353
f 10363 10373 10374 10364
f 10364 10374 10375 10365
f 10365 10375 10376 10366
f 10366 10376 10377 10367
f 10367 10377 10378 10368
f 10368 10378 10379 10369
f 10369 10379 10380 10370
f 10370 10380 10381 10371
f 10371 10381 10382 10372
f 10372 10382 10373 10363
f 10373 10383 10384 10374
f 10374 10384 10385 10375
f 10375 10385 10386 10376
f 10376 10386 10387 10377
f 10377 10387 10388 10378
f 10378 10388 10389 10379
f 10379 10389 10390 10380
f 10380 10390 10391 10381
f 10381 10391 10392 10382
f 10382 10392 10383 10373
f 10383 10393 10394 10384
f 10384 10394 10395 10385
f 10385 10395 10396 10386
f 10386 10396 10397 10387
f 10387 10397 10398 10388
f 10388 10398 10399 10389
f 10389 10399 10400 10390
f 10390 10400 10401 10391
f 10391 10401 10402 10392
f 10392 10402 10393 10383
f 10393 10403 10404 10394
f 10394 10404 10405 10395
f 10395 10405 10406 10396
f 10396 10406 10407 10397
f 10397 10407 10408 10398
f 10398 10408 10409 10399
f 10399 10409 10410 10400
f 10400 10410 10411 10401
f 10401 10411 10412 10402
f 10402 10412 10403 10393
f 10403 10413 10414 10404
f 10404 10414 10415 10405
f 10405 10415 10416 10406
f 10406 10416 10417 10407
f 10407 10417 10418 10408
f 10408 10418 10419 10409
f 10409 10419 10420 10410
f 10410 10420 10421 10411
f 10411 10421 10422 10412
f 10412 10422 10413 10403
f 10413 10423 10424 10414
f 10414 10424 10425 10415
f 10415 10425 10426 10416
f 10416 10426 10427 10417
f 10417 10427 10428 10418
f 10418 10428 10429 10419
f 10419 10429 10430 10420
f 10420 10430 10431 10421
f 10421 10431 10432 10422
f 10422 10432 10423 10413
f 10423 10433 10434 10424
f 10424 10434 10435 10425
f 10425 10435 10436 10426
f 10426 10436 10437 10427
f 10427 10437 10438 10428
f 10428 10438 10439 10429
f 10429 10439 10440 10430
f 10430 10440 10441 10431
f 10431 10441 10442 10432
f 10432 10442 10433 10423
f 10433 10443 10444 10434
f 10434 10444 10445 10435
f 10435 10445 10446 10436
f 10436 10446 10447 10437
f 10437 10447 10448 10438
f 10438 10448 10449 10439
f 10439 10449 10450 10440
f 10440 10450 10451 10441
f 10441 10451 10452 10442
f 10442 10452 10443 10433
f 10443 10453 10454 10444
f 10444 10454 10455 10445
f 10445 10455 10456 10446
f 10446 10456 10457 10447
f 10447 10457 10458 10448
f 10448 10458 10459 10449
f 10449 10459 10460 10450
f 10450 10460 10461 10451
f 10451 10461 10462 10452
f 10452 10462 10453 10443
f 10453 10463 10464 10454
f 10454 10464 10465 10455
f 10455 10465 10466 10456
f 10456 10466 10467 10457
f 10457 10467 10468 10458
f 10458 10468 10469 10459
f 10459 10469 10470 10460
f 10460 10470 10471 10461
f 10461 10471 10472 10462
f 10462 10472 10463 10453
f 10463 10473 10474 10464
f 10464 10474 10475 10465
f 10465 10475 10476 10466
f 10466 10476 10477 10467
f 10467 10477 10478 10468
f 10468 10478 10479 10469
f 10469 10479 10480 10470
f 10470 10480 10481 10471
f 10471 10481 10482 10472
f 10472 10482 10473 10463
f 10473 10483 10484 10474
f 10474 10484 10485 10475
f 10475 10485 10486 10476
f 10476 10486 10487 10477
f 10477 10487 10488 10478
f 10478 10488 10489 10479
f 10479 10489 10490 10480
f 10480 10490 10491 10481
f 10481 10491 10492 10482
f 10482 10492 10483 10473
f 10483 10493 10494 10484
f 10484 10494 10495 10485
f 10485 10495 10496 10486
f 10486 10496 10497 10487
f 10487 10497 10498 10488
f 10488 10498 10499 10489
f 10489 10499 10500 10490
f 10490 10500 10501 10491
f 10491 10501 10502 10492
f 10492 10502 10493 10483
f 10493 10503 10504 10494
f 10494 10504 10505 10495
f 10495 10505 10506 10496
f 10496 10506 10507 10497
f 10497 10507 10508 10498
f 10498 10508 10509 10499
f 10499 10509 10510 10500
f 10500 10510 10511 10501
f 10501 10511 10512 10502
f 10502 10512 10503 10493
f 10503 10513 10514 10504
f 10504 10514 10515 10505
f 10505 10515 10516 10506
f 10506 10516 10517 10507
f 10507 10517 10518 10508
f 10508 10518 10519 10509
f 10509 10519 10520 10510
f 10510 10520 10521 10511
f 10511 10521 10522 10512
f 10512 10522 10513 10503
f 10513 10523 10524 10514
f 10514 10524 10525 10515
f 10515 10525 10526 10516
f 10516 10526 10527 10517
f 10517 10527 10528 10518
f 10518 10528 10529 10519
f 10519 10529 10530 10520
f 10520 10530 10531 10521
f 10521 10531 10532 10522
f 10522 10532 10523 10513
f 10523 10533 10534 10524
f 10524 10534 10535 10525
f 10525 10535 10536 10526
f 10526 10536 10537 10527
f 10527 10537 10538 10528
f 10528 10538 10539 10529
f 10529 10539 10540 10530
f 10530 10540 10541 10531
f 10531 10541 10542 10532
f 10532 10542 10533 10523
f 10533 10543 10544 10534
f 10534 10544 10545 10535
f 10535 10545 10546 10536
f 10536 10546 10547 10537
f 10537 10547 10548 10538
f 10538 10548 10549 10539
f 10539 10549 10550 10540
f 10540 10550 10551 10541
f 10541 10551 10552 10542
f 10542 10552 10543 10533
f 10543 10553 10554 10544
f 10544 10554 10555 10545
f 10545 10555 10556 10546
f 10546 10556 10557 10547
f 10547 10557 10558 10548
f 10548 10558 10559 10549
f 10549 10559 10560 10550
f 10550 10560 10561 10551
f 10551 10561 10562 10552
f 10552 10562 10553 10543
f 10553 10563 10564 10554
f 10554 10564 10565 10555
f 10555 10565 10566 10556
f 10556 10566 10567 10557
f 10557 10567 10568 10558
f 10558 10568 10569 10559
f 10559 10569 10570 10560
f 10560 10570 10571 10561
f 10561 10571 10572 10562
f 10562 10572 10563 10553
f 10563 10573 10574 10564
f 10564 10574 10575 10565
f 10565 10575 10576 10566
f 10566 10576 10577 10567
f 10567 10577 10578 10568
f 10568 10578 10579 10569
f 10569 10579 10580 10570
f 10570 10580 10581 10571
f 10571 10581 10582 10572
f 10572 10582 10573 10563
f 10573 10583 10584 10574
f 10574 10584 10585 10575
f 10575 10585 10586 10576
f 10576 10586 10587 10577
f 10577 10587 10588 10578
f 10578 10588 10589 10579
f 10579 10589 10590 10580
f 10580 10590 10591 10581
f 10581 10591 10592 10582
f 10582 10592 10583 10573
f 10583 10593 10594 10584
f 10584 10594 10595 10585
f 10585 10595 10596 10586
f 10586 10596 10597 10587
f 10587 10597 10598 10588
f 10588 10598 10599 10589
f 10589 10599 10600 10590
f 10590 10600 10601 10591
f 10591 10601 10602 10592
f 10592 10602 10593 10583
f 10593 10603 10604 10594
f 10594 10604 10605 10595
f 10595 10605 10606 10596
f 10596 10606 10607 10597
f 10597 10607 10608 10598
f 10598 10608 10609 10599
f 10599 10609 10610 10600
f 10600 10610 10611 10601
f 10601 10611 10612 10602
f 10602 10612 10603 10593
f 10603 10613 10614 10604
f 10604 10614 10615 10605
f 10605 10615 10616 10606
f 10606 10616 10617 10607
f 10607 10617 10618 10608
f 10608 10618 10619 10609
f 10609 10619 10620 10610
f 10610 10620 10621 10611
f 10611 10621 10622 10612
f 10612 10622 10613 10603
f 10613 10623 10624 10614
f 10614 10624 10625 10615
f 10615 10625 10626 10616
f 10616 10626 10627 10617
f 10617 10627 10628 10618
f 10618 10628 10629 10619
f 10619 10629 10630 10620
f 10620 10630 10631 10621
f 10621 10631 10632 10622
f 10622 10632 10623 10613
f 10623 10633 10634 10624
f 10624 10634 10635 10625
f 10625 10635 10636 10626
f 10626 10636 10637 10627
f 10627 10637 10638 10628
f 10628 10638 10639 10629
f 10629 10639 10640 10630
f 10630 10640 10641 10631
f 10631 10641 10642 10632
f 10632 10642 10633 10623
f 10633 10643 10644 10634
f 10634 10644 10645 10635
f 10635 10645 10646 10636
f 10636 10646 10647 10637
f 10637 10647 10648 10638
f 10638 10648 10649 10639
f 10639 10649 10650 10640
f 10640 10650 10651 10641
f 10641 10651 10652 10642
f 10642 10652 10643 10633
f 10643 10653 10654 10644
f 10644 10654 10655 10645
f 10645 10655 10656 10646
f 10646 10656 10657 10647
f 10647 10657 10658 10648
f 10648 10658 10659 10649
f 10649 10659 10660 10650
f 10650 10660 10661 10651
f 10651 10661 10662 10652
f 10652 10662 10653 10643
f 10653 10663 10664 10654
f 10654 10664 10665 10655
f 10655 10665 10666 10656
f 10656 10666 10667 10657
f 10657 10667 10668 10658
f 10658 10668 10669 10659
f 10659 10669 10670 10660
f 10660 10670 10671 10661
f 10661 10671 10672 10662
f 10662 10672 10663 10653
f 10663 10673 10674 10664
f 10664 10674 10675 10665
f 10665 10675 10676 10666
f 10666 10676 10677 10667
f 10667 10677 10678 10668
f 10668 10678 10679 10669
f 10669 10679 10680 10670
f 10670 10680 10681 10671
f 10671 10681 10682 10672
f 10672 10682 10673 10663
f 10673 10683 10684 10674
f 10674 10684 10685 10675
f 10675 10685 10686 10676
f 10676 10686 10687 10677
f 10677 10687 10688 10678
f 10678 10688 10689 10679
f 10679 10689 10690 10680
f 10680 10690 10691 10681
f 10681 10691 10692 10682
f 10682 10692 10683 10673
f 10683 10693 10694 10684
f 10684 10694 10695 10685
f 10685 10695 10696 10686
f 10686 10696 10697 10687
f 10687 10697 10698 10688
f 10688 10698 10699 10689
f 10689 10699 10700 10690
f 10690 10700 10701 10691
f 10691 10701 10702 10692
f 10692 10702 10693 10683
f 10693 10703 10704 10694
f 10694 10704 10705 10695
f 10695 10705 10706 10696
f 10696 10706 10707 10697
f 10697 10707 10708 10698
f 10698 10708 10709 10699
f 10699 10709 10710 10700
f 10700 10710 10711 10701
f 10701 10711 10712 10702
f 10702 10712 10703 10693
f 10703 10713 10714 10704
f 10704 10714 10715 10705
f 10705 10715 10716 10706
f 10706 10716 10717 10707
f 10707 10717 10718 10708
f 10708 10718 10719 10709
f 10709 10719 10720 10710
f 10710 10720 10721 10711
f 10711 10721 10722 10712
f 10712 10722 10713 10703
f 10713 10723 10724 10714
f 10714 10724 10725 10715
f 10715 10725 10726 10716
f 10716 10726 10727 10717
f 10717 10727 10728 10718
f 10718 10728 10729 10719
f 10719 10729 10730 10720
f 10720 10730 10731 10721
f 10721 10731 10732 10722
f 10722 10732 10723 10713
f 10723 10733 10734 10724
f 10724 10734 10735 10725
f 10725 10735 10736 10726
f 10726 10736 10737 10727
f 10727 10737 10738 10728
f 10728 10738 10739 10729
f 10729 10739 10740 10730
f 10730 10740 10741 10731
f 10731 10741 10742 10732
f 10732 10742 10733 10723
f 10733 10743 10744 10734
f 10734 10744 10745 10735
f 10735 10745 10746 10736
f 10736 10746 10747 10737
f 10737 10747 10748 10738
f 10738 10748 10749 10739
f 10739 10749 10750 10740
f 10740 10750 10751 10741
f 10741 10751 10752 10742
f 10742 10752 10743 10733
f 10743 10753 10754 10744
f 10744 10754 10755 10745
f 10745 10755 10756 10746
f 10746 10756 10757 10747
f 10747 10757 10758 10748
f 10748 10758 10759 10749
f 10749 10759 10760 10750
f 10750 10760 10761 10751
f 10751 10761 10762 10752
f 10752 10762 10753 10743
f 10753 10763 10764 10754
f 10754 10764 10765 10755
f 10755 10765 10766 10756
f 10756 10766 10767 10757
f 10757 10767 10768 10758
f 10758 10768 10769 10759
f 10759 10769 10770 10760
f 10760 10770 10771 10761
f 10761 10771 10772 10762
f 10762 10772 10763 10753
f 10763 10773 10774 10764
f 10764 10774 10775 10765
f 10765 10775 10776 10766
f 10766 10776 10777 10767
f 10767 10777 10778 10768
f 10768 10778 10779 10769
f 10769 10779 10780 10770
f 10770 10780 10781 10771
f 10771 10781 10782 10772
f 10772 10782 10773 10763
f 10773 10783 10784 10774
f 10774 10784 10785 10775
f 10775 10785 10786 10776
f 10776 10786 10787 10777
f 10777 10787 10788 10778
f 10778 10788 10789 10779
f 10779 10789 10790 10780
f 10780 10790 10791 10781
f 10781 10791 10792 10782
f 10782 10792 10783 10773
f 10783 10793 10794 10784
f 10784 10794 10795 10785
f 10785 10795 10796 10786
f 10786 10796 10797 10787
f 10787 10797 10798 10788
f 10788 10798 10799 10789
f 10789 10799 10800 10790
f 10790 10800 10801 10791
f 10791 10801 10802 10792
f 10792 10802 10793 10783
f 10793 10803 10804 10794
f 10794 10804 10805 10795
f 10795 10805 10806 10796
f 10796 10806 10807 10797
f 10797 10807 10808 10798
f 10798 10808 10809 10799
f 10799 10809 10810 10800
f 10800 10810 10811 10801
f 10801 10811 10812 10802
f 10802 10812 10803 10793
f 10803 10813 10814 10804
f 10804 10814 10815 10805
f 10805 10815 10816 10806
f 10806 10816 10817 10807
f 10807 10817 10818 10808
f 10808 10818 10819 10809
f 10809 10819 10820 10810
f 10810 10820 10821 10811
f 10811 10821 10822 10812
f 10812 10822 10813 10803
f 10813 10823 10824 10814
f 10814 10824 10825 10815
f 10815 10825 10826 10816
f 10816 10826 10827 10817
f 10817 10827 10828 10818
f 10818 10828 10829 10819
f 10819 10829 10830 10820
f 10820 10830 10831 10821
f 10821 10831 10832 10822
f 10822 10832 10823 10813
f 10823 10833 10834 10824
f 10824 10834 10835 10825
f 10825 10835 10836 10826
f 10826 10836 10837 10827
f 10827 10837 10838 10828
f 10828 10838 10839 10829
f 10829 10839 10840 10830
f 10830 10840 10841 10831
f 10831 10841 10842 10832
f 10832 10842 10833 10823
f 10833 10843 10844 10834
f 10834 10844 10845 10835
f 10835 10845 10846 10836
f 10836 10846 10847 10837
f 10837 10847 10848 10838
f 10838 10848 10849 10839
f 10839 10849 10850 10840
f 10840 10850 10851 10841
f 10841 10851 10852 10842
f 10842 10852 10843 10833
f 10843 10853 10854 10844
f 10844 10854 10855 10845
f 10845 10855 10856 10846
f 10846 10856 10857 10847
f 10847 10857 10858 10848
f 10848 10858 10859 10849
f 10849 10859 10860 10850
f 10850 10860 10861 10851
f 10851 10861 10862 10852
f 10852 10862 10853 10843
f 10853 10863 10864 10854
f 10854 10864 10865 10855
f 10855 10865 10866 10856
f 10856 10866 10867 10857
f 10857 10867 10868 10858
f 10858 10868 10869 10859
f 10859 10869 10870 10860
f 10860 10870 10871 10861
f 10861 10871 10872 10862
f 10862 10872 10863 10853
f 10863 10873 10874 10864
f 10864 10874 10875 10865
f 10865 10875 10876 10866
f 10866 10876 10877 10867
f 10867 10877 10878 10868
f 10868 10878 10879 10869
f 10869 10879 10880 10870
f 10870 10880 10881 10871
f 10871 10881 10882 10872
f 10872 10882 10873 10863
f 10873 10883 10884 10874
f 10874 10884 10885 10875
f 10875 10885 10886 10876
f 10876 10886 10887 10877
f 10877 10887 10888 10878
f 10878 10888 10889 10879
f 10879 10889 10890 10880
f 10880 10890 10891 10881
f 10881 10891 10892 10882
f 10882 10892 10883 10873
f 10883 10893 10894 10884
f 10884 10894 10895 10885
f 10885 10895 10896 10886
f 10886 10896 10897 10887
f 10887 10897 10898 10888
f 10888 10898 10899 10889
f 10889 10899 10900 10890
f 10890 10900 10901 10891
f 10891 10901 10902 10892
f 10892 10902 10893 10883
f 10893 10903 10904 10894
f 10894 10904 10905 10895
f 10895 10905 10906 10896
f 10896 10906 10907 10897
f 10897 10907 10908 10898
f 10898 10908 10909 10899
f 10899 10909 10910 10900
f 10900 10910 10911 10901
f 10901 10911 10912 10902
f 10902 10912 10903 10893
f 10903 10913 10914 10904
f 10904 10914 10915 10905
f 10905 10915 10916 10906
f 10906 10916 10917 10907
f 10907 10917 10918 10908
f 10908 10918 10919 10909
f 10909 10919 10920 10910
f 10910 10920 10921 10911
f 10911 10921 10922 10912
f 10912 10922 10913 10903
f 10913 10923 10924 10914
f 10914 10924 10925 10915
f 10915 10925 10926 10916
f 10916 10926 10927 10917
f 10917 10927 10928 10918
f 10918 10928 10929 10919
f 10919 10929 10930 10920
f 10920 10930 10931 10921
f 10921 10931 10932 10922
f 10922 10932 10923 10913
f 10923 10933 10934 10924
f 10924 10934 10935 10925
f 10925 10935 10936 10926
f 10926 10936 10937 10927
f 10927 10937 10938 10928
f 10928 10938 10939 10929
f 10929 10939 10940 10930
f 10930 10940 10941 10931
f 10931 10941 10942 10932
f 10932 10942 10933 10923
f 10933 10943 10944 10934
f 10934 10944 10945 10935
f 10935 10945 10946 10936
f 10936 10946 10947 10937
f 10937 10947 10948 10938
f 10938 10948 10949 10939
f 10939 10949 10950 10940
f 10940 10950 10951 10941
f 10941 10951 10952 10942
f 10942 10952 10943 10933
f 10943 10953 10954 10944
f 10944 10954 10955 10945
f 10945 10955 10956 10946
f 10946 10956 10957 10947
f 10947 10957 10958 10948
f 10948 10958 10959 10949
f 10949 10959 10960 10950
f 10950 10960 10961 10951
f 10951 10961 10962 10952
f 10952 10962 10953 10943
f 10953 10963 10964 10954
f 10954 10964 10965 10955
f 10955 10965 10966 10956
f 10956 10966 10967 10957
f 10957 10967 10968 10958
f 10958 10968 10969 10959
f 10959 10969 10970 10960
f 10960 10970 10971 10961
f 10961 10971 10972 10962
f 10962 10972 10963 10953
f 10963 10973 10974 10964
f 10964 10974 10975 10965
f 10965 10975 10976 10966
f 10966 10976 10977 10967
f 10967 10977 10978 10968
f 10968 10978 10979 10969
f 10969 10979 10980 10970
f 10970 10980 10981 10971
f 10971 10981 10982 10972
f 10972 10982 10973 10963
f 10973 10983 10984 10974
f 10974 10984 10985 10975
f 10975 10985 10986 10976
f 10976 10986 10987 10977
f 10977 10987 10988 10978
f 10978 10988 10989 10979
f 10979 10989 10990 10980
f 10980 10990 10991 10981
f 10981 10991 10992 10982
f 10982 10992 10983 10973
f 10983 10993 10994 10984
f 10984 10994 10995 10985
f 10985 10995 10996 10986
f 10986 10996 10997 10987
f 10987 10997 10998 10988
f 10988 10998 10999 10989
f 10989 10999 11000 10990
f 10990 11000 11001 10991
f 10991 11001 11002 10992
f 10992 11002 10993 10983
f 10993 11003 11004 10994
f 10994 11004 11005 10995
f 10995 11005 11006 10996
f 10996 11006 11007 10997
f 10997 11007 11008 10998
f 10998 11008 11009 10999
f 10999 11009 11010 11000
f 11000 11010 11011 11001
f 11001 11011 11012 11002
f 11002 11012 11003 10993
f 11003 11013 11014 11004
f 11004 11014 11015 11005
f 11005 11015 11016 11006
f 11006 11016 11017 11007
f 11007 11017 11018 11008
f 11008 11018 11019 11009
f 11009 11019 11020 11010
f 11010 11020 11021 11011
f 11011 11021 11022 11012
f 11012 11022 11013 11003
f 11013 11023 11024 11014
f 11014 11024 11025 11015
f 11015 11025 11026 11016
f 11016 11026 11027 11017
f 11017 11027 11028 11018
f 11018 11028 11029 11019
f 11019 11029 11030 11020
f 11020 11030 11031 11021
f 11021 11031 11032 11022
f 11022 11032 11023 11013
f 11023 11033 11034 11024
f 11024 11034 11035 11025
f 11025 11035 11036 11026
f 11026 11036 11037 11027
f 11027 11037 11038 11028
f 11028 11038 11039 11029
f 11029 11039 11040 11030
f 11030 11040 11041 11031
f 11031 11041 11042 11032
f 11032 11042 11033 11023
f 11033 11043 11044 11034
f 11034 11044 11045 11035
f 11035 11045 11046 11036
f 11036 11046 11047 11037
f 11037 11047 11048 11038
f 11038 11048 11049 11039
f 11039 11049 11050 11040
f 11040 11050 11051 11041
f 11041 11051 11052 11042
f 11042 11052 11043 11033
f 11043 11053 11054 11044
f 11044 11054 11055 11045
f 11045 11055 11056 11046
f 11046 11056 11057 11047
f 11047 11057 11058 11048
f 11048 11058 11059 11049
f 11049 11059 11060 11050
f 11050 11060 11061 11051
f 11051 11061 11062 11052
f 11052 11062 11053 11043
f 11053 11063 11064 11054
f 11054 11064 11065 11055
f 11055 11065 11066 11056
f 11056 11066 11067 11057
f 11057 11067 11068 11058
f 11058 11068 11069 11059
f 11059 11069 11070 11060
f 11060 11070 11071 11061
f 11061 11071 11072 11062
f 11062 11072 11063 11053
f 11063 11073 11074 11064
f 11064 11074 11075 11065
f 11065 11075 11076 11066
f 11066 11076 11077 11067
f 11067 11077 11078 11068
f 11068 11078 11079 11069
f 11069 11079 11080 11070
f 11070 11080 11081 11071
f 11071 11081 11082 11072
f 11072 11082 11073 11063
f 11073 11083 11084 11074
f 11074 11084 11085 11075
f 11075 11085 11086 11076
f 11076 11086 11087 11077
f 11077 11087 11088 11078
f 11078 11088 11089 11079
f 11079 11089 11090 11080
f 11080 11090 11091 11081
f 11081 11091 11092 11082
f 11082 11092 11083 11073
f 11083 11093 11094 11084
f 11084 11094 11095 11085
f 11085 11095 11096 11086
f 11086 11096 11097 11087
f 11087 11097 11098 11088
f 11088 11098 11099 11089
f 11089 11099 11100 11090
f 11090 11100 11101 11091
f 11091 11101 11102 11092
f 11092 11102 11093 11083
f 11093 11103 11104 11094
f 11094 11104 11105 11095
f 11095 11105 11106 11096
f 11096 11106 11107 11097
f 11097 11107 11108 11098
f 11098 11108 11109 11099
f 11099 11109 11110 11100
f 11100 11110 11111 11101
f 11101 11111 11112 11102
f 11102 11112 11103 11093
f 11103 11113 11114 11104
f 11104 11114 11115 11105
f 11105 11115 11116 11106
f 11106 11116 11117 11107
f 11107 11117 11118 11108
f 11108 11118 11119 11109
f 11109 11119 11120 11110
f 11110 11120 11121 11111
f 11111 11121 11122 11112
f 11112 11122 11113 11103
f 11113 11123 11124 11114
f 11114 11124 11125 11115
f 11115 11125 11126 11116
f 11116 11126 11127 11117
f 11117 11127 11128 11118
f 11118 11128 11129 11119
f 11119 11129 11130 11120
f 11120 11130 11131 11121
f 11121 11131 11132 11122
f 11122 11132 11123 11113
f 11123 11133 11134 11124
f 11124 11134 11135 11125
f 11125 11135 11136 11126
f 11126 11136 11137 11127
f 11127 11137 11138 11128
f 11128 11138 11139 11129
f 11129 11139 11140 11130
f 11130 11140 11141 11131
f 11131 11141 11142 11132
f 11132 11142 11133 11123
f 11133 11143 11144 11134
f 11134 11144 11145 11135
f 11135 11145 11146 11136
f 11136 11146 11147 11137
f 11137 11147 11148 11138
f 11138 11148 11149 11139
f 11139 11149 11150 11140
f 11140 11150 11151 11141
f 11141 11151 11152 11142
f 11142 11152 11143 11133
f 11143 11153 11154 11144
f 11144 11154 11155 11145
f 11145 11155 11156 11146
f 11146 11156 11157 11147
f 11147 11157 11158 11148
f 11148 11158 11159 11149
f 11149 11159 11160 11150
f 11150 11160 11161 11151
f 11151 11161 11162 11152
f 11152 11162 11153 11143
f 11153 11163 11164 11154
f 11154 11164 11165 11155
f 11155 11165 11166 11156
f 11156 11166 11167 11157
f 11157 11167 11168 11158
f 11158 11168 11169 11159
f 11159 11169 11170 11160
f 11160 11170 11171 11161
f 11161 11171 11172 11162
f 11162 11172 11163 11153
f 11163 11173 11174 11164
f 11164 11174 11175 11165
f 11165 11175 11176 11166
f 11166 11176 11177 11167
f 11167 11177 11178 11168
f 11168 11178 11179 11169
f 11169 11179 11180 11170
f 11170 11180 11181 11171
f 11171 11181 11182 11172
f 11172 11182 11173 11163
f 11173 11183 11184 11174
f 11174 11184 11185 11175
f 11175 11185 11186 11176
f 11176 11186 11187 11177
f 11177 11187 11188 11178
f 11178 11188 11189 11179
f 11179 11189 11190 11180
f 11180 11190 11191 11181
f 11181 11191 11192 11182
f 11182 11192 11183 11173
f 11183 11193 11194 11184
f 11184 11194 11195 11185
f 11185 11195 11196 11186
f 11186 11196 11197 11187
f 11187 11197 11198 11188
f 11188 11198 11199 11189
f 11189 11199 11200 11190
f 11190 11200 11201 11191
f 11191 11201 11202 11192
f 11192 11202 11193 11183
f 11193 11203 11204 11194
f 11194 11204 11205 11195
f 11195 11205 11206 11196
f 11196 11206 11207 11197
f 11197 11207 11208 11198
f 11198 11208 11209 11199
f 11199 11209 11210 11200
f 11200 11210 11211 11201
f 11201 11211 11212 11202
f 11202 11212 11203 11193
f 11203 11213 11214 11204
f 11204 11214 11215 11205
f 11205 11215 11216 11206
f 11206 11216 11217 11207
f 11207 11217 11218 11208
f 11208 11218 11219 11209
f 11209 11219 11220 11210
f 11210 11220 11221 11211
f 11211 11221 11222 11212
f 11212 11222 11213 11203
f 11213 11223 11224 11214
f 11214 11224 11225 11215
f 11215 11225 11226 11216
f 11216 11226 11227 11217
f 11217 11227 11228 11218
f 11218 11228 11229 11219
f 11219 11229 11230 11220
f 11220 11230 11231 11221
f 11221 11231 11232 11222
f 11222 11232 11223 11213
f 11223 11233 11234 11224
f 11224 11234 11235 11225
f 11225 11235 11236 11226
f 11226 11236 11237 11227
f 11227 11237 11238 11228
f 11228 11238 11239 11229
f 11229 11239 11240 11230
f 11230 11240 11241 11231
f 11231 11241 11242 11232
f 11232 11242 11233 11223
f 11233 11243 11244 11234
f 11234 11244 11245 11235
f 11235 11245 11246 11236
f 11236 11246 11247 11237
f 11237 11247 11248 11238
f 11238 11248 11249 11239
f 11239 11249 11250 11240
f 11240 11250 11251 11241
f 11241 11251 11252 11242
f 11242 11252 11243 11233
f 11243 11253 11254 11244
f 11244 11254 11255 11245
f 11245 11255 11256 11246
f 11246 11256 11257 11247
f 11247 11257 11258 11248
f 11248 11258 11259 11249
f 11249 11259 11260 11250
f 11250 11260 11261 11251
f 11251 11261 11262 11252
f 11252 11262 11253 11243
f 11253 11263 11264 11254
f 11254 11264 11265 11255
f 11255 11265 11266 11256
f 11256 11266 11267 11257
f 11257 11267 11268 11258
f 11258 11268 11269 11259
f 11259 11269 11270 11260
f 11260 11270 11271 11261
f 11261 11271 11272 11262
f 11262 11272 11263 11253
f 11263 11273 11274 11264
f 11264 11274 11275 11265
f 11265 11275 11276 11266
f 11266 11276 11277 11267
f 11267 11277 11278 11268
f 11268 11278 11279 11269
f 11269 11279 11280 11270
f 11270 11280 11281 11271
f 11271 11281 11282 11272
f 11272 11282 11273 11263
f 11273 11283 11284 11274
f 11274 11284 11285 11275
f 11275 11285 11286 11276
f 11276 11286 11287 11277
f 11277 11287 11288 11278
f 11278 11288 11289 11279
f 11279 11289 11290 11280
f 11280 11290 11291 11281
f 11281 11291 11292 11282
f 11282 11292 11283 11273
f 11283 11293 11294 11284
f 11284 11294 11295 11285
f 11285 11295 11296 11286
f 11286 11296 11297 11287
f 11287 11297 11298 11288
f 11288 11298 11299 11289
f 11289 11299 11300 11290
f 11290 11300 11301 11291
f 11291 11301 11302 11292
f 11292 11302 11293 11283
f 11293 11303 11304 11294
f 11294 11304 11305 11295
f 11295 11305 11306 11296
f 11296 11306 11307 11297
f 11297 11307 11308 11298
f 11298 11308 11309 11299
f 11299 11309 11310 11300
f 11300 11310 11311 11301
f 11301 11311 11312 11302
f 11302 11312 11303 11293
f 11303 11313 11314 11304
f 11304 11314 11315 11305
f 11305 11315 11316 11306
f 11306 11316 11317 11307
f 11307 11317 11318 11308
f 11308 11318 11319 11309
f 11309 11319 11320 11310
f 11310 11320 11321 11311
f 11311 11321 11322 11312
f 11312 11322 11313 11303
f 11313 11323 11324 11314
f 11314 11324 11325 11315
f 11315 11325 11326 11316
f 11316 11326 11327 11317
f 11317 11327 11328 11318
f 11318 11328 11329 11319
f 11319 11329 11330 11320
f 11320 11330 11331 11321
f 11321 11331 11332 11322
f 11322 11332 11323 11313
f 11323 11333 11334 11324
f 11324 11334 11335 11325
f 11325 11335 11336 11326
f 11326 11336 11337 11327
f 11327 11337 11338 11328
f 11328 11338 11339 11329
f 11329 11339 11340 11330
f 11330 11340 11341 11331
f 11331 11341 11342 11332
f 11332 11342 11333 11323
f 11333 11343 11344 11334
f 11334 11344 11345 11335
f 11335 11345 11346 11336
f 11336 11346 11347 11337
f 11337 11347 11348 11338
f 11338 11348 11349 11339
f 11339 11349 11350 11340
f 11340 11350 11351 11341
f 11341 11351 11352 11342
f 11342 11352 11343 11333
f 11343 11353 11354 11344
f 11344 11354 11355 11345
f 11345 11355 11356 11346
f 11346 11356 11357 11347
f 11347 11357 11358 11348
f 11348 11358 11359 11349
f 11349 11359 11360 11350
f 11350 11360 11361 11351
f 11351 11361 11362 11352
f 11352 11362 11353 11343
f 11353 11363 11364 11354
f 11354 11364 11365 11355
f 11355 11365 11366 11356
f 11356 11366 11367 11357
f 11357 11367 11368 11358
f 11358 11368 11369 11359
f 11359 11369 11370 11360
f 11360 11370 11371 11361
f 11361 11371 11372 11362
f 11362 11372 11363 11353
f 11363 11373 11374 11364
f 11364 11374 11375 11365
f 11365 11375 11376 11366
f 11366 11376 11377 11367
f 11367 11377 11378 11368
f 11368 11378 11379 11369
f 11369 11379 11380 11370
f 11370 11380 11381 11371
f 11371 11381 11382 11372
f 11372 11382 11373 11363
f 11373 11383 11384 11374
f 11374 11384 11385 11375
f 11375 11385 11386 11376
f 11376 11386 11387 11377
f 11377 11387 11388 11378
f 11378 11388 11389 11379
f 11379 11389 11390 11380
f 11380 11390 11391 11381
f 11381 11391 11392 11382
f 11382 11392 11383 11373
f 11383 11393 11394 11384
f 11384 11394 11395 11385
f 11385 11395 11396 11386
f 11386 11396 11397 11387
f 11387 11397 11398 11388
f 11388 11398 11399 11389
f 11389 11399 11400 11390
f 11390 11400 11401 11391
f 11391 11401 11402 11392
f 11392 11402 11393 11383
f 11393 11403 11404 11394
f 11394 11404 11405 11395
f 11395 11405 11406 11396
f 11396 11406 11407 11397
f 11397 11407 11408 11398
f 11398 11408 11409 11399
f 11399 11409 11410 11400
f 11400 11410 11411 11401
f 11401 11411 11412 11402
f 11402 11412 11403 11393
f 11403 11413 11414 11404
f 11404 11414 11415 11405
f 11405 11415 11416 11406
f 11406 11416 11417 11407
f 11407 11417 11418 11408
f 11408 11418 11419 11409
f 11409 11419 11420 11410
f 11410 11420 11421 11411
f 11411 11421 11422 11412
f 11412 11422 11413 11403
f 11413 11423 11424 11414
f 11414 11424 11425 11415
f 11415 11425 11426 11416
f 11416 11426 11427 11417
f 11417 11427 11428 11418
f 11418 11428 11429 11419
f 11419 11429 11430 11420
f 11420 11430 11431 11421
f 11421 11431 11432 11422
f 11422 11432 11423 11413
f 11423 11433 11434 11424
f 11424 11434 11435 11425
f 11425 11435 11436 11426
f 11426 11436 11437 11427
f 11427 11437 11438 11428
f 11428 11438 11439 11429
f 11429 11439 11440 11430
f 11430 11440 11441 11431
f 11431 11441 11442 11432
f 11432 11442 11433 11423
f 11433 11443 11444 11434
f 11434 11444 11445 11435
f 11435 11445 11446 11436
f 11436 11446 11447 11437
f 11437 11447 11448 11438
f 11438 11448 11449 11439
f 11439 11449 11450 11440
f 11440 11450 11451 11441
f 11441 11451 11452 11442
f 11442 11452 11443 11433
f 11443 11453 11454 11444
f 11444 11454 11455 11445
f 11445 11455 11456 11446
f 11446 11456 11457 11447
f 11447 11457 11458 11448
f 11448 11458 11459 11449
f 11449 11459 11460 11450
f 11450 11460 11461 11451
f 11451 11461 11462 11452
f 11452 11462 11453 11443
f 11453 11463 11464 11454
f 11454 11464 11465 11455
f 11455 11465 11466 11456
f 11456 11466 11467 11457
f 11457 11467 11468 11458
f 11458 11468 11469 11459
f 11459 11469 11470 11460
f 11460 11470 11471 11461
f 11461 11471 11472 11462
f 11462 11472 11463 11453
f 11463 11473 11474 11464
f 11464 11474 11475 11465
f 11465 11475 11476 11466
f 11466 11476 11477 11467
f 11467 11477 11478 11468
f 11468 11478 11479 11469
f 11469 11479 11480 11470
f 11470 11480 11481 11471
f 11471 11481 11482 11472
f 11472 11482 11473 11463
f 11473 11483 11484 11474
f 11474 11484 11485 11475
f 11475 11485 11486 11476
f 11476 11486 11487 11477
f 11477 11487 11488 11478
f 11478 11488 11489 11479
f 11479 11489 11490 11480
f 11480 11490 11491 11481
f 11481 11491 11492 11482
f 11482 11492 11483 11473
f 11483 11493 11494 11484
f 11484 11494 11495 11485
f 11485 11495 11496 11486
f 11486 11496 11497 11487
f 11487 11497 11498 11488
f 11488 11498 11499 11489
f 11489 11499 11500 11490
f 11490 11500 11501 11491
f 11491 11501 11502 11492
f 11492 11502 11493 11483
f 11493 11503 11504 11494
f 11494 11504 11505 11495
f 11495 11505 11506 11496
f 11496 11506 11507 11497
f 11497 11507 11508 11498
f 11498 11508 11509 11499
f 11499 11509 11510 11500
f 11500 11510 11511 11501
f 11501 11511 11512 11502
f 11502 11512 11503 11493
f 11503 11513 11514 11504
f 11504 11514 11515 11505
f 11505 11515 11516 11506
f 11506 11516 11517 11507
f 11507 11517 11518 11508
f 11508 11518 11519 11509
f 11509 11519 11520 11510
f 11510 11520 11521 11511
f 11511 11521 11522 11512
f 11512 11522 11513 11503
f 11513 11523 11524 11514
f 11514 11524 11525 11515
f 11515 11525 11526 11516
f 11516 11526 11527 11517
f 11517 11527 11528 11518
f 11518 11528 11529 11519
f 11519 11529 11530 11520
f 11520 11530 11531 11521
f 11521 11531 11532 11522
f 11522 11532 11523 11513
f 11523 11533 11534 11524
f 11524 11534 11535 11525
f 11525 11535 11536 11526
f 11526 11536 11537 11527
f 11527 11537 11538 11528
f 11528 11538 11539 11529
f 11529 11539 11540 11530
f 11530 11540 11541 11531
f 11531 11541 11542 11532
f 11532 11542 11533 11523
f 11533 11543 11544 11534
f 11534 11544 11545 11535
f 11535 11545 11546 11536
f 11536 11546 11547 11537
f 11537 11547 11548 11538
f 11538 11548 11549 11539
f 11539 11549 11550 11540
f 11540 11550 11551 11541
f 11541 11551 11552 11542
f 11542 11552 11543 11533
f 11543 11553 11554 11544
f 11544 11554 11555 11545
f 11545 11555 11556 11546
f 11546 11556 11557 11547
f 11547 11557 11558 11548
f 11548 11558 11559 11549
f 11549 11559 11560 11550
f 11550 11560 11561 11551
f 11551 11561 11562 11552
f 11552 11562 11553 11543
f 11553 11563 11564 11554
f 11554 11564 11565 11555
f 11555 11565 11566 11556
f 11556 11566 11567 11557
f 11557 11567 11568 11558
f 11558 11568 11569 11559
f 11559 11569 11570 11560
f 11560 11570 11571 11561
f 11561 11571 11572 11562
f 11562 11572 11563 11553
f 11563 11573 11574 11564
f 11564 11574 11575 11565
f 11565 11575 11576 11566
f 11566 11576 11577 11567
f 11567 11577 11578 11568
f 11568 11578 11579 11569
f 11569 11579 11580 11570
f 11570 11580 11581 11571
f 11571 11581 11582 11572
f 11572 11582 11573 11563
f 11573 11583 11584 11574
f 11574 11584 11585 11575
f 11575 11585 11586 11576
f 11576 11586 11587 11577
f 11577 11587 11588 11578
f 11578 11588 11589 11579
f 11579 11589 11590 11580
f 11580 11590 11591 11581
f 11581 11591 11592 11582
f 11582 11592 11583 11573
f 11583 11593 11594 11584
f 11584 11594 11595 11585
f 11585 11595 11596 11586
f 11586 11596 11597 11587
f 11587 11597 11598 11588
f 11588 11598 11599 11589
f 11589 11599 11600 11590
f 11590 11600 11601 11591
f 11591 11601 11602 11592
f 11592 11602 11593 11583
f 11593 11603 11604 11594
f 11594 11604 11605 11595
f 11595 11605 11606 11596
f 11596 11606 11607 11597
f 11597 11607 11608 11598
f 11598 11608 11609 11599
f 11599 11609 11610 11600
f 11600 11610 11611 11601
f 11601 11611 11612 11602
f 11602 11612 11603 11593
f 11603 11613 11614 11604
f 11604 11614 11615 11605
f 11605 11615 11616 11606
f 11606 11616 11617 11607
f 11607 11617 11618 11608
f 11608 11618 11619 11609
f 11609 11619 11620 11610
f 11610 11620 11621 11611
f 11611 11621 11622 11612
f 11612 11622 11613 11603
f 11613 11623 11624 11614
f 11614 11624 11625 11615
f 11615 11625 11626 11616
f 11616 11626 11627 11617
f 11617 11627 11628 11618
f 11618 11628 11629 11619
f 11619 11629 11630 11620
f 11620 11630 11631 11621
f 11621 11631 11632 11622
f 11622 11632 11623 11613
f 11623 11633 11634 11624
f 11624 11634 11635 11625
f 11625 11635 11636 11626
f 11626 11636 11637 11627
f 11627 11637 11638 11628
f 11628 11638 11639 11629
f 11629 11639 11640 11630
f 11630 11640 11641 11631
f 11631 11641 11642 11632
f 11632 11642 11633 11623
f 11633 11643 11644 11634
f 11634 11644 11645 11635
f 11635 11645 11646 11636
f 11636 11646 11647 11637
f 11637 11647 11648 11638
f 11638 11648 11649 11639
f 11639 11649 11650 11640
f 11640 11650 11651 11641
f 11641 11651 11652 11642
f 11642 11652 11643 11633
f 11643 11653 11654 11644
f 11644 11654 11655 11645
f 11645 11655 11656 11646
f 11646 11656 11657 11647
f 11647 11657 11658 11648
f 11648 11658 11659 11649
f 11649 11659 11660 11650
f 11650 11660 11661 11651
f 11651 11661 11662 11652
f 11652 11662 11653 11643
f 11653 11663 11664 11654
f 11654 11664 11665 11655
f 11655 11665 11666 11656
f 11656 11666 11667 11657
f 11657 11667 11668 11658
f 11658 11668 11669 11659
f 11659 11669 11670 11660
f 11660 11670 11671 11661
f 11661 11671 11672 11662
f 11662 11672 11663 11653
f 11663 11673 11674 11664
f 11664 11674 11675 11665
f 11665 11675 11676 11666
f 11666 11676 11677 11667
f 11667 11677 11678 11668
f 11668 11678 11679 11669
f 11669 11679 11680 11670
f 11670 11680 11681 11671
f 11671 11681 11682 11672
f 11672 11682 11673 11663
f 11673 11683 11684 11674
f 11674 11684 11685 11675
f 11675 11685 11686 11676
f 11676 11686 11687 11677
f 11677 11687 11688 11678
f 11678 11688 11689 11679
f 11679 11689 11690 11680
f 11680 11690 11691 11681
f 11681 11691 11692 11682
f 11682 11692 11683 11673
f 11683 11693 11694 11684
f 11684 11694 11695 11685
f 11685 11695 11696 11686
f 11686 11696 11697 11687
f 11687 11697 11698 11688
f 11688 11698 11699 11689
f 11689 11699 11700 11690
f 11690 11700 11701 11691
f 11691 11701 11702 11692
f 11692 11702 11693 11683
f 11693 11703 11704 11694
f 11694 11704 11705 11695
f 11695 11705 11706 11696
f 11696 11706 11707 11697
f 11697 11707 11708 11698
f 11698 11708 11709 11699
f 11699 11709 11710 11700
f 11700 11710 11711 11701
f 11701 11711 11712 11702
f 11702 11712 11703 11693
f 11703 11713 11714 11704
f 11704 11714 11715 11705
f 11705 11715 11716 11706
f 11706 11716 11717 11707
f 11707 11717 11718 11708
f 11708 11718 11719 11709
f 11709 11719 11720 11710
f 11710 11720 11721 11711
f 11711 11721 11722 11712
f 11712 11722 11713 11703
f 11713 11723 11724 11714
f 11714 11724 11725 11715
f 11715 11725 11726 11716
f 11716 11726 11727 11717
f 11717 11727 11728 11718
f 11718 11728 11729 11719
f 11719 11729 11730 11720
f 11720 11730 11731 11721
f 11721 11731 11732 11722
f 11722 11732 11723 11713
f 11723 11733 11734 11724
f 11724 11734 11735 11725
f 11725 11735 11736 11726
f 11726 11736 11737 11727
f 11727 11737 11738 11728
f 11728 11738 11739 11729
f 11729 11739 11740 11730
f 11730 11740 11741 11731
f 11731 11741 11742 11732
f 11732 11742 11733 11723
f 11733 11743 11744 11734
f 11734 11744 11745 11735
f 11735 11745 11746 11736
f 11736 11746 11747 11737
f 11737 11747 11748 11738
f 11738 11748 11749 11739
f 11739 11749 11750 11740
f 11740 11750 11751 11741
f 11741 11751 11752 11742
f 11742 11752 11743 11733
f 11743 11753 11754 11744
f 11744 11754 11755 11745
f 11745 11755 11756 11746
f 11746 11756 11757 11747
f 11747 11757 11758 11748
f 11748 11758 11759 11749
f 11749 11759 11760 11750
f 11750 11760 11761 11751
f 11751 11761 11762 11752
f 11752 11762 11753 11743
f 11753 11763 11764 11754
f 11754 11764 11765 11755
f 11755 11765 11766 11756
f 11756 11766 11767 11757
f 11757 11767 11768 11758
f 11758 11768 11769 11759
f 11759 11769 11770 11760
f 11760 11770 11771 11761
f 11761 11771 11772 11762
f 11762 11772 11763 11753
f 11763 11773 11774 11764
f 11764 11774 11775 11765
f 11765 11775 11776 11766
f 11766 11776 11777 11767
f 11767 11777 11778 11768
f 11768 11778 11779 11769
f 11769 11779 11780 11770
f 11770 11780 11781 11771
f 11771 11781 11782 11772
f 11772 11782 11773 11763
f 11773 11783 11784 11774
f 11774 11784 11785 11775
f 11775 11785 11786 11776
f 11776 11786 11787 11777
f 11777 11787 11788 11778
f 11778 11788 11789 11779
f 11779 11789 11790 11780
f 11780 11790 11791 11781
f 11781 11791 11792 11782
f 11782 11792 11783 11773
f 11783 11793 11794 11784
f 11784 11794 11795 11785
f 11785 11795 11796 11786
f 11786 11796 11797 11787
f 11787 11797 11798 11788
f 11788 11798 11799 11789
f 11789 11799 11800 11790
f 11790 11800 11801 11791
f 11791 11801 11802 11792
f 11792 11802 11793 11783
f 11793 11803 11804 11794
f 11794 11804 11805 11795
f 11795 11805 11806 11796
f 11796 11806 11807 11797
f 11797 11807 11808 11798
f 11798 11808 11809 11799
f 11799 11809 11810 11800
f 11800 11810 11811 11801
f 11801 11811 11812 11802
f 11802 11812 11803 11793
f 11803 11813 11814 11804
f 11804 11814 11815 11805
f 11805 11815 11816 11806
f 11806 11816 11817 11807
f 11807 11817 11818 11808
f 11808 11818 11819 11809
f 11809 11819 11820 11810
f 11810 11820 11821 11811
f 11811 11821 11822 11812
f 11812 11822 11813 11803
f 11813 11823 11824 11814
f 11814 11824 11825 11815
f 11815 11825 11826 11816
f 11816 11826 11827 11817
f 11817 11827 11828 11818
f 11818 11828 11829 11819
f 11819 11829 11830 11820
f 11820 11830 11831 11821
f 11821 11831 11832 11822
f 11822 11832 11823 11813
f 11823 11833 11834 11824
f 11824 11834 11835 11825
f 11825 11835 11836 11826
f 11826 11836 11837 11827
f 11827 11837 11838 11828
f 11828 11838 11839 11829
f 11829 11839 11840 11830
f 11830 11840 11841 11831
f 11831 11841 11842 11832
f 11832 11842 11833 11823
f 11833 11843 11844 11834
f 11834 11844 11845 11835
f 11835 11845 11846 11836
f 11836 11846 11847 11837
f 11837 11847 11848 11838
f 11838 11848 11849 11839
f 11839 11849 11850 11840
f 11840 11850 11851 11841
f 11841 11851 11852 11842
f 11842 11852 11843 11833
f 11843 11853 11854 11844
f 11844 11854 11855 11845
f 11845 11855 11856 11846
f 11846 11856 11857 11847
f 11847 11857 11858 11848
f 11848 11858 11859 11849
f 11849 11859 11860 11850
f 11850 11860 11861 11851
f 11851 11861 11862 11852
f 11852 11862 11853 11843
f 11853 11863 11864 11854
f 11854 11864 11865 11855
f 11855 11865 11866 11856
f 11856 11866 11867 11857
f 11857 11867 11868 11858
f 11858 11868 11869 11859
f 11859 11869 11870 11860
f 11860 11870 11871 11861
f 11861 11871 11872 11862
f 11862 11872 11863 11853
f 11863 11873 11874 11864
f 11864 11874 11875 11865
f 11865 11875 11876 11866
f 11866 11876 11877 11867
f 11867 11877 11878 11868
f 11868 11878 11879 11869
f 11869 11879 11880 11870
f 11870 11880 11881 11871
f 11871 11881 11882 11872
f 11872 11882 11873 11863
f 11873 11883 11884 11874
f 11874 11884 11885 11875
f 11875 11885 11886 11876
f 11876 11886 11887 11877
f 11877 11887 11888 11878
f 11878 11888 11889 11879
f 11879 11889 11890 11880
f 11880 11890 11891 11881
f 11881 11891 11892 11882
f 11882 11892 11883 11873
f 11883 11893 11894 11884
f 11884 11894 11895 11885
f 11885 11895 11896 11886
f 11886 11896 11897 11887
f 11887 11897 11898 11888
f 11888 11898 11899 11889
f 11889 11899 11900 11890
f 11890 11900 11901 11891
f 11891 11901 11902 11892
f 11892 11902 11893 11883
f 11893 11903 11904 11894
f 11894 11904 11905 11895
f 11895 11905 11906 11896
f 11896 11906 11907 11897
f 11897 11907 11908 11898
f 11898 11908 11909 11899
f 11899 11909 11910 11900
f 11900 11910 11911 11901
f 11901 11911 11912 11902
f 11902 11912 11903 11893
f 11903 11913 11914 11904
f 11904 11914 11915 11905
f 11905 11915 11916 11906
f 11906 11916 11917 11907
f 11907 11917 11918 11908
f 11908 11918 11919 11909
f 11909 11919 11920 11910
f 11910 11920 11921 11911
f 11911 11921 11922 11912
f 11912 11922 11913 11903
f 11913 11923 11924 11914
f 11914 11924 11925 11915
f 11915 11925 11926 11916
f 11916 11926 11927 11917
f 11917 11927 11928 11918
f 11918 11928 11929 11919
f 11919 11929 11930 11920
f 11920 11930 11931 11921
f 11921 11931 11932 11922
f 11922 11932 11923 11913
f 11923 11933 11934 11924
f 11924 11934 11935 11925
f 11925 11935 11936 11926
f 11926 11936 11937 11927
f 11927 11937 11938 11928
f 11928 11938 11939 11929
f 11929 11939 11940 11930
f 11930 11940 11941 11931
f 11931 11941 11942 11932
f 11932 11942 11933 11923
f 11933 11943 11944 11934
f 11934 11944 11945 11935
f 11935 11945 11946 11936
f 11936 11946 11947 11937
f 11937 11947 11948 11938
f 11938 11948 11949 11939
f 11939 11949 11950 11940
f 11940 11950 11951 11941
f 11941 11951 11952 11942
f 11942 11952 11943 11933
f 11943 11953 11954 11944
f 11944 11954 11955 11945
f 11945 11955 11956 11946
f 11946 11956 11957 11947
f 11947 11957 11958 11948
f 11948 11958 11959 11949
f 11949 11959 11960 11950
f 11950 11960 11961 11951
f 11951 11961 11962 11952
f 11952 11962 11953 11943
f 11953 11963 11964 11954
f 11954 11964 11965 11955
f 11955 11965 11966 11956
f 11956 11966 11967 11957
f 11957 11967 11968 11958
f 11958 11968 11969 11959
f 11959 11969 11970 11960
f 11960 11970 11971 11961
f 11961 11971 11972 11962
f 11962 11972 11963 11953
f 11963 11973 11974 11964
f 11964 11974 11975 11965
f 11965 11975 11976 11966
f 11966 11976 11977 11967
f 11967 11977 11978 11968
f 11968 11978 11979 11969
f 11969 11979 11980 11970
f 11970 11980 11981 11971
f 11971 11981 11982 11972
f 11972 11982 11973 11963
f 11973 11983 11984 11974
f 11974 11984 11985 11975
f 11975 11985 11986 11976
f 11976 11986 11987 11977
f 11977 11987 11988 11978
f 11978 11988 11989 11979
f 11979 11989 11990 11980
f 11980 11990 11991 11981
f 11981 11991 11992 11982
f 11982 11992 11983 11973
f 11983 11993 11994 11984
f 11984 11994 11995 11985
f 11985 11995 11996 11986
f 11986 11996 11997 11987
f 11987 11997 11998 11988
f 11988 11998 11999 11989
f 11989 11999 12000 11990
f 11990 12000 12001 11991
f 11991 12001 12002 11992
f 11992 12002 11993 11983
f 11993 12003 12004 11994
f 11994 12004 12005 11995
f 11995 12005 12006 11996
f 11996 12006 12007 11997
f 11997 12007 12008 11998
f 11998 12008 12009 11999
f 11999 12009 12010 12000
f 12000 12010 12011 12001
f 12001 12011 12012 12002
f 12002 12012 12003 11993
f 12003 12013 12014 12004
f 12004 12014 12015 12005
f 12005 12015 12016 12006
f 12006 12016 12017 12007
f 12007 12017 12018 12008
f 12008 12018 12019 12009
f 12009 12019 12020 12010
f 12010 12020 12021 12011
f 12011 12021 12022 12012
f 12012 12022 12013 12003
f 12013 12023 12024 12014
f 12014 12024 12025 12015
f 12015 12025 12026 12016
f 12016 12026 12027 12017
f 12017 12027 12028 12018
f 12018 12028 12029 12019
f 12019 12029 12030 12020
f 12020 12030 12031 12021
f 12021 12031 12032 12022
f 12022 12032 12023 12013
f 12023 12033 12034 12024
f 12024 12034 12035 12025
f 12025 12035 12036 12026
f 12026 12036 12037 12027
f 12027 12037 12038 12028
f 12028 12038 12039 12029
f 12029 12039 12040 12030
f 12030 12040 12041 12031
f 12031 12041 12042 12032
f 12032 12042 12033 12023
f 12033 12043 12044 12034
f 12034 12044 12045 12035
f 12035 12045 12046 12036
f 12036 12046 12047 12037
f 12037 12047 12048 12038
f 12038 12048 12049 12039
f 12039 12049 12050 12040
f 12040 12050 12051 12041
f 12041 12051 12052 12042
f 12042 12052 12043 12033
f 12043 12053 12054 12044
f 12044 12054 12055 12045
f 12045 12055 12056 12046
f 12046 12056 12057 12047
f 12047 12057 12058 12048
f 12048 12058 12059 12049
f 12049 12059 12060 12050
f 12050 12060 12061 12051
f 12051 12061 12062 12052
f 12052 12062 12053 12043
f 12053 12063 12064 12054
f 12054 12064 12065 12055
f 12055 12065 12066 12056
f 12056 12066 12067 12057
f 12057 12067 12068 12058
f 12058 12068 12069 12059
f 12059 12069 12070 12060
f 12060 12070 12071 12061
f 12061 12071 12072 12062
f 12062 12072 12063 12053
f 12063 12073 12074 12064
f 12064 12074 12075 12065
f 12065 12075 12076 12066
f 12066 12076 12077 12067
f 12067 12077 12078 12068
f 12068 12078 12079 12069
f 12069 12079 12080 12070
f 12070 12080 12081 12071
f 12071 12081 12082 12072
f 12072 12082 12073 12063
f 12073 12083 12084 12074
f 12074 12084 12085 12075
f 12075 12085 12086 12076
f 12076 12086 12087 12077
f 12077 12087 12088 12078
f 12078 12088 12089 12079
f 12079 12089 12090 12080
f 12080 12090 12091 12081
f 12081 12091 12092 12082
f 12082 12092 12083 12073
f 12083 12093 12094 12084
f 12084 12094 12095 12085
f 12085 12095 12096 12086
f 12086 12096 12097 12087
f 12087 12097 12098 12088
f 12088 12098 12099 12089
f 12089 12099 12100 12090
f 12090 12100 12101 12091
f 12091 12101 12102 12092
f 12092 12102 12093 12083
f 12093 12103 12104 12094
f 12094 12104 12105 12095
f 12095 12105 12106 12096
f 12096 12106 12107 12097
f 12097 12107 12108 12098
f 12098 12108 12109 12099
f 12099 12109 12110 12100
f 12100 12110 12111 12101
f 12101 12111 12112 12102
f 12102 12112 12103 12093
f 12103 12113 12114 12104
f 12104 12114 12115 12105
f 12105 12115 12116 12106
f 12106 12116 12117 12107
f 12107 12117 12118 12108
f 12108 12118 12119 12109
f 12109 12119 12120 12110
f 12110 12120 12121 12111
f 12111 12121 12122 12112
f 12112 12122 12113 12103
f 12113 12123 12124 12114
f 12114 12124 12125 12115
f 12115 12125 12126 12116
f 12116 12126 12127 12117
f 12117 12127 12128 12118
f 12118 12128 12129 12119
f 12119 12129 12130 12120
f 12120 12130 12131 12121
f 12121 12131 12132 12122
f 12122 12132 12123 12113
f 12123 12133 12134 12124
f 12124 12134 12135 12125
f 12125 12135 12136 12126
f 12126 12136 12137 12127
f 12127 12137 12138 12128
f 12128 12138 12139 12129
f 12129 12139 12140 12130
f 12130 12140 12141 12131
f 12131 12141 12142 12132
f 12132 12142 12133 12123
f 12133 12143 12144 12134
f 12134 12144 12145 12135
f 12135 12145 12146 12136
f 12136 12146 12147 12137
f 12137 12147 12148 12138
f 12138 12148 12149 12139
f 12139 12149 12150 12140
f 12140 12150 12151 12141
f 12141 12151 12152 12142
f 12142 12152 12143 12133
f 12143 12153 12154 12144
f 12144 12154 12155 12145
f 12145 12155 12156 12146
f 12146 12156 12157 12147
f 12147 12157 12158 12148
f 12148 12158 12159 12149
f 12149 12159 12160 12150
f 12150 12160 12161 12151
f 12151 12161 12162 12152
f 12152 12162 12153 12143
f 12153 12163 12164 12154
f 12154 12164 12165 12155
f 12155 12165 12166 12156
f 12156 12166 12167 12157
f 12157 12167 12168 12158
f 12158 12168 12169 12159
f 12159 12169 12170 12160
f 12160 12170 12171 12161
f 12161 12171 12172 12162
f 12162 12172 12163 12153
f 12163 12173 12174 12164
f 12164 12174 12175 12165
f 12165 12175 12176 12166
f 12166 12176 12177 12167
f 12167 12177 12178 12168
f 12168 12178 12179 12169
f 12169 12179 12180 12170
f 12170 12180 12181 12171
f 12171 12181 12182 12172
f 12172 12182 12173 12163
f 12173 12183 12184 12174
f 12174 12184 12185 12175
f 12175 12185 12186 12176
f 12176 12186 12187 12177
f 12177 12187 12188 12178
f 12178 12188 12189 12179
f 12179 12189 12190 12180
f 12180 12190 12191 12181
f 12181 12191 12192 12182
f 12182 12192 12183 12173
f 12183 12193 12194 12184
f 12184 12194 12195 12185
f 12185 12195 12196 12186
f 12186 12196 12197 12187
f 12187 12197 12198 12188
f 12188 12198 12199 12189
f 12189 12199 12200 12190
f 12190 12200 12201 12191
f 12191 12201 12202 12192
f 12192 12202 12193 12183
f 12193 12203 12204 12194
f 12194 12204 12205 12195
f 12195 12205 12206 12196
f 12196 12206 12207 12197
f 12197 12207 12208 12198
f 12198 12208 12209 12199
f 12199 12209 12210 12200
f 12200 12210 12211 12201
f 12201 12211 12212 12202
f 12202 12212 12203 12193
f 12203 12213 12214 12204
f 12204 12214 12215 12205
f 12205 12215 12216 12206
f 12206 12216 12217 12207
f 12207 12217 12218 12208
f 12208 12218 12219 12209
f 12209 12219 12220 12210
f 12210 12220 12221 12211
f 12211 12221 12222 12212
f 12212 12222 12213 12203
f 12213 12223 12224 12214
f 12214 12224 12225 12215
f 12215 12225 12226 12216
f 12216 12226 12227 12217
f 12217 12227 12228 12218
f 12218 12228 12229 12219
f 12219 12229 12230 12220
f 12220 12230 12231 12221
f 12221 12231 12232 12222
f 12222 12232 12223 12213
f 12223 12233 12234 12224
f 12224 12234 12235 12225
f 12225 12235 12236 12226
f 12226 12236 12237 12227
f 12227 12237 12238 12228
f 12228 12238 12239 12229
f 12229 12239 12240 12230
f 12230 12240 12241 12231
f 12231 12241 12242 12232
f 12232 12242 12233 12223
f 12233 12243 12244 12234
f 12234 12244 12245 12235
f 12235 12245 12246 12236
f 12236 12246 12247 12237
f 12237 12247 12248 12238
f 12238 12248 12249 12239
f 12239 12249 12250 12240
f 12240 12250 12251 12241
f 12241 12251 12252 12242
f 12242 12252 12243 12233
f 12243 12253 12254 12244
f 12244 12254 12255 12245
f 12245 12255 12256 12246
f 12246 12256 12257 12247
f 12247 12257 12258 12248
f 12248 12258 12259 12249
f 12249 12259 12260 12250
f 12250 12260 12261 12251
f 12251 12261 12262 12252
f 12252 12262 12253 12243
f 12253 12263 12264 12254
f 12254 12264 12265 12255
f 12255 12265 12266 12256
f 12256 12266 12267 12257
f 12257 12267 12268 12258
f 12258 12268 12269 12259
f 12259 12269 12270 12260
f 12260 12270 12271 12261
f 12261 12271 12272 12262
f 12262 12272 12263 12253
f 12263 12273 12274 12264
f 12264 12274 12275 12265
f 12265 12275 12276 12266
f 12266 12276 12277 12267
f 12267 12277 12278 12268
f 12268 12278 12279 12269
f 12269 12279 12280 12270
f 12270 12280 12281 12271
f 12271 12281 12282 12272
f 12272 12282 12273 12263
f 12273 12283 12284 12274
f 12274 12284 12285 12275
f 12275 12285 12286 12276
f 12276 12286 12287 12277
f 12277 12287 12288 12278
f 12278 12288 12289 12279
f 12279 12289 12290 12280
f 12280 12290 12291 12281
f 12281 12291 12292 12282
f 12282 12292 12283 12273
f 12283 12293 12294 12284
f 12284 12294 12295 12285
f 12285 12295 12296 12286
f 12286 12296 12297 12287
f 12287 12297 12298 12288
f 12288 12298 12299 12289
f 12289 12299 12300 12290
f 12290 12300 12301 12291
f 12291 12301 12302 12292
f 12292 12302 12293 12283
f 12293 12303 12304 12294
f 12294 12304 12305 12295
f 12295 12305 12306 12296
f 12296 12306 12307 12297
f 12297 12307 12308 12298
f 12298 12308 12309 12299
f 12299 12309 12310 12300
f 12300 12310 12311 12301
f 12301 12311 12312 12302
f 12302 12312 12303 12293
f 12303 12313 12314 12304
f 12304 12314 12315 12305
f 12305 12315 12316 12306
f 12306 12316 12317 12307
f 12307 12317 12318 12308
f 12308 12318 12319 12309
f 12309 12319 12320 12310
f 12310 12320 12321 12311
f 12311 12321 12322 12312
f 12312 12322 12313 12303
f 12313 12323 12324 12314
f 12314 12324 12325 12315
f 12315 12325 12326 12316
f 12316 12326 12327 12317
f 12317 12327 12328 12318
f 12318 12328 12329 12319
f 12319 12329 12330 12320
f 12320 12330 12331 12321
f 12321 12331 12332 12322
f 12322 12332 12323 12313
f 12323 12333 12334 12324
f 12324 12334 12335 12325
f 12325 12335 12336 12326
f 12326 12336 12337 12327
f 12327 12337 12338 12328
f 12328 12338 12339 12329
f 12329 12339 12340 12330
f 12330 12340 12341 12331
f 12331 12341 12342 12332
f 12332 12342 12333 12323
f 12333 12343 12344 12334
f 12334 12344 12345 12335
f 12335 12345 12346 12336
f 12336 12346 12347 12337
f 12337 12347 12348 12338
f 12338 12348 12349 12339
f 12339 12349 12350 12340
f 12340 12350 12351 12341
f 12341 12351 12352 12342
f 12342 12352 12343 12333
f 12343 12353 12354 12344
f 12344 12354 12355 12345
f 12345 12355 12356 12346
f 12346 12356 12357 12347
f 12347 12357 12358 12348
f 12348 12358 12359 12349
f 12349 12359 12360 12350
f 12350 12360 12361 12351
f 12351 12361 12362 12352
f 12352 12362 12353 12343
f 12353 12363 12364 12354
f 12354 12364 12365 12355
f 12355 12365 12366 12356
f 12356 12366 12367 12357
f 12357 12367 12368 12358
f 12358 12368 12369 12359
f 12359 12369 12370 12360
f 12360 12370 12371 12361
f 12361 12371 12372 12362
f 12362 12372 12363 12353
f 12363 12373 12374 12364
f 12364 12374 12375 12365
f 12365 12375 12376 12366
f 12366 12376 12377 12367
f 12367 12377 12378 12368
f 12368 12378 12379 12369
f 12369 12379 12380 12370
f 12370 12380 12381 12371
f 12371 12381 12382 12372
f 12372 12382 12373 12363
f 12373 12383 12384 12374
f 12374 12384 12385 12375
f 12375 12385 12386 12376
f 12376 12386 12387 12377
f 12377 12387 12388 12378
f 12378 12388 12389 12379
f 12379 12389 12390 12380
f 12380 12390 12391 12381
f 12381 12391 12392 12382
f 12382 12392 12383 12373
f 12383 12393 12394 12384
f 12384 12394 12395 12385
f 12385 12395 12396 12386
f 12386 12396 12397 12387
f 12387 12397 12398 12388
f 12388 12398 12399 12389
f 12389 12399 12400 12390
f 12390 12400 12401 12391
f 12391 12401 12402 12392
f 12392 12402 12393 12383
f 12393 12403 12404 12394
f 12394 12404 12405 12395
f 12395 12405 12406 12396
f 12396 12406 12407 12397
f 12397 12407 12408 12398
f 12398 12408 12409 12399
f 12399 12409 12410 12400
f 12400 12410 12411 12401
f 12401 12411 12412 12402
f 12402 12412 12403 12393
f 12403 12413 12414 12404
f 12404 12414 12415 12405
f 12405 12415 12416 12406
f 12406 12416 12417 12407
f 12407 12417 12418 12408
f 12408 12418 12419 12409
f 12409 12419 12420 12410
f 12410 12420 12421 12411
f 12411 12421 12422 12412
f 12412 12422 12413 12403
f 12413 12423 12424 12414
f 12414 12424 12425 12415
f 12415 12425 12426 12416
f 12416 12426 12427 12417
f 12417 12427 12428 12418
f 12418 12428 12429 12419
f 12419 12429 12430 12420
f 12420 12430 12431 12421
f 12421 12431 12432 12422
f 12422 12432 12423 12413
f 12423 12433 12434 12424
f 12424 12434 12435 12425
f 12425 12435 12436 12426
f 12426 12436 12437 12427
f 12427 12437 12438 12428
f 12428 12438 12439 12429
f 12429 12439 12440 12430
f 12430 12440 12441 12431
f 12431 12441 12442 12432
f 12432 12442 12433 12423
f 12433 12443 12444 12434
f 12434 12444 12445 12435
f 12435 12445 12446 12436
f 12436 12446 12447 12437
f 12437 12447 12448 12438
f 12438 12448 12449 12439
f 12439 12449 12450 12440
f 12440 12450 12451 12441
f 12441 12451 12452 12442
f 12442 12452 12443 12433
f 12443 12453 12454 12444
f 12444 12454 12455 12445
f 12445 12455 12456 12446
f 12446 12456 12457 12447
f 12447 12457 12458 12448
f 12448 12458 12459 12449
f 12449 12459 12460 12450
f 12450 12460 12461 12451
f 12451 12461 12462 12452
f 12452 12462 12453 12443
f 12453 12463 12464 12454
f 12454 12464 12465 12455
f 12455 12465 12466 12456
f 12456 12466 12467 12457
f 12457 12467 12468 12458
f 12458 12468 12469 12459
f 12459 12469 12470 12460
f 12460 12470 12471 12461
f 12461 12471 12472 12462
f 12462 12472 12463 12453
f 12463 12473 12474 12464
f 12464 12474 12475 12465
f 12465 12475 12476 12466
f 12466 12476 12477 12467
f 12467 12477 12478 12468
f 12468 12478 12479 12469
f 12469 12479 12480 12470
f 12470 12480 12481 12471
f 12471 12481 12482 12472
f 12472 12482 12473 12463
f 12473 12483 12484 12474
f 12474 12484 12485 12475
f 12475 12485 12486 12476
f 12476 12486 12487 12477
f 12477 12487 12488 12478
f 12478 12488 12489 12479
f 12479 12489 12490 12480
f 12480 12490 12491 12481
f 12481 12491 12492 12482
f 12482 12492 12483 12473
f 12483 12493 12494 12484
f 12484 12494 12495 12485
f 12485 12495 12496 12486
f 12486 12496 12497 12487
f 12487 12497 12498 12488
f 12488 12498 12499 12489
f 12489 12499 12500 12490
f 12490 12500 12501 12491
f 12491 12501 12502 12492
f 12492 12502 12493 12483
f 12493 12503 12504 12494
f 12494 12504 12505 12495
f 12495 12505 12506 12496
f 12496 12506 12507 12497
f 12497 12507 12508 12498
f 12498 12508 12509 12499
f 12499 12509 12510 12500
f 12500 12510 12511 12501
f 12501 12511 12512 12502
f 12502 12512 12503 12493
f 12503 12513 12514 12504
f 12504 12514 12515 12505
f 12505 12515 12516 12506
f 12506 12516 12517 12507
f 12507 12517 12518 12508
f 12508 12518 12519 12509
f 12509 12519 12520 12510
f 12510 12520 12521 12511
f 12511 12521 12522 12512
f 12512 12522 12513 12503
f 12513 12523 12524 12514
f 12514 12524 12525 12515
f 12515 12525 12526 12516
f 12516 12526 12527 12517
f 12517 12527 12528 12518
f 12518 12528 12529 12519
f 12519 12529 12530 12520
f 12520 12530 12531 12521
f 12521 12531 12532 12522
f 12522 12532 12523 12513
f 12523 12533 12534 12524
f 12524 12534 12535 12525
f 12525 12535 12536 12526
f 12526 12536 12537 12527
f 12527 12537 12538 12528
f 12528 12538 12539 12529
f 12529 12539 12540 12530
f 12530 12540 12541 12531
f 12531 12541 12542 12532
f 12532 12542 12533 12523
f 12533 12543 12544 12534
f 12534 12544 12545 12535
f 12535 12545 12546 12536
f 12536 12546 12547 12537
f 12537 12547 12548 12538
f 12538 12548 12549 12539
f 12539 12549 12550 12540
f 12540 12550 12551 12541
f 12541 12551 12552 12542
f 12542 12552 12543 12533
f 12543 12553 12554 12544
f 12544 12554 12555 12545
f 12545 12555 12556 12546
f 12546 12556 12557 12547
f 12547 12557 12558 12548
f 12548 12558 12559 12549
f 12549 12559 12560 12550
f 12550 12560 12561 12551
f 12551 12561 12562 12552
f 12552 12562 12553 12543
f 12553 12563 12564 12554
f 12554 12564 12565 12555
f 12555 12565 12566 12556
f 12556 12566 12567 12557
f 12557 12567 12568 12558
f 12558 12568 12569 12559
f 12559 12569 12570 12560
f 12560 12570 12571 12561
f 12561 12571 12572 12562
f 12562 12572 12563 12553
f 12563 12573 12574 12564
f 12564 12574 12575 12565
f 12565 12575 12576 12566
f 12566 12576 12577 12567
f 12567 12577 12578 12568
f 12568 12578 12579 12569
f 12569 12579 12580 12570
f 12570 12580 12581 12571
f 12571 12581 12582 12572
f 12572 12582 12573 12563
f 12573 12583 12584 12574
f 12574 12584 12585 12575
f 12575 12585 12586 12576
f 12576 12586 12587 12577
f 12577 12587 12588 12578
f 12578 12588 12589 12579
f 12579 12589 12590 12580
f 12580 12590 12591 12581
f 12581 12591 12592 12582
f 12582 12592 12583 12573
f 12583 12593 12594 12584
f 12584 12594 12595 12585
f 12585 12595 12596 12586
f 12586 12596 12597 12587
f 12587 12597 12598 12588
f 12588 12598 12599 12589
f 12589 12599 12600 12590
f 12590 12600 12601 12591
f 12591 12601 12602 12592
f 12592 12602 12593 12583
f 12593 12603 12604 12594
f 12594 12604 12605 12595
f 12595 12605 12606 12596
f 12596 12606 12607 12597
f 12597 12607 12608 12598
f 12598 12608 12609 12599
f 12599 12609 12610 12600
f 12600 12610 12611 12601
f 12601 12611 12612 12602
f 12602 12612 12603 12593
f 12603 12613 12614 12604
f 12604 12614 12615 12605
f 12605 12615 12616 12606
f 12606 12616 12617 12607
f 12607 12617 12618 12608
f 12608 12618 12619 12609
f 12609 12619 12620 12610
f 12610 12620 12621 12611
f 12611 12621 12622 12612
f 12612 12622 12613 12603
f 12613 12623 12624 12614
f 12614 12624 12625 12615
f 12615 12625 12626 12616
f 12616 12626 12627 12617
f 12617 12627 12628 12618
f 12618 12628 12629 12619
f 12619 12629 12630 12620
f 12620 12630 12631 12621
f 12621 12631 12632 12622
f 12622 12632 12623 12613
f 12623 12633 12634 12624
f 12624 12634 12635 12625
f 12625 12635 12636 12626
f 12626 12636 12637 12627
f 12627 12637 12638 12628
f 12628 12638 12639 12629
f 12629 12639 12640 12630
f 12630 12640 12641 12631
f 12631 12641 12642 12632
f 12632 12642 12633 12623
f 12633 12643 12644 12634
f 12634 12644 12645 12635
f 12635 12645 12646 12636
f 12636 12646 12647 12637
f 12637 12647 12648 12638
f 12638 12648 12649 12639
f 12639 12649 12650 12640
f 12640 12650 12651 12641
f 12641 12651 12652 12642
f 12642 12652 12643 12633
f 12643 12653 12654 12644
f 12644 12654 12655 12645
f 12645 12655 12656 12646
f 12646 12656 12657 12647
f 12647 12657 12658 12648
f 12648 12658 12659 12649
f 12649 12659 12660 12650
f 12650 12660 12661 12651
f 12651 12661 12662 12652
f 12652 12662 12653 12643
f 12653 12663 12664 12654
f 12654 12664 12665 12655
f 12655 12665 12666 12656
f 12656 12666 12667 12657
f 12657 12667 12668 12658
f 12658 12668 12669 12659
f 12659 12669 12670 12660
f 12660 12670 12671 12661
f 12661 12671 12672 12662
f 12662 12672 12663 12653
f 12663 12673 12674 12664
f 12664 12674 12675 12665
f 12665 12675 12676 12666
f 12666 12676 12677 12667
f 12667 12677 12678 12668
f 12668 12678 12679 12669
f 12669 12679 12680 12670
f 12670 12680 12681 12671
f 12671 12681 12682 12672
f 12672 12682 12673 12663
f 12673 12683 12684 12674
f 12674 12684 12685 12675
f 12675 12685 12686 12676
f 12676 12686 12687 12677
f 12677 12687 12688 12678
f 12678 12688 12689 12679
f 12679 12689 12690 12680
f 12680 12690 12691 12681
f 12681 12691 12692 12682
f 12682 12692 12683 12673
f 12683 12693 12694 12684
f 12684 12694 12695 12685
f 12685 12695 12696 12686
f 12686 12696 12697 12687
f 12687 12697 12698 12688
f 12688 12698 12699 12689
f 12689 12699 12700 12690
f 12690 12700 12701 12691
f 12691 12701 12702 12692
f 12692 12702 12693 12683
f 12693 12703 12704 12694
f 12694 12704 12705 12695
f 12695 12705 12706 12696
f 12696 12706 12707 12697
f 12697 12707 12708 12698
f 12698 12708 12709 12699
f 12699 12709 12710 12700
f 12700 12710 12711 12701
f 12701 12711 12712 12702
f 12702 12712 12703 12693
f 12703 12713 12714 12704
f 12704 12714 12715 12705
f 12705 12715 12716 12706
f 12706 12716 12717 12707
f 12707 12717 12718 12708
f 12708 12718 12719 12709
f 12709 12719 12720 12710
f 12710 12720 12721 12711
f 12711 12721 12722 12712
f 12712 12722 12713 12703
f 12713 12723 12724 12714
f 12714 12724 12725 12715
f 12715 12725 12726 12716
f 12716 12726 12727 12717
f 12717 12727 12728 12718
f 12718 12728 12729 12719
f 12719 12729 12730 12720
f 12720 12730 12731 12721
f 12721 12731 12732 12722
f 12722 12732 12723 12713
f 12723 12733 12734 12724
f 12724 12734 12735 12725
f 12725 12735 12736 12726
f 12726 12736 12737 12727
f 12727 12737 12738 12728
f 12728 12738 12739 12729
f 12729 12739 12740 12730
f 12730 12740 12741 12731
f 12731 12741 12742 12732
f 12732 12742 12733 12723
f 12733 12743 12744 12734
f 12734 12744 12745 12735
f 12735 12745 12746 12736
f 12736 12746 12747 12737
f 12737 12747 12748 12738
f 12738 12748 12749 12739
f 12739 12749 12750 12740
f 12740 12750 12751 12741
f 12741 12751 12752 12742
f 12742 12752 12743 12733
f 12743 7953 7954 12744
f 12744 7954 7955 12745
f 12745 7955 7956 12746
f 12746 7956 7957 12747
f 12747 7957 7958 12748
f 12748 7958 7959 12749
f 12749 7959 7960 12750
f 12750 7960 7961 12751
f 12751 7961 7962 12752
f 12752 7962 7953 12743
g jones_coil_4_1
v 29.2591 0.244192 -23.7913
v 28.8184 0.32405 -24.0009
v 28.3304 0.280133 -23.935
v 27.9813 0.129214 -23.619
v 27.9046 -0.0710602 -23.1735
v 28.1296 -0.244192 -22.7687
v 28.5702 -0.32405 -22.5592
v 29.0583 -0.280133 -22.625
v 29.4073 -0.129214 -22.941
v 29.484 0.0710602 -23.3865
v 29.1811 1.78345 -23.1397
v 28.7304 1.8305 -23.3375
v 28.2487 1.75187 -23.2585
v 27.92 1.57758 -22.9328
v 27.8698 1.37421 -22.485
v 28.1173 1.21944 -22.0859
v 28.568 1.17238 -21.8882
v 29.0497 1.25101 -21.9672
v 29.3784 1.4253 -22.2928
v 29.4286 1.62867 -22.7407
v 29.0147 3.31153 -22.4877
v 28.558 3.32613 -22.6767
v 28.0846 3.21499 -22.5877
v 27.7751 3.02056 -22.2547
v 27.7479 2.81711 -21.8048
v 28.0133 2.68235 -21.4101
v 28.4699 2.66775 -21.2211
v 28.9434 2.77889 -21.3101
v 29.2528 2.97331 -21.6431
v 29.2801 3.17677 -22.0929
v 28.7608 4.82339 -21.8393
v 28.3017 4.8061 -22.0221
v 27.8379 4.66448 -21.9257
v 27.5465 4.45262 -21.5871
v 27.5388 4.25144 -21.1355
v 27.8179 4.13778 -20.7435
v 28.2769 4.15507 -20.5607
v 28.7408 4.29669 -20.6571
v 29.0321 4.50855 -20.9957
v 29.0398 4.70973 -21.4473
v 28.4203 6.3139 -21.1985
v 27.9619 6.26543 -21.3772
v 27.5089 6.09515 -21.2757
v 27.2345 5.86811 -20.9328
v 27.2434 5.67102 -20.4794
v 27.5322 5.57917 -20.0888
v 27.9906 5.62764 -19.9101
v 28.4436 5.79791 -20.0115
v 28.718 6.02496 -20.3545
v 28.7091 6.22204 -20.8078
v 27.9947 7.77792 -20.5687
v 27.5396 7.69904 -20.7453
v 27.0985 7.50176 -20.6404
v 26.8399 7.26141 -20.2943
v 26.8626 7.06981 -19.8391
v 27.1578 7.00014 -19.4486
v 27.6129 7.07902 -19.2721
v 28.0539 7.27631 -19.3769
v 28.3125 7.51665 -19.7231
v 28.2899 7.70825 -20.1783
v 27.4856 9.21033 -19.9536
v 27.0364 9.10187 -20.1295
v 26.6082 8.87904 -20.0228
v 26.3644 8.62695 -19.6743
v 26.3982 8.4419 -19.217
v 26.6967 8.39456 -18.8257
v 27.1459 8.50303 -18.6498
v 27.5741 8.72586 -18.7565
v 27.8179 8.97794 -19.1051
v 27.7841 9.163 -19.5623
v 26.8952 10.6061 -19.3564
v 26.4542 10.4689 -19.533
v 26.0396 10.2218 -19.4256
v 25.8097 9.95931 -19.0753
v 25.8524 9.78159 -18.6159
v 26.1513 9.75655 -18.2229
v 26.5922 9.89375 -18.0463
v 27.0068 10.1408 -18.1537
v 27.2367 10.4033 -18.5039
v 27.1941 10.581 -18.9633
v 26.2259 11.9602 -18.7802
v 25.7953 11.7951 -18.9585
v 25.3952 11.5251 -18.8515
v 25.1784 11.2532 -18.5
v 25.2277 11.0834 -18.0383
v 25.5243 11.0805 -17.6427
v 25.9549 11.2455 -17.4644
v 26.355 11.5156 -17.5714
v 26.5718 11.7874 -17.9229
v 26.5225 11.9573 -18.3846
v 25.4805 13.2679 -18.228
v 25.0624 13.0759 -18.409
v 24.6776 12.784 -18.3031
v 24.4732 12.5037 -17.9508
v 24.5272 12.3421 -17.4867
v 24.8189 12.3609 -17.088
v 25.237 12.553 -16.907
v 25.6218 12.8449 -17.0128
v 25.8263 13.1252 -17.3651
v 25.7723 13.2867 -17.8293
v 24.6623 14.5246 -17.7027
v 24.2587 14.3065 -17.887
v 23.8901 13.9938 -17.7829
v 23.6974 13.7059 -17.4302
v 23.7541 13.5528 -16.9635
v 24.0386 13.5929 -16.5611
v 24.4423 13.811 -16.3768
v 24.8108 14.1237 -16.4809
v 25.0036 14.4116 -16.8336
v 24.9468 14.5647 -17.3003
v 23.7748 15.7258 -17.2068
v 23.3876 15.4827 -17.3951
v 23.0361 15.1502 -17.2933
v 22.8545 14.8554 -16.9404
v 22.9122 14.7108 -16.4711
v 23.1872 14.7716 -16.0647
v 23.5744 15.0147 -15.8765
v 23.9259 15.3472 -15.9782
v 24.1075 15.6421 -16.3312
v 24.0497 15.7867 -16.8004
v 22.8217 16.8675 -16.7429
v 22.4529 16.6004 -16.9355
v 22.1193 16.2492 -16.8364
v 21.9484 15.9479 -16.4836
v 22.0055 15.8117 -16.0117
v 22.2687 15.8926 -15.6011
v 22.6375 16.1597 -15.4085
v 22.9711 16.5109 -15.5076
v 23.142 16.8122 -15.8604
v 23.085 16.9484 -16.3323
v 21.8073 17.9457 -16.3134
v 21.4587 17.6558 -16.5105
v 21.1439 17.2868 -16.4144
v 20.9833 16.9797 -16.0619
v 21.0381 16.8517 -15.5874
v 21.2875 16.9517 -15.1724
v 21.6361 17.2416 -14.9753
v 21.9509 17.6106 -15.0713
v 22.1115 17.9178 -15.4239
v 22.0567 18.0458 -15.8983
v 20.7359 18.957 -15.9202
v 20.4093 18.6455 -16.1221
v 20.1143 18.2597 -16.0292
v 19.9636 17.9471 -15.6771
v 20.0147 17.827 -15.2002
v 20.2481 17.9452 -14.7807
v 20.5748 18.2567 -14.5789
v 20.8698 18.6425 -14.6717
v 21.0205 18.9551 -15.0238
v 20.9694 19.0753 -15.5007
v 19.6122 19.898 -15.5654
v 19.3094 19.5663 -15.772
v 19.035 19.1648 -15.6825
v 18.8938 18.847 -15.331
v 18.9399 18.7343 -14.8518
v 19.1555 18.8697 -14.4279
v 19.4583 19.2014 -14.2213
v 19.7327 19.6029 -14.3109
v 19.8738 19.9206 -14.6624
v 19.8278 20.0334 -15.1416
v 18.4409 20.7659 -15.2508
v 18.1636 20.4154 -15.462
v 17.9107 19.9993 -15.3758
v 17.779 19.6767 -15.0251
v 17.8186 19.5708 -14.5437
v 18.0146 19.722 -14.1157
v 18.2919 20.0726 -13.9045
v 18.5448 20.4886 -13.9907
v 18.6765 20.8112 -14.3415
v 18.6369 20.9171 -14.8228
v 17.2272 21.5582 -14.9778
v 16.9769 21.1904 -15.1935
v 16.7464 20.7609 -15.1106
v 16.6239 20.4337 -14.7607
v 16.656 20.3339 -14.2775
v 16.8305 20.4996 -13.8456
v 17.0808 20.8674 -13.6299
v 17.3113 21.2969 -13.7128
v 17.4338 21.624 -14.0627
v 17.4017 21.7238 -14.5459
v 15.9761 22.2727 -14.7478
v 15.7544 21.8893 -14.9677
v 15.5472 21.4475 -14.888
v 15.4336 21.1161 -14.5391
v 15.4571 21.0215 -14.0544
v 15.6087 21.2 -13.6189
v 15.8304 21.5834 -13.3991
v 16.0376 22.0252 -13.4788
v 16.1511 22.3566 -13.8276
v 16.1276 22.4512 -14.3124
v 14.6929 22.9076 -14.562
v 14.5012 22.5105 -14.7856
v 14.318 22.0577 -14.7089
v 14.2134 21.7221 -14.3612
v 14.2274 21.6319 -13.8753
v 14.3545 21.8216 -13.4367
v 14.5463 22.2187 -13.2131
v 14.7295 22.6715 -13.2898
v 14.834 23.007 -13.6375
v 14.8201 23.0972 -14.1234
v 13.3831 23.4615 -14.4211
v 13.2224 23.0526 -14.6481
v 13.0641 22.5901 -14.5743
v 12.9684 22.2506 -14.2278
v 12.972 22.1637 -13.7411
v 13.0735 22.3627 -13.3
v 13.2342 22.7715 -13.073
v 13.3925 23.234 -13.1469
v 13.4882 23.5736 -13.4933
v 13.4846 23.6604 -13.98
v 12.0519 23.9334 -14.3259
v 11.9235 23.5149 -14.5557
v 11.7905 23.044 -14.4845
v 11.7038 22.7007 -14.1395
v 11.6964 22.616 -13.6524
v 11.7713 22.8223 -13.2094
v 11.8997 23.2408 -12.9796
v 12.0327 23.7117 -13.0508
v 12.1194 24.055 -13.3958
v 12.1268 24.1397 -13.8829
v 10.7049 24.3227 -14.2769
v 10.6095 23.8967 -14.5089
v 10.5025 23.4189 -14.4401
v 10.4248 23.0719 -14.0966
v 10.406 22.9882 -13.6097
v 10.4534 23.1997 -13.1653
v 10.5488 23.6257 -12.9332
v 10.6558 24.1035 -13.0021
v 10.7336 24.4505 -13.3456
v 10.7523 24.5343 -13.8325
v 9.34749 24.6292 -14.2741
v 9.28573 24.198 -14.5079
v 9.20517 23.7147 -14.4411
v 9.13657 23.3641 -14.0993
v 9.10615 23.28 -13.6131
v 9.12552 23.4946 -13.168
v 9.18728 23.9259 -12.9343
v 9.26785 24.4091 -13.001
v 9.33644 24.7597 -13.3428
v 9.36686 24.8438 -13.8291
v 7.985 24.8531 -14.3176
v 7.95728 24.4189 -14.5526
v 7.90353 23.9317 -14.4877
v 7.84425 23.5776 -14.1477
v 7.80211 23.4918 -13.6626
v 7.79319 23.7072 -13.2176
v 7.8209 24.1413 -12.9827
v 7.87466 24.6285 -13.0476
v 7.93393 24.9826 -13.3875
v 7.97608 25.0684 -13.8727
v 6.62273 24.9949 -14.4072
v 6.62923 24.5602 -14.6427
v 6.60254 24.0706 -14.5794
v 6.55286 23.713 -14.2416
v 6.49916 23.6241 -13.7582
v 6.46195 23.8378 -13.3139
v 6.45545 24.2725 -13.0784
v 6.48214 24.7621 -13.1417
v 6.53183 25.1197 -13.4795
v 6.58553 25.2086 -13.9629
v 5.26589 25.0555 -14.5423
v 5.30653 24.6228 -14.7779
v 5.30707 24.1322 -14.7161
v 5.26733 23.7713 -14.3806
v 5.20247 23.6778 -13.8994
v 5.13727 23.8875 -13.4564
v 5.09663 24.3203 -13.2208
v 5.09609 24.8108 -13.2826
v 5.13583 25.1718 -13.6182
v 5.2007 25.2652 -14.0993
v 3.91952 25.0363 -14.7222
v 3.99397 24.6079 -14.9575
v 4.02184 24.1179 -14.8971
v 3.99247 23.7536 -14.5641
v 3.91709 23.6541 -14.0857
v 3.82449 23.8574 -13.6446
v 3.75003 24.2858 -13.4093
v 3.72216 24.7758 -13.4697
v 3.75153 25.1401 -13.8027
v 3.82691 25.2396 -14.2811
v 2.58847 24.9389 -14.9458
v 2.69621 24.5172 -15.1805
v 2.75141 24.0294 -15.1216
v 2.73299 23.6618 -14.7915
v 2.64798 23.5548 -14.3163
v 2.52885 23.7492 -13.8776
v 2.42111 24.1708 -13.6429
v 2.3659 24.6586 -13.7019
v 2.38433 25.0262 -14.032
v 2.46934 25.1333 -14.5071
v 1.2774 24.7651 -15.2121
v 1.41769 24.3528 -15.446
v 1.5002 23.8687 -15.3886
v 1.49342 23.4977 -15.0618
v 1.39994 23.3817 -14.5904
v 1.25546 23.5648 -14.1544
v 1.11518 23.9771 -13.9205
v 1.03267 24.4612 -13.9779
v 1.03945 24.8322 -14.3047
v 1.13293 24.9482 -14.7761
v -0.0092766 24.5175 -15.5194
v 0.162606 24.1168 -15.7527
v 0.272379 23.6379 -15.6972
v 0.278112 23.2637 -15.3741
v 0.177616 23.1371 -14.9069
v 0.0092766 23.3064 -14.4739
v -0.162606 23.7071 -14.2407
v -0.272379 24.1859 -14.2962
v -0.278112 24.5602 -14.6192
v -0.177616 24.6868 -15.0865
v -1.26744 24.1984 -15.8662
v -1.06509 23.812 -16.099
v -0.928079 23.3399 -16.046
v -0.908754 22.9624 -15.7272
v -1.01449 22.8237 -15.2646
v -1.2049 22.9768 -14.8347
v -1.40726 23.3632 -14.6019
v -1.54427 23.8353 -14.655
v -1.56359 24.2127 -14.9737
v -1.45785 24.3514 -15.4363
v -2.49329 23.8107 -16.2503
v -2.26177 23.4411 -16.4833
v -2.0975 22.9774 -16.4335
v -2.06324 22.5968 -16.1199
v -2.17208 22.4445 -15.6622
v -2.38243 22.5788 -15.2354
v -2.61396 22.9483 -15.0024
v -2.77822 23.412 -15.0523
v -2.81248 23.7927 -15.3659
v -2.70365 23.945 -15.8235
v -3.6834 23.3575 -16.6696
v -3.42419 23.0074 -16.9036
v -3.23255 22.5539 -16.8582
v -3.18169 22.1702 -16.5506
v -3.29103 22.0027 -16.0985
v -3.51881 22.1155 -15.6744
v -3.77803 22.4655 -15.4404
v -3.96966 22.919 -15.4858
v -4.02053 23.3028 -15.7934
v -3.91118 23.4703 -16.2456
v -4.83475 22.8419 -17.1215
v -4.54955 22.5144 -17.3578
v -4.33029 22.073 -17.3183
v -4.26073 21.6863 -17.0181
v -4.36745 21.5021 -16.5719
v -4.60967 21.5906 -16.1501
v -4.89488 21.9181 -15.9137
v -5.11413 22.3595 -15.9532
v -5.18369 22.7462 -16.2534
v -5.07698 22.9304 -16.6996
v -5.94481 22.2673 -17.6029
v -5.63558 21.9656 -17.8433
v -5.38831 21.5386 -17.812
v -5.29743 21.1494 -17.5209
v -5.39768 20.9467 -17.0812
v -5.65075 21.0079 -16.6609
v -5.95998 21.3096 -16.4205
v -6.20725 21.7366 -16.4518
v -6.29813 22.1258 -16.7429
v -6.19788 22.3285 -17.1826
v -7.01157 21.637 -18.1105
v -6.68071 21.3649 -18.3574
v -6.40485 20.9551 -18.3372
v -6.28936 20.5641 -18.0575
v -6.37836 20.3412 -17.6252
v -6.63785 20.3716 -17.2054
v -6.96872 20.6437 -16.9585
v -7.24458 21.0535 -16.9788
v -7.36006 21.4445 -17.2585
v -7.27106 21.6674 -17.6908
v -8.03359 20.954 -18.6404
v -7.68414 20.7162 -18.8969
v -7.37903 20.3272 -18.8916
v -7.23481 19.9355 -18.6265
v -7.30655 19.6908 -18.2029
v -7.56686 19.6866 -17.7826
v -7.91631 19.9244 -17.5261
v -8.22141 20.3134 -17.5314
v -8.36564 20.705 -17.7964
v -8.2939 20.9497 -18.22
v -9.00996 20.221 -19.1876
v -8.64609 20.0232 -19.4576
v -8.31116 19.6598 -19.4726
v -8.1331 19.2696 -19.2266
v -8.17992 19.0016 -18.8138
v -8.43374 18.9582 -18.3917
v -8.79761 19.156 -18.1216
v -9.13254 19.5194 -18.1067
v -9.3106 19.9096 -18.3526
v -9.26378 20.1776 -18.7655
v -9.94013 19.4397 -19.7464
v -9.56786 19.2891 -20.0348
v -9.20307 18.958 -20.0769
v -8.98511 18.5728 -19.8564
v -8.99722 18.2807 -19.4577
v -9.23478 18.1932 -19.033
v -9.60705 18.3438 -18.7445
v -9.97184 18.6749 -18.7025
v -10.1898 19.06 -18.9229
v -10.1777 19.3522 -19.3217
v -10.8232 18.6102 -20.3098
v -10.4516 18.5156 -20.622
v -10.0585 18.2261 -20.6999
v -9.79399 17.8521 -20.5138
v -9.75917 17.5365 -20.1347
v -9.9673 17.3999 -19.7075
v -10.3389 17.4945 -19.3954
v -10.732 17.7841 -19.3175
v -10.9965 18.1581 -19.5036
v -11.0313 18.4736 -19.8826
v -11.6563 17.7307 -20.8702
v -11.2991 17.7021 -21.2109
v -10.8826 17.4663 -21.3349
v -10.5658 17.1135 -21.1949
v -10.4697 16.7783 -20.8443
v -10.6311 16.5889 -20.417
v -10.9883 16.6175 -20.0764
v -11.4048 16.8533 -19.9523
v -11.7216 17.2061 -20.0924
v -11.8177 17.5413 -20.4429
v -12.4321 16.7976 -21.4207
v -12.109 16.8439 -21.7921
v -11.68 16.6767 -21.9722
v -11.3089 16.3599 -21.8923
v -11.1376 16.0144 -21.5828
v -11.2313 15.7724 -21.162
v -11.5544 15.7261 -20.7907
v -11.9835 15.8933 -20.6105
v -12.3545 16.2101 -20.6905
v -12.5259 16.5555 -21
v -13.1367 15.8091 -21.96
v -12.8719 15.9339 -22.3585
v -12.4492 15.849 -22.6004
v -12.03 15.5869 -22.5936
v -11.7745 15.2476 -22.3404
v -11.7803 14.9608 -21.9377
v -12.0451 14.836 -21.5393
v -12.4679 14.9209 -21.2973
v -12.887 15.1831 -21.3042
v -13.1425 15.5223 -21.5573
v -13.7525 14.7721 -22.4959
v -13.5684 14.9685 -22.9106
v -13.1761 14.9722 -23.2116
v -12.7256 14.7818 -23.2839
v -12.3888 14.4701 -23.0998
v -12.2945 14.1561 -22.7297
v -12.4787 13.9597 -22.315
v -12.8709 13.956 -22.014
v -13.3215 14.1464 -21.9418
v -13.6582 14.4581 -22.1258
v -14.2696 13.7054 -23.0431
v -14.1777 13.9554 -23.4597
v -13.8372 14.0416 -23.8077
v -13.378 13.9311 -23.9541
v -12.9756 13.6661 -23.843
v -12.7837 13.3478 -23.5169
v -12.8756 13.0979 -23.1003
v -13.2161 13.0117 -22.7524
v -13.6753 13.1222 -22.606
v -14.0776 13.3872 -22.717
v -14.6925 12.6322 -23.6126
v -14.6902 12.9132 -24.0194
v -14.412 13.0657 -24.3986
v -13.9643 13.0315 -24.6054
v -13.5179 12.8236 -24.5609
v -13.2434 12.5214 -24.2819
v -13.2457 12.2404 -23.8751
v -13.5239 12.0879 -23.4958
v -13.9717 12.1221 -23.289
v -14.418 12.3301 -23.3336
v -15.0351 11.569 -24.2046
v -15.1101 11.8614 -24.5962
v -14.8939 12.0611 -24.9935
v -14.4692 12.0919 -25.2448
v -13.9982 11.9419 -25.254
v -13.6607 11.6685 -25.0177
v -13.5858 11.376 -24.6262
v -13.8019 11.1763 -24.2289
v -14.2267 11.1456 -23.9776
v -14.6977 11.2956 -23.9683
v -15.3106 10.5228 -24.8122
v -15.4477 10.8129 -25.1884
v -15.2867 11.0432 -25.5952
v -14.8892 11.1258 -25.8773
v -14.4068 11.0291 -25.9269
v -14.024 10.79 -25.7251
v -13.8869 10.4999 -25.3489
v -14.0478 10.2696 -24.9421
v -14.4454 10.187 -24.66
v -14.9277 10.2837 -24.6104
v -15.5272 9.49519 -25.4262
v -15.7127 9.77456 -25.7895
v -15.5981 10.023 -26.2013
v -15.2271 10.1457 -26.5043
v -14.7415 10.0958 -26.5827
v -14.3268 9.89222 -26.4067
v -14.1413 9.61284 -26.0434
v -14.2559 9.36435 -25.6316
v -14.6268 9.24167 -25.3286
v -15.1124 9.29164 -25.2501
v -15.6896 8.48595 -26.0383
v -15.9122 8.74975 -26.3923
v -15.8353 9.00765 -26.807
v -15.4885 9.16116 -27.1242
v -15.004 9.15163 -27.2225
v -14.567 8.9827 -27.0645
v -14.3444 8.7189 -26.7105
v -14.4212 8.46099 -26.2957
v -14.7681 8.30749 -25.9786
v -15.2526 8.31702 -25.8802
v -15.8002 7.49505 -26.6417
v -16.051 7.74055 -26.9899
v -16.0045 8.00181 -27.4071
v -15.6785 8.17905 -27.7339
v -15.1975 8.20455 -27.8454
v -14.7452 8.06859 -27.6991
v -14.4944 7.82309 -27.3508
v -14.5409 7.56182 -26.9336
v -14.8669 7.38459 -26.6069
v -15.3479 7.35908 -26.4954
v -15.8606 6.523 -27.2309
v -16.1327 6.74867 -27.5766
v -16.1103 7.00904 -27.9964
v -15.8021 7.20467 -28.3298
v -15.3256 7.26083 -28.4495
v -14.8631 7.15606 -28.3099
v -14.591 6.93039 -27.9642
v -14.6134 6.67002 -27.5445
v -14.9216 6.47439 -27.2111
v -15.398 6.41824 -27.0913
v -15.8724 5.57086 -27.8016
v -16.1602 5.77579 -28.1475
v -16.1567 6.03222 -28.5702
v -15.8633 6.2422 -28.9083
v -15.392 6.32552 -29.0326
v -14.923 6.25037 -28.8956
v -14.6352 6.04544 -28.5497
v -14.6387 5.78901 -28.1269
v -14.9321 5.57903 -27.7889
v -15.4033 5.49571 -27.6646
v -15.8371 4.64006 -28.3497
v -16.136 4.82365 -28.6982
v -16.147 5.07384 -29.1245
v -15.8659 5.29506 -29.4658
v -15.4001 5.40282 -29.5918
v -14.9275 5.35595 -29.4544
v -14.6286 5.17236 -29.1059
v -14.6176 4.92217 -28.6796
v -14.8986 4.70095 -28.3383
v -15.3644 4.59319 -28.2123
v -15.7563 3.73222 -28.8721
v -16.0625 3.894 -29.225
v -16.0842 4.13615 -29.6555
v -15.8132 4.36618 -29.9992
v -15.353 4.49622 -30.1247
v -14.8794 4.4766 -29.9842
v -14.5732 4.31481 -29.6313
v -14.5515 4.07266 -29.2008
v -14.8225 3.84264 -28.8571
v -15.2827 3.7126 -28.7315
v -15.6321 2.84904 -29.3655
v -15.9421 2.98857 -29.7245
v -15.9713 3.22119 -30.1598
v -15.7084 3.45807 -30.5051
v -15.254 3.6087 -30.6286
v -14.7815 3.61557 -30.4831
v -14.4715 3.47604 -30.1241
v -14.4423 3.24342 -29.6888
v -14.7052 3.00654 -29.3434
v -15.1596 2.85591 -29.2199
v -15.4665 1.9922 -29.8273
v -15.7773 2.10898 -30.1937
v -15.8109 2.33079 -30.6343
v -15.5544 2.5729 -30.9809
v -15.1059 2.74283 -31.1009
v -14.6367 2.77568 -30.9487
v -14.3259 2.65889 -30.5823
v -14.2923 2.43708 -30.1417
v -14.5487 2.19497 -29.7952
v -14.9972 2.02504 -29.6751
v -15.2619 1.16327 -30.2551
v -15.5705 1.25676 -30.63
v -15.6057 1.46657 -31.0763
v -15.3542 1.71257 -31.4236
v -14.9118 1.90078 -31.5393
v -14.4477 1.95933 -31.3792
v -14.1391 1.86585 -31.0044
v -14.1039 1.65604 -30.5581
v -14.3555 1.41004 -30.2107
v -14.7978 1.22182 -30.095
v -15.0206 0.363726 -30.6467
v -15.3242 0.433268 -31.0307
v -15.3585 0.629961 -31.483
v -15.1104 0.878675 -31.8309
v -14.6746 1.08441 -31.9415
v -14.2176 1.16858 -31.7725
v -13.914 1.09904 -31.3885
v -13.8797 0.902348 -30.9362
v -14.1278 0.653634 -30.5883
v -14.5636 0.447899 -30.4777
v -14.7452 -0.405158 -30.9999
v -15.041 -0.360291 -31.3936
v -15.0718 -0.177804 -31.852
v -14.8258 0.0725978 -32.2003
v -14.397 0.29527 -32.3052
v -13.9492 0.405158 -32.1268
v -13.6534 0.360291 -31.7332
v -13.6226 0.177804 -31.2747
v -13.8685 -0.0725978 -30.9265
v -14.2973 -0.29527 -30.8215
v -14.4381 -1.14227 -31.3131
v -14.7233 -1.12288 -31.7166
v -14.7482 -0.955673 -32.1812
v -14.5032 -0.704517 -32.5295
v -14.0819 -0.465347 -32.6286
v -13.6453 -0.329517 -32.4404
v -13.3601 -0.34891 -32.037
v -13.3353 -0.516118 -31.5724
v -13.5803 -0.767274 -31.224
v -14.0015 -1.00644 -31.125
v -14.1021 -1.84671 -31.5847
v -14.3738 -1.85364 -31.9977
v -14.3902 -1.70276 -32.4683
v -14.1451 -1.45171 -32.8166
v -13.732 -1.19638 -32.9097
v -13.3089 -1.0343 -32.712
v -13.0372 -1.02738 -32.2989
v -13.0208 -1.17825 -31.8284
v -13.2659 -1.4293 -31.48
v -13.679 -1.68463 -31.3869
v -13.7398 -2.51776 -31.8133
v -13.9951 -2.55184 -32.2354
v -14.0006 -2.41831 -32.7114
v -13.7543 -2.16818 -33.0596
v -13.3502 -1.897 -33.1469
v -12.9427 -1.70833 -32.94
v -12.6874 -1.67425 -32.518
v -12.6819 -1.80777 -32.0419
v -12.9282 -2.0579 -31.6938
v -13.3323 -2.32909 -31.6064
v -13.3536 -3.1549 -31.9979
v -13.5896 -3.21691 -32.4279
v -13.5818 -3.10169 -32.9087
v -13.3333 -2.85326 -33.2565
v -12.939 -2.56651 -33.3386
v -12.5495 -2.35097 -33.1235
v -12.3135 -2.28897 -32.6935
v -12.3212 -2.40418 -32.2127
v -12.5697 -2.65261 -31.8649
v -12.9641 -2.93936 -31.7828
v -12.9462 -3.75784 -32.1375
v -13.16 -3.84839 -32.574
v -13.1367 -3.75233 -33.0584
v -12.8851 -3.50636 -33.4058
v -12.5013 -3.20442 -33.4833
v -12.132 -2.96185 -33.2615
v -11.9182 -2.8713 -32.825
v -11.9415 -2.96735 -32.3406
v -12.1931 -3.21333 -31.9932
v -12.5769 -3.51526 -31.9156
v -12.52 -4.32645 -32.2315
v -12.7091 -4.44593 -32.6724
v -12.6679 -4.36973 -33.1592
v -12.4123 -4.12696 -33.5059
v -12.0399 -3.81033 -33.58
v -11.6929 -3.5408 -33.3533
v -11.5038 -3.42131 -32.9124
v -11.545 -3.49751 -32.4256
v -11.8006 -3.74029 -32.0789
v -12.173 -4.05692 -32.0048
v -12.0774 -4.86081 -32.2794
v -12.2393 -5.0093 -32.7224
v -12.1784 -4.95344 -33.2099
v -11.918 -4.71459 -33.5557
v -11.5575 -4.38396 -33.6277
v -11.2346 -4.08785 -33.3985
v -11.0727 -3.93937 -32.9556
v -11.1336 -3.99522 -32.4681
v -11.3941 -4.23408 -32.1223
v -11.7546 -4.5647 -32.0502
v -11.6207 -5.36119 -32.2812
v -11.7535 -5.53834 -32.7233
v -11.6713 -5.50308 -33.2095
v -11.4052 -5.26886 -33.5542
v -11.0571 -4.92515 -33.6257
v -10.7598 -4.60324 -33.3967
v -10.6269 -4.42608 -32.9547
v -10.7092 -4.46134 -32.4684
v -10.9752 -4.69556 -32.1237
v -11.3234 -5.03927 -32.0522
v -11.1519 -5.828 -32.2368
v -11.2545 -6.03308 -32.6748
v -11.1496 -6.01837 -33.1578
v -10.8773 -5.78949 -33.5012
v -10.5415 -5.43386 -33.5738
v -10.2707 -5.08733 -33.348
v -10.1681 -4.88225 -32.91
v -10.273 -4.89696 -32.427
v -10.5453 -5.12584 -32.0836
v -10.881 -5.48147 -32.011
v -10.6731 -6.26184 -32.1465
v -10.7448 -6.49366 -32.5772
v -10.6166 -6.49919 -33.0547
v -10.3374 -6.27634 -33.3965
v -10.0138 -5.91021 -33.4721
v -9.76947 -5.54067 -33.2525
v -9.69771 -5.30885 -32.8217
v -9.82594 -5.30332 -32.3443
v -10.1052 -5.52617 -32.0025
v -10.4287 -5.8923 -31.9269
v -10.1861 -6.66346 -32.0107
v -10.2272 -6.92045 -32.4311
v -10.0755 -6.94568 -32.901
v -9.78878 -6.7295 -33.2409
v -9.47668 -6.35449 -33.321
v -9.25836 -5.96389 -33.1107
v -9.21721 -5.7069 -32.6903
v -9.36896 -5.68168 -32.2204
v -9.65564 -5.89785 -31.8805
v -9.96774 -6.27286 -31.8004
v -9.69251 -7.03374 -31.8302
v -9.70403 -7.31407 -32.2373
v -9.5291 -7.35822 -32.6977
v -9.23454 -7.14933 -33.0354
v -8.93287 -6.76719 -33.1215
v -8.7393 -6.35776 -32.9231
v -8.72778 -6.07743 -32.516
v -8.90271 -6.03328 -32.0557
v -9.19727 -6.24216 -31.7179
v -9.49895 -6.62431 -31.6318
v -9.19391 -7.37368 -31.6059
v -9.17746 -7.67533 -31.9973
v -8.98018 -7.73751 -32.4464
v -8.67742 -7.53647 -32.7816
v -8.38482 -7.14899 -32.875
v -8.21415 -6.72309 -32.6907
v -8.2306 -6.42144 -32.2993
v -8.42788 -6.35926 -31.8503
v -8.73064 -6.5603 -31.515
v -9.02324 -6.94778 -31.4217
v -8.69157 -7.6844 -31.3389
v -8.64935 -8.00529 -31.7127
v -8.43095 -8.08451 -32.1492
v -8.11978 -7.8918 -32.4816
v -7.83471 -7.50077 -32.583
v -7.68461 -7.06078 -32.4146
v -7.72683 -6.73989 -32.0409
v -7.94523 -6.66067 -31.6044
v -8.2564 -6.85338 -31.272
v -8.54147 -7.24441 -31.1706
v -8.18663 -7.96713 -31.0306
v -8.1212 -8.30521 -31.3854
v -7.88321 -8.40045 -31.8081
v -7.56356 -8.21646 -32.1374
v -7.28435 -7.82353 -32.2474
v -7.15223 -7.37173 -32.0962
v -7.21766 -7.03365 -31.7414
v -7.45565 -6.93842 -31.3186
v -7.7753 -7.12241 -30.9893
v -8.05451 -7.51534 -30.8793
v -7.68007 -8.22315 -30.6823
v -7.59417 -8.57647 -31.0173
v -7.33832 -8.68669 -31.4258
v -7.01024 -8.51171 -31.7517
v -6.73525 -8.11837 -31.8705
v -6.61839 -7.6569 -31.7369
v -6.70429 -7.30358 -31.4019
v -6.96015 -7.19336 -30.9934
v -7.28822 -7.36834 -30.6675
v -7.56321 -7.76168 -30.5487
v -7.17268 -8.4538 -30.2957
v -7.06907 -8.82055 -30.6107
v -6.79718 -8.94474 -31.0046
v -6.46086 -8.77893 -31.3268
v -6.18857 -8.38646 -31.4544
v -6.08432 -7.91723 -31.3386
v -6.18792 -7.55048 -31.0236
v -6.45982 -7.42629 -30.6298
v -6.79614 -7.5921 -30.3075
v -7.06843 -7.98457 -30.1799
v -6.66512 -8.66048 -29.8728
v -6.54646 -9.03901 -30.1679
v -6.26036 -9.17616 -30.5471
v -5.9161 -9.01954 -30.8655
v -5.64517 -8.62897 -31.0016
v -5.55106 -8.15364 -30.9033
v -5.66971 -7.77511 -30.6082
v -5.95581 -7.63796 -30.229
v -6.30007 -7.79458 -29.9105
v -6.571 -8.18515 -29.7745
v -6.15788 -8.84457 -29.4153
v -6.02662 -9.23338 -29.6911
v -5.72809 -9.38248 -30.056
v -5.3763 -9.23492 -30.3705
v -5.10564 -8.84706 -30.5146
v -5.01948 -8.36705 -30.4332
v -5.15073 -7.97823 -30.1574
v -5.44926 -7.82913 -29.7926
v -5.80105 -7.97669 -29.4781
v -6.07172 -8.36456 -29.334
v -5.65133 -9.00745 -28.9256
v -5.50965 -9.40519 -29.1829
v -5.20034 -9.56522 -29.5338
v -4.84155 -9.42643 -29.8444
v -4.57033 -9.04183 -29.996
v -4.49027 -8.55832 -29.9307
v -4.63196 -8.16059 -29.6734
v -4.94127 -8.00055 -29.3224
v -5.30006 -8.13934 -29.0119
v -5.57128 -8.52394 -28.8603
v -5.14573 -9.15049 -28.4058
v -4.99545 -9.55591 -28.6456
v -4.67688 -9.72583 -28.9834
v -4.3117 -9.59537 -29.2901
v -4.03939 -9.21434 -29.4486
v -3.96396 -8.72829 -29.3983
v -4.11424 -8.32287 -29.1585
v -4.43281 -8.15295 -28.8207
v -4.79799 -8.28341 -28.514
v -5.0703 -8.66444 -28.3555
v -4.64119 -9.27496 -27.8583
v -4.48383 -9.68692 -28.0819
v -4.15735 -9.86567 -28.4073
v -3.78644 -9.74292 -28.7103
v -3.51279 -9.36556 -28.8752
v -3.44091 -8.87774 -28.8389
v -3.59827 -8.46577 -28.6153
v -3.92475 -8.28703 -28.2899
v -4.29566 -8.40978 -27.9868
v -4.56931 -8.78714 -27.822
v -4.13774 -9.38209 -27.2857
v -3.97446 -9.79955 -27.4943
v -3.64123 -9.98599 -27.8084
v -3.26533 -9.87019 -28.108
v -2.99035 -9.4964 -28.2786
v -2.92132 -9.00738 -28.2552
v -3.0846 -8.58992 -28.0465
v -3.41783 -8.40348 -27.7324
v -3.79372 -8.51927 -27.4328
v -4.0687 -8.89307 -27.2622
v -3.63529 -9.47299 -26.6906
v -3.46691 -9.89495 -26.8856
v -3.12793 -10.0879 -27.1895
v -2.74782 -9.97818 -27.486
v -2.47178 -9.60765 -27.662
v -2.40525 -9.11787 -27.6502
v -2.57363 -8.6959 -27.4551
v -2.91261 -8.50293 -27.1513
v -3.29271 -8.61267 -26.8547
v -3.56875 -8.9832 -26.6788
v -3.13367 -9.54868 -26.0757
v -2.96069 -9.97422 -26.2586
v -2.61677 -10.1725 -26.5534
v -2.23328 -10.0678 -26.8473
v -1.95668 -9.70003 -27.0283
v -1.89264 -9.20976 -27.027
v -2.06562 -8.78423 -26.8441
v -2.40954 -8.58597 -26.5494
v -2.79303 -8.6907 -26.2554
v -3.06963 -9.05842 -26.0745
v -2.63261 -9.61008 -25.444
v -2.45525 -10.0383 -25.6162
v -2.10705 -10.2405 -25.9031
v -1.72101 -10.1396 -26.1951
v -1.44459 -9.7741 -26.3806
v -1.38336 -9.28355 -26.3889
v -1.56072 -8.85536 -26.2167
v -1.90891 -8.65308 -25.9298
v -2.29495 -8.75399 -25.6378
v -2.57138 -9.11952 -25.4522
v -2.13176 -9.65794 -24.7984
v -1.94995 -10.0879 -24.9613
v -1.59799 -10.2928 -25.2416
v -1.2103 -10.1945 -25.5323
v -0.934964 -9.83035 -25.7222
v -0.87716 -9.3396 -25.7389
v -1.05896 -8.90965 -25.576
v -1.41093 -8.70472 -25.2957
v -1.79862 -8.80309 -25.005
v -2.07395 -9.16719 -24.8151
v -1.63068 -9.69294 -24.1418
v -1.44413 -10.1238 -24.2969
v -1.08878 -10.3299 -24.5721
v -0.700375 -10.2326 -24.8621
v -0.427266 -9.8691 -25.0563
v -0.373773 -9.37816 -25.0805
v -0.560328 -8.94735 -24.9254
v -0.915673 -8.74121 -24.6503
v -1.30408 -8.83848 -24.3602
v -1.57719 -9.20201 -24.166
v -1.12887 -9.7156 -23.4775
v -0.937032 -10.1463 -23.6262
v -0.578598 -10.3522 -23.8976
v -0.190481 -10.2544 -24.1879
v 0.0790719 -9.89051 -24.3863
v 0.1271 -9.39938 -24.4169
v -0.0647415 -8.96864 -24.2682
v -0.423176 -8.76282 -23.9969
v -0.811293 -8.86054 -23.7066
v -1.08085 -9.22447 -23.5082
v -0.625749 -9.72632 -22.8085
v -0.427886 -10.156 -22.9523
v -0.0665842 -10.3598 -23.2213
v 0.32015 -10.26 -23.5128
v 0.584598 -9.89461 -23.7153
v 0.625749 -9.40323 -23.7516
v 0.427886 -8.97356 -23.6077
v 0.0665842 -8.76972 -23.3387
v -0.32015 -8.86956 -23.0473
v -0.584598 -9.23495 -22.8448
v -0.120651 -9.72541 -22.138
v 0.0841505 -10.1529 -22.2785
v 0.448131 -10.353 -22.5467
v 0.832263 -10.2492 -22.8402
v 1.08982 -9.88122 -23.0468
v 1.12242 -9.38956 -23.0877
v 0.917623 -8.96205 -22.9472
v 0.553642 -8.76197 -22.6789
v 0.16951 -8.86575 -22.3855
v -0.088047 -9.23375 -22.1788
v 0.387153 -9.71304 -21.4691
v 0.599966 -10.1372 -21.6079
v 0.96643 -10.3315 -21.877
v 1.34657 -10.2218 -22.1735
v 1.59518 -9.85 -22.3842
v 1.6173 -9.35807 -22.4286
v 1.40449 -8.93393 -22.2898
v 1.03802 -8.73959 -22.0207
v 0.657887 -8.84928 -21.7242
v 0.409277 -9.22111 -21.5135
v 0.898479 -9.68927 -20.8051
v 1.12051 -10.1086 -20.944
v 1.48919 -10.295 -21.2157
v 1.86371 -10.1773 -21.5162
v 2.101 -9.80039 -21.7309
v 2.11044 -9.30827 -21.7777
v 1.88841 -8.88892 -21.6388
v 1.51973 -8.70251 -21.3671
v 1.14521 -8.82025 -21.0666
v 0.907914 -9.19716 -20.8519
v 1.41423 -9.65409 -20.1491
v 1.64677 -10.067 -20.2902
v 2.01727 -10.243 -20.5663
v 2.38423 -10.1149 -20.8718
v 2.60747 -9.73161 -21.0903
v 2.60173 -9.23953 -21.1381
v 2.3692 -8.82663 -20.997
v 1.99869 -8.65062 -20.721
v 1.63173 -8.77872 -20.4154
v 1.40849 -9.16202 -20.197
v 1.93544 -9.60737 -19.5045
v 2.17981 -10.0118 -19.6499
v 2.5515 -10.1747 -19.9324
v 2.90855 -10.0337 -20.244
v 3.11457 -9.64268 -20.4657
v 3.09087 -9.15108 -20.5129
v 2.8465 -8.74662 -20.3674
v 2.47481 -8.58379 -20.0849
v 2.11776 -8.72479 -19.7733
v 1.91174 -9.11577 -19.5516
v 2.46325 -9.54886 -18.8744
v 2.72072 -9.94246 -19.0269
v 3.09261 -10.0889 -19.3179
v 3.43687 -9.93228 -19.6364
v 3.622 -9.5324 -19.8606
v 3.57729 -9.042 -19.9049
v 3.31981 -8.6484 -19.7525
v 2.94792 -8.50194 -19.4614
v 2.60367 -8.65857 -19.143
v 2.41854 -9.05846 -18.9188
v 2.99898 -9.47817 -18.2622
v 3.27063 -9.85795 -18.4248
v 3.64117 -9.9844 -18.7267
v 3.96907 -9.80923 -19.0527
v 4.12908 -9.39934 -19.2782
v 4.06008 -8.9113 -19.3171
v 3.78842 -8.53152 -19.1545
v 3.41788 -8.40506 -18.8525
v 3.08998 -8.58024 -18.5266
v 2.92998 -8.99013 -18.3011
v 3.54411 -9.3947 -17.6714
v 3.83061 -9.75706 -17.8477
v 4.19749 -9.8594 -18.1629
v 4.50461 -9.66265 -18.4967
v 4.63467 -9.24195 -18.7215
v 4.53799 -8.75799 -18.7516
v 4.2515 -8.39564 -18.5753
v 3.88462 -8.2933 -18.26
v 3.57749 -8.49005 -17.9262
v 3.44743 -8.91075 -17.7014
v 4.10027 -9.29752 -17.1056
v 4.40155 -9.6381 -17.2998
v 4.76138 -9.71179 -17.6308
v 5.04232 -9.49045 -17.9721
v 5.13707 -9.05863 -18.1935
v 5.00942 -8.58126 -18.2103
v 4.70814 -8.24068 -18.0162
v 4.34831 -8.16699 -17.6852
v 4.06737 -8.38833 -17.3438
v 3.97263 -8.82015 -17.1224
v 4.66911 -9.18516 -16.569
v 4.98394 -9.49884 -16.7857
v 5.33195 -9.53906 -17.1346
v 5.5802 -9.29044 -17.4825
v 5.63389 -8.84796 -17.6964
v 5.47249 -8.38062 -17.6948
v 5.15766 -8.06693 -17.4781
v 4.80966 -8.02671 -17.1292
v 4.5614 -8.27533 -16.7813
v 4.50772 -8.71782 -16.5674
v 5.25203 -9.05537 -16.0661
v 5.57747 -9.33643 -16.3101
v 5.90718 -9.33842 -16.6785
v 6.11524 -9.06058 -17.0306
v 6.12217 -8.60902 -17.2319
v 5.92532 -8.15624 -17.2055
v 5.59989 -7.87518 -16.9614
v 5.27017 -7.87319 -16.593
v 5.06211 -8.15104 -16.2409
v 5.05518 -8.60259 -16.0396
v 5.84964 -8.90488 -15.6016
v 6.18049 -9.14739 -15.8776
v 6.48368 -9.10712 -16.2661
v 6.64341 -8.79944 -16.6186
v 6.59866 -8.3419 -16.8006
v 6.36653 -7.90924 -16.7424
v 6.03568 -7.66673 -16.4664
v 5.73249 -7.707 -16.0779
v 5.57277 -8.01467 -15.7254
v 5.61751 -8.47222 -15.5434
v 6.46107 -8.7293 -15.1805
v 6.78954 -8.92794 -15.4921
v 7.0565 -8.84299 -15.8995
v 7.15998 -8.50691 -16.2471
v 7.06045 -8.04807 -16.4021
v 6.79593 -7.64173 -16.3052
v 6.46746 -7.44309 -15.9936
v 6.2005 -7.52804 -15.5862
v 6.09702 -7.86412 -15.2387
v 6.19655 -8.32296 -15.0837
v 7.08321 -8.52348 -14.8071
v 7.39918 -8.67469 -15.1561
v 7.61967 -8.54528 -15.5793
v 7.66047 -8.18468 -15.9151
v 7.506 -7.73064 -16.0352
v 7.21525 -7.35657 -15.8938
v 6.89928 -7.20536 -15.5449
v 6.67879 -7.33477 -15.1217
v 6.63799 -7.69537 -14.7859
v 6.79247 -8.14941 -14.6657
v 7.71061 -8.28241 -14.4843
v 8.00259 -8.38559 -14.8697
v 8.16731 -8.21523 -15.3037
v 8.14185 -7.83638 -15.6203
v 7.93595 -7.39377 -15.6988
v 7.62825 -7.05645 -15.5091
v 7.33628 -6.95327 -15.1236
v 7.17156 -7.12364 -14.6897
v 7.19701 -7.50248 -14.373
v 7.40291 -7.9451 -14.2946
v 8.3362 -8.00239 -14.2127
v 8.59301 -8.06058 -14.6312
v 8.69515 -7.85598 -15.0696
v 8.60362 -7.46674 -15.3604
v 8.35337 -7.04154 -15.3925
v 8.03999 -6.74279 -15.1538
v 7.78318 -6.6846 -14.7353
v 7.68103 -6.8892 -14.297
v 7.77256 -7.27844 -14.0062
v 8.02281 -7.70364 -13.974
v 8.95286 -7.68185 -13.9912
v 9.16534 -7.70149 -14.4372
v 9.20162 -7.47167 -14.8735
v 9.04784 -7.08017 -15.1334
v 8.76273 -6.67653 -15.1176
v 8.45521 -6.41493 -14.8322
v 8.24272 -6.39528 -14.3862
v 8.20644 -6.6251 -13.9499
v 8.36022 -7.0166 -13.6901
v 8.64533 -7.42024 -13.7058
v 9.55493 -7.32122 -13.8175
v 9.71702 -7.3111 -14.2845
v 9.68771 -7.06593 -14.7129
v 9.47818 -6.67937 -14.939
v 9.16847 -6.29906 -14.8765
v 8.87688 -6.07028 -14.5492
v 8.71479 -6.0804 -14.0822
v 8.74411 -6.32557 -13.6539
v 8.95364 -6.71213 -13.4278
v 9.26334 -7.09243 -13.4903
v 10.1388 -6.92219 -13.6893
v 10.2478 -6.892 -14.1706
v 10.1559 -6.64091 -14.5866
v 9.89845 -6.26483 -14.7782
v 9.57364 -5.90741 -14.6723
v 9.30558 -5.70517 -14.3094
v 9.19665 -5.73536 -13.8281
v 9.28848 -5.98645 -13.4122
v 9.54597 -6.36253 -13.2205
v 9.87078 -6.71995 -13.3264
v 10.7028 -6.48671 -13.6049
v 10.7586 -6.44582 -14.0945
v 10.6092 -6.19692 -14.4947
v 10.3116 -5.83509 -14.6527
v 9.97948 -5.49853 -14.5081
v 9.73974 -5.3158 -14.1162
v 9.68393 -5.35669 -13.6267
v 9.83337 -5.60559 -13.2264
v 10.131 -5.96742 -13.0684
v 10.4631 -6.30398 -13.213
v 11.2461 -6.01645 -13.5634
v 11.2509 -5.97308 -14.0559
v 11.0496 -5.73285 -14.4383
v 10.7191 -5.3875 -14.5645
v 10.3856 -5.06896 -14.3864
v 10.1764 -4.89888 -13.9719
v 10.1716 -4.94225 -13.4794
v 10.3729 -5.18248 -13.097
v 10.7034 -5.52783 -12.9708
v 11.037 -5.84637 -13.1489
v 11.7684 -5.5125 -13.5646
v 11.7258 -5.4734 -14.0556
v 11.4786 -5.24668 -14.4189
v 11.1212 -4.91894 -14.5156
v 10.7903 -4.61537 -14.3088
v 10.612 -4.45192 -13.8776
v 10.6547 -4.49102 -13.3865
v 10.9019 -4.71774 -13.0233
v 11.2592 -5.04548 -12.9266
v 11.5902 -5.34905 -13.1333
v 12.2693 -4.97552 -13.6085
v 12.1835 -4.94586 -14.0945
v 11.8962 -4.7361 -14.4379
v 11.5171 -4.42635 -14.5075
v 11.1911 -4.13493 -14.2767
v 11.0427 -3.97315 -13.8336
v 11.1286 -4.0028 -13.3476
v 11.4159 -4.21257 -13.0043
v 11.7949 -4.52232 -12.9347
v 12.1209 -4.81374 -13.1655
v 12.7482 -4.40581 -13.6954
v 12.6237 -4.38937 -14.1736
v 12.3016 -4.19884 -14.4967
v 11.905 -3.90701 -14.5414
v 11.5853 -3.62535 -14.2905
v 11.4647 -3.46143 -13.8399
v 11.5892 -3.47788 -13.3617
v 11.9113 -3.6684 -13.0386
v 12.3079 -3.96023 -12.9939
v 12.6276 -4.2419 -13.2448
v 13.2039 -3.80353 -13.8253
v 13.0453 -3.80287 -14.2936
v 12.6934 -3.63298 -14.5965
v 12.2825 -3.35877 -14.6183
v 11.9697 -3.08497 -14.3507
v 11.8743 -2.91616 -13.8958
v 12.0329 -2.91682 -13.4275
v 12.3849 -3.0867 -13.1246
v 12.7957 -3.36092 -13.1028
v 13.1085 -3.63472 -13.3705
v 13.635 -3.16879 -13.9982
v 13.4467 -3.18553 -14.4551
v 13.0693 -3.03703 -14.7379
v 12.6469 -2.78002 -14.7386
v 12.3409 -2.51266 -14.4569
v 12.2681 -2.33708 -14.0005
v 12.4564 -2.32035 -13.5436
v 12.8338 -2.46884 -13.2608
v 13.2562 -2.72585 -13.2601
v 13.5622 -2.99321 -13.5418
v 14.0398 -2.50177 -14.2139
v 13.8259 -2.5368 -14.6583
v 13.4269 -2.40998 -14.9213
v 12.9952 -2.16973 -14.9024
v 12.6956 -1.90783 -14.6089
v 12.6427 -1.72432 -14.1529
v 12.8565 -1.68928 -13.7085
v 13.2555 -1.81611 -13.4455
v 13.6873 -2.05635 -13.4643
v 13.9868 -2.31825 -13.7578
v 14.4163 -1.80277 -14.4717
v 14.1805 -1.85648 -14.903
v 13.7633 -1.7513 -15.1466
v 13.3241 -1.52741 -15.1095
v 13.0305 -1.27032 -14.8059
v 12.9948 -1.07824 -14.3517
v 13.2305 -1.02453 -13.9205
v 13.6477 -1.12971 -13.6768
v 14.087 -1.3536 -13.7139
v 14.3805 -1.61069 -14.0175
v 14.7622 -1.0723 -14.7709
v 14.5079 -1.1447 -15.1887
v 14.0756 -1.06095 -15.4135
v 13.6303 -0.853036 -15.3593
v 13.3421 -0.600382 -15.0469
v 13.3212 -0.39949 -14.5956
v 13.5755 -0.327093 -14.1778
v 14.0079 -0.410845 -13.9531
v 14.4532 -0.618755 -14.0072
v 14.7413 -0.871409 -14.3197
v 15.0754 -0.311043 -15.1105
v 14.8055 -0.401905 -15.5147
v 14.3606 -0.339253 -15.7211
v 13.9105 -0.147018 -15.6507
v 13.6272 0.101373 -15.3305
v 13.619 0.311043 -14.8828
v 13.8888 0.401905 -14.4786
v 14.3337 0.339253 -14.2723
v 14.7838 0.147018 -14.3427
v 15.0671 -0.101373 -14.6628
v 15.3532 0.480077 -15.4892
v 15.0704 0.371112 -15.8799
v 14.6152 0.413039 -16.0683
v 14.1615 0.589845 -15.9826
v 13.8826 0.833995 -15.6554
v 13.885 1.05223 -15.2117
v 14.1678 1.1612 -14.8211
v 14.623 1.11927 -14.6326
v 15.0767 0.942464 -14.7184
v 15.3556 0.698315 -15.0455
v 15.5932 1.29989 -15.9054
v 15.2998 1.17326 -16.2827
v 14.8365 1.19485 -16.4538
v 14.3801 1.35641 -16.3533
v 14.1051 1.59623 -16.0197
v 14.1164 1.82271 -15.5804
v 14.4098 1.94934 -15.2031
v 14.8732 1.92776 -15.032
v 15.3295 1.7662 -15.1324
v 15.6046 1.52638 -15.466
v 15.7929 2.147 -16.3574
v 15.491 2.00316 -16.7215
v 15.0212 2.00477 -16.8758
v 14.5631 2.15121 -16.7612
v 14.2915 2.38654 -16.4216
v 14.3103 2.62088 -15.9867
v 14.6122 2.76471 -15.6225
v 15.082 2.76311 -15.4682
v 15.5401 2.61667 -15.5828
v 15.8116 2.38134 -15.9224
v 15.9496 3.01973 -16.8432
v 15.641 2.85915 -17.1945
v 15.1666 2.8411 -17.3324
v 14.7075 2.97248 -17.2043
v 14.4391 3.2031 -16.8589
v 14.464 3.44488 -16.4284
v 14.7726 3.60546 -16.077
v 15.247 3.62351 -15.9391
v 15.7061 3.49213 -16.0673
v 15.9745 3.2615 -16.4126
v 16.061 3.91616 -17.3607
v 15.7474 3.73927 -17.6995
v 15.2697 3.70185 -17.8216
v 14.8104 3.81819 -17.6802
v 14.545 4.04386 -17.3294
v 14.5747 4.29265 -16.9031
v 14.8883 4.46954 -16.5643
v 15.366 4.50696 -16.4422
v 15.8253 4.39062 -16.5836
v 16.0907 4.16495 -16.9344
v 16.1245 4.83414 -17.9075
v 15.8074 4.64135 -18.2342
v 15.3279 4.58478 -18.3408
v 14.8692 4.68605 -18.1866
v 14.6065 4.90648 -17.8305
v 14.6401 5.16186 -17.4085
v 14.9571 5.35466 -17.0817
v 15.4366 5.41122 -16.9751
v 15.8953 5.30995 -17.1293
v 16.1581 5.08953 -17.4855
v 16.1378 5.77126 -18.4812
v 15.8186 5.56292 -18.7962
v 15.3387 5.48739 -18.8878
v 14.8813 5.57352 -18.721
v 14.6211 5.7884 -18.3597
v 14.6575 6.04997 -17.9417
v 14.9767 6.25831 -17.6267
v 15.4567 6.33384 -17.5351
v 15.9141 6.24771 -17.7019
v 16.1743 6.03282 -18.0633
v 16.0987 6.72486 -19.0792
v 15.7788 6.50131 -19.3827
v 15.2996 6.40694 -19.4597
v 14.8442 6.47781 -19.2807
v 14.5865 6.68685 -18.9142
v 14.625 6.9542 -18.5001
v 14.9449 7.17776 -18.1965
v 15.4241 7.27212 -18.1196
v 15.8795 7.20125 -18.2985
v 16.1372 6.99221 -18.6651
v 16.0051 7.69207 -19.6986
v 15.6857 7.45359 -19.9911
v 15.2085 7.34048 -20.0538
v 14.7558 7.39594 -19.8629
v 14.5005 7.5988 -19.4912
v 14.5402 7.87156 -19.0807
v 14.8597 8.11005 -18.7883
v 15.3369 8.22316 -18.7255
v 15.7896 8.16769 -18.9165
v 16.0448 7.96483 -19.2882
v 15.8551 8.66979 -20.3366
v 15.5374 8.41664 -20.6184
v 15.0633 8.28483 -20.6673
v 14.6141 8.32471 -20.4646
v 14.3613 8.52105 -20.0878
v 14.4015 8.79886 -19.6807
v 14.7192 9.05201 -19.399
v 15.1933 9.18382 -19.3501
v 15.6425 9.14394 -19.5528
v 15.8953 8.9476 -19.9296
v 15.647 9.65472 -20.9902
v 15.332 9.38712 -21.2616
v 14.8624 9.23663 -21.297
v 14.4174 9.26072 -21.0828
v 14.1671 9.4502 -20.7008
v 14.207 9.73269 -20.297
v 14.5219 10.0003 -20.0256
v 14.9916 10.1508 -19.9902
v 15.4365 10.1267 -20.2044
v 15.6869 9.9372 -20.5864
v 15.3791 10.6433 -21.6563
v 15.0682 10.3615 -21.9177
v 14.6042 10.1923 -21.94
v 14.1642 10.2004 -21.7145
v 13.9164 10.3827 -21.3274
v 13.9555 10.6695 -20.9265
v 14.2664 10.9513 -20.665
v 14.7304 11.1205 -20.6428
v 15.1704 11.1124 -20.8683
v 15.4181 10.9302 -21.2554
v 15.0503 11.632 -22.3317
v 14.7445 11.3362 -22.5836
v 14.2873 11.1483 -22.5931
v 13.8532 11.1401 -22.3565
v 13.6081 11.3147 -21.9642
v 13.6456 11.6055 -21.5661
v 13.9513 11.9013 -21.3141
v 14.4086 12.0892 -21.3047
v 14.8426 12.0974 -21.5413
v 15.0878 11.9228 -21.9335
v 14.6594 12.6168 -23.0132
v 14.36 12.3072 -23.2559
v 13.9108 12.1005 -23.2531
v 13.4835 12.0758 -23.0056
v 13.2412 12.2424 -22.6081
v 13.2765 12.5368 -22.2124
v 13.5759 12.8464 -21.9697
v 14.0251 13.0531 -21.9726
v 14.4524 13.0778 -22.22
v 14.6947 12.9112 -22.6175
v 14.2057 13.5939 -23.6976
v 13.9138 13.2707 -23.9316
v 13.474 13.0452 -23.9168
v 13.0543 13.0036 -23.6587
v 12.8151 13.1618 -23.256
v 12.8476 13.4594 -22.8625
v 13.1395 13.7826 -22.6284
v 13.5792 14.0081 -22.6433
v 13.9989 14.0496 -22.9013
v 14.2382 13.8914 -23.304
v 13.6886 14.5591 -24.3815
v 13.4055 14.2225 -24.6073
v 12.9764 13.9782 -24.581
v 12.5653 13.9195 -24.3126
v 12.3293 14.0688 -23.9046
v 12.3584 14.3691 -23.5129
v 12.6416 14.7057 -23.2871
v 13.0707 14.95 -23.3134
v 13.4817 15.0087 -23.5818
v 13.7178 14.8593 -23.9898
v 13.108 15.5081 -25.0618
v 12.8347 15.1585 -25.2799
v 12.4178 14.8954 -25.2426
v 12.0164 14.8193 -24.9641
v 11.7839 14.9593 -24.5508
v 11.809 15.2618 -24.1606
v 12.0823 15.6115 -23.9425
v 12.4992 15.8746 -23.9798
v 12.9006 15.9507 -24.2583
v 13.1331 15.8107 -24.6716
v 12.4638 16.4368 -25.735
v 12.2017 16.0744 -25.946
v 11.7984 15.7925 -25.8982
v 11.4077 15.6987 -25.61
v 11.1791 15.8289 -25.1914
v 11.1997 16.1332 -24.8023
v 11.4617 16.4955 -24.5913
v 11.8651 16.7774 -24.6391
v 12.2557 16.8712 -24.9273
v 12.4844 16.7411 -25.3459
v 11.7564 17.3407 -26.3979
v 11.5068 16.9661 -26.6024
v 11.1185 16.6654 -26.5449
v 10.7399 16.5536 -26.2473
v 10.5154 16.6734 -25.8233
v 10.531 16.9789 -25.4349
v 10.7806 17.3535 -25.2304
v 11.1689 17.6542 -25.288
v 11.5476 17.766 -25.5855
v 11.772 17.6462 -26.0095
v 10.9866 18.2155 -27.0473
v 10.7508 17.829 -27.2461
v 10.3791 17.5098 -27.1795
v 10.0136 17.3798 -26.8729
v 9.79387 17.4886 -26.4436
v 9.80383 17.7947 -26.0554
v 10.0397 18.1811 -25.8567
v 10.4114 18.5003 -25.9233
v 10.7769 18.6303 -26.2298
v 10.9966 18.5215 -26.6591
v 10.1554 19.0568 -27.68
v 9.93453 18.6591 -27.8738
v 9.58112 18.3215 -27.7989
v 9.23012 18.173 -27.4839
v 9.01561 18.2703 -27.0492
v 9.01953 18.5761 -26.6608
v 9.24037 18.9738 -26.467
v 9.59379 19.3113 -26.5418
v 9.94479 19.4599 -26.8568
v 10.1593 19.3626 -27.2915
v 9.26403 19.8601 -28.2928
v 9.05946 19.452 -28.4825
v 8.72594 19.0964 -28.4003
v 8.39085 18.9292 -28.0774
v 8.1822 19.0142 -27.6373
v 8.17967 19.319 -27.2481
v 8.38424 19.7272 -27.0583
v 8.71776 20.0828 -27.1406
v 9.05285 20.25 -27.4634
v 9.26151 20.165 -27.9035
v 8.31426 20.6213 -28.8826
v 8.1272 20.2034 -29.0693
v 7.81524 19.8302 -28.9807
v 7.49755 19.6442 -28.6507
v 7.29546 19.7164 -28.2053
v 7.28618 20.0193 -27.8146
v 7.47325 20.4371 -27.6279
v 7.78521 20.8104 -27.7164
v 8.1029 20.9964 -28.0465
v 8.30498 20.9242 -28.4919
v 7.30809 21.3359 -29.4465
v 7.1397 20.9093 -29.6313
v 6.85099 20.519 -29.5375
v 6.55224 20.3141 -29.201
v 6.35757 20.3728 -28.7504
v 6.34133 20.6727 -28.3576
v 6.50973 21.0993 -28.1728
v 6.79844 21.4896 -28.2666
v 7.09718 21.6945 -28.6031
v 7.29185 21.6358 -29.0538
v 6.24787 21.9997 -29.9816
v 6.09922 21.5656 -30.1657
v 5.83543 21.1589 -30.068
v 5.55725 20.9352 -29.726
v 5.37095 20.9797 -29.2702
v 5.34768 21.2755 -28.8747
v 5.49634 21.7097 -28.6906
v 5.76013 22.1163 -28.7882
v 6.03831 22.3401 -29.1303
v 6.22461 22.2955 -29.5861
v 5.1363 22.6087 -30.4851
v 5.00834 22.1683 -30.6698
v 4.77108 21.7462 -30.5697
v 4.51516 21.5036 -30.2231
v 4.33832 21.5333 -29.7624
v 4.30812 21.8238 -29.3634
v 4.43608 22.2643 -29.1787
v 4.67334 22.6863 -29.2788
v 4.92926 22.9289 -29.6254
v 5.1061 22.8992 -30.0862
v 3.97641 23.1588 -30.9544
v 3.86991 22.7136 -31.1412
v 3.66074 22.2771 -31.0402
v 3.42879 22.0161 -30.6902
v 3.26266 22.0302 -30.2247
v 3.2258 22.3142 -29.8216
v 3.3323 22.7594 -29.6349
v 3.54147 23.1959 -29.7358
v 3.77342 23.4569 -30.0859
v 3.93956 23.4427 -30.5513
v 2.77157 23.6463 -31.387
v 2.68711 23.1978 -31.5773
v 2.50744 22.7482 -31.4773
v 2.3012 22.4691 -31.1251
v 2.14715 22.4672 -30.6553
v 2.10415 22.7432 -30.2473
v 2.18862 23.1916 -30.057
v 2.36829 23.6413 -30.157
v 2.57453 23.9203 -30.5092
v 2.72857 23.9222 -30.9791
v 1.5255 24.0674 -31.7806
v 1.46338 23.6175 -31.9761
v 1.31447 23.1562 -31.8787
v 1.13566 22.8596 -31.5258
v 0.995242 22.8411 -31.0521
v 0.946849 23.1078 -30.6385
v 1.00897 23.5577 -30.4431
v 1.15787 24.019 -30.5404
v 1.33668 24.3155 -30.8934
v 1.4771 24.334 -31.3671
v 0.242226 24.4187 -32.133
v 0.20247 23.9693 -32.3352
v 0.0853785 23.4979 -32.2426
v -0.0643251 23.1847 -31.8905
v -0.189459 23.1493 -31.4135
v -0.242226 23.4052 -30.9937
v -0.20247 23.8546 -30.7915
v -0.0853785 24.326 -30.8842
v 0.0643251 24.6392 -31.2362
v 0.189459 24.6746 -31.7133
v -1.07387 24.6971 -32.4423
v -1.09157 24.25 -32.6528
v -1.17607 23.7705 -32.5669
v -1.29508 23.4417 -32.2174
v -1.40315 23.3891 -31.7378
v -1.459 23.6328 -31.3113
v -1.44129 24.0799 -31.1008
v -1.35679 24.5594 -31.1867
v -1.23778 24.8882 -31.5362
v -1.12971 24.9408 -32.0158
v -2.4181 24.8995 -32.7067
v -2.41443 24.4569 -32.9271
v -2.46585 23.9712 -32.8501
v -2.55272 23.6279 -32.505
v -2.64186 23.5582 -32.0237
v -2.69922 23.7886 -31.59
v -2.70289 24.2311 -31.3696
v -2.65147 24.7168 -31.4466
v -2.5646 25.0601 -31.7917
v -2.47546 25.1299 -32.273
v -3.78547 25.0232 -32.9247
v -3.76147 24.5872 -33.1565
v -3.77969 24.0975 -33.0904
v -3.83318 23.7413 -32.7517
v -3.90149 23.6546 -32.2698
v -3.95854 23.8705 -31.8287
v -3.98253 24.3065 -31.5969
v -3.96431 24.7962 -31.6629
v -3.91083 25.1524 -32.0016
v -3.84252 25.2391 -32.4836
v -5.17071 25.066 -33.0951
v -5.12781 24.6384 -33.3396
v -5.11309 24.1471 -33.2866
v -5.13216 23.7796 -32.9563
v -5.17776 23.6765 -32.4749
v -5.23245 23.877 -32.0263
v -5.27535 24.3046 -31.7818
v -5.29007 24.7959 -31.8348
v -5.271 25.1634 -32.1651
v -5.2254 25.2665 -32.6465
v -6.5683 25.0259 -33.217
v -6.50827 24.6086 -33.4753
v -6.46125 24.1179 -33.4373
v -6.44521 23.7412 -33.1175
v -6.46627 23.6224 -32.638
v -6.51639 23.8068 -32.182
v -6.57642 24.2241 -31.9237
v -6.62343 24.7148 -31.9617
v -6.63948 25.0915 -32.2815
v -6.61842 25.2104 -32.761
v -7.9725 24.9013 -33.2896
v -7.89743 24.496 -33.5627
v -7.81917 24.0083 -33.5415
v -7.76762 23.6244 -33.2342
v -7.76247 23.491 -32.7582
v -7.80568 23.659 -32.2952
v -7.88076 24.0643 -32.0221
v -7.95901 24.552 -32.0433
v -8.01056 24.9359 -32.3506
v -8.01571 25.0693 -32.8266
v -9.3774 24.691 -33.3127
v -9.28964 24.2991 -33.6011
v -9.18158 23.8167 -33.5985
v -9.0945 23.4279 -33.3057
v -9.06167 23.2813 -32.8346
v -9.09561 23.4328 -32.3653
v -9.18338 23.8247 -32.0768
v -9.29143 24.3072 -32.0795
v -9.37851 24.696 -32.3723
v -9.41135 24.8426 -32.8433
v -10.777 24.3944 -33.2862
v -10.679 24.0171 -33.5903
v -10.543 23.542 -33.6075
v -10.4207 23.1507 -33.3311
v -10.359 22.9926 -32.8668
v -10.3814 23.1281 -32.3918
v -10.4793 23.5053 -32.0876
v -10.6154 23.9804 -32.0704
v -10.7376 24.3717 -32.3468
v -10.7993 24.5298 -32.8112
v -12.1651 24.0112 -33.2103
v -12.0597 23.6493 -33.5302
v -11.8977 23.1837 -33.5684
v -11.741 22.7923 -33.3101
v -11.6495 22.6245 -32.8541
v -11.6581 22.7445 -32.3745
v -11.7635 23.1064 -32.0546
v -11.9255 23.572 -32.0164
v -12.0822 23.9634 -32.2747
v -12.1737 24.1312 -32.7307
v -13.5358 23.5417 -33.0856
v -13.4255 23.1956 -33.4211
v -13.2399 22.7413 -33.481
v -13.0498 22.3522 -33.2423
v -12.928 22.177 -32.7963
v -12.9208 22.2825 -32.3134
v -13.0311 22.6285 -31.9779
v -13.2167 23.0829 -31.918
v -13.4068 23.472 -32.1567
v -13.5286 23.6472 -32.6026
v -14.8828 22.9866 -32.9129
v -14.7703 22.6566 -33.2635
v -14.5635 22.2151 -33.3456
v -14.3416 21.8306 -33.1279
v -14.1892 21.6501 -32.6935
v -14.1646 21.7425 -32.2084
v -14.2772 22.0725 -31.8579
v -14.4839 22.5141 -31.7758
v -14.7059 22.8985 -31.9935
v -14.8582 23.079 -32.4278
v -16.2004 22.3473 -32.6934
v -16.0881 22.0331 -33.0582
v -15.8627 21.6056 -33.1628
v -15.6106 21.228 -32.967
v -15.4278 21.0446 -32.5458
v -15.3844 21.1255 -32.06
v -15.4967 21.4396 -31.6951
v -15.722 21.8671 -31.5906
v -15.9742 22.2447 -31.7863
v -16.157 22.4281 -32.2075
v -17.4827 21.6253 -32.4282
v -17.3728 21.3265 -32.8065
v -17.1315 20.914 -32.9334
v -16.851 20.5454 -32.7604
v -16.6384 20.3615 -32.3537
v -16.575 20.4325 -31.8685
v -16.6849 20.7312 -31.4902
v -16.9262 21.1437 -31.3633
v -17.2067 21.5123 -31.5362
v -17.4193 21.6963 -31.943
v -18.7241 20.8228 -32.1189
v -18.6186 20.5387 -32.5095
v -18.3638 20.142 -32.6585
v -18.0571 19.7843 -32.5089
v -17.8155 19.6021 -32.1178
v -17.7315 19.6651 -31.6347
v -17.8369 19.9492 -31.244
v -18.0917 20.3459 -31.0951
v -18.3984 20.7037 -31.2447
v -18.64 20.8858 -31.6358
v -19.9191 19.9424 -31.7672
v -19.8198 19.672 -32.1691
v -19.554 19.2916 -32.3396
v -19.2232 18.9464 -32.2136
v -18.9538 18.7683 -31.8392
v -18.8486 18.8253 -31.3595
v -18.9479 19.0957 -30.9576
v -19.2137 19.4761 -30.7871
v -19.5445 19.8213 -30.9131
v -19.8139 19.9994 -31.2875
v -21.0625 18.987 -31.375
v -20.9709 18.7293 -31.7869
v -20.6964 18.3653 -31.9783
v -20.3438 18.0341 -31.876
v -20.0478 17.8622 -31.5192
v -19.9215 17.9152 -31.0441
v -20.0132 18.1729 -30.6323
v -20.2877 18.5369 -30.4409
v -20.6403 18.8681 -30.5431
v -20.9362 19.04 -30.8999
v -22.1495 17.9599 -30.9443
v -22.0667 17.7136 -31.365
v -21.7856 17.3662 -31.5764
v -21.4134 17.0503 -31.4978
v -21.0925 16.8866 -31.1593
v -20.9453 16.9376 -30.69
v -21.0281 17.1838 -30.2693
v -21.3092 17.5313 -30.0579
v -21.6814 17.8472 -30.1365
v -22.0023 18.0109 -30.4751
v -23.1754 16.8647 -30.4773
v -23.1023 16.6287 -30.9056
v -22.8164 16.2977 -31.1361
v -22.4269 15.9982 -31.081
v -22.0826 15.8445 -30.7611
v -21.915 15.8954 -30.2988
v -21.9881 16.1314 -29.8705
v -22.274 16.4624 -29.6399
v -22.6635 16.7619 -29.6951
v -23.0078 16.9156 -30.0149
v -24.1357 15.7055 -29.9762
v -24.073 15.4784 -30.4109
v -23.7841 15.1636 -30.6597
v -23.3794 14.8813 -30.6276
v -23.0136 14.7394 -30.3269
v -22.8262 14.792 -29.8723
v -22.889 15.0191 -29.4376
v -23.1779 15.3339 -29.1888
v -23.5825 15.6162 -29.2209
v -23.9484 15.7581 -29.5217
v -25.0264 14.4864 -29.4435
v -24.9744 14.267 -29.8835
v -24.6841 13.968 -30.1496
v -24.2663 13.7037 -30.1401
v -23.8807 13.575 -29.8586
v -23.6745 13.6311 -29.4127
v -23.7266 13.8505 -28.9728
v -24.0169 14.1495 -28.7067
v -24.4346 14.4138 -28.7162
v -24.8202 14.5425 -28.9977
v -25.8436 13.212 -28.8818
v -25.8025 12.999 -29.3261
v -25.5121 12.7155 -29.6084
v -25.0832 12.4697 -29.6209
v -24.6798 12.3556 -29.3589
v -24.4558 12.4168 -28.9223
v -24.4969 12.6299 -28.4781
v -24.7874 12.9134 -28.1957
v -25.2162 13.1591 -28.1832
v -25.6197 13.2732 -28.4452
v -26.5839 11.8872 -28.2936
v -26.5538 11.6793 -28.7412
v -26.2644 11.4107 -29.0388
v -25.8263 11.184 -29.0728
v -25.4069 11.0858 -28.8302
v -25.1663 11.1535 -28.4036
v -25.1964 11.3614 -27.956
v -25.4858 11.6299 -27.6583
v -25.9239 11.8567 -27.6244
v -26.3433 11.9549 -27.867
v -27.2441 10.5168 -27.6817
v -27.2247 10.313 -28.1318
v -26.9374 10.0589 -28.4438
v -26.4919 9.85153 -28.4986
v -26.0584 9.77016 -28.2753
v -25.8024 9.84583 -27.8591
v -25.8217 10.0497 -27.409
v -26.109 10.3038 -27.097
v -26.5545 10.5111 -27.0422
v -26.9881 10.5925 -27.2656
v -27.8213 9.10614 -27.0491
v -27.8124 8.90528 -27.5008
v -27.5281 8.66515 -27.8263
v -27.0769 8.47746 -27.9012
v -26.6311 8.4139 -27.697
v -26.361 8.49876 -27.2916
v -26.3699 8.69961 -26.8399
v -26.6542 8.93975 -26.5144
v -27.1054 9.12744 -26.4395
v -27.5512 9.19099 -26.6437
v -28.3131 7.66061 -26.3986
v -28.3143 7.46172 -26.8512
v -28.0337 7.23507 -27.1894
v -27.5783 7.06722 -27.2838
v -27.1221 7.0223 -27.0985
v -26.8394 7.11745 -26.7042
v -26.8381 7.31634 -26.2515
v -27.1188 7.54299 -25.9134
v -27.5742 7.71084 -25.819
v -28.0303 7.75576 -26.0043
v -28.7173 6.18577 -25.7332
v -28.7283 5.98793 -26.1862
v -28.4519 5.77428 -26.5361
v -27.9939 5.62643 -26.6494
v -27.5292 5.60085 -26.4827
v -27.2352 5.7073 -26.0997
v -27.2242 5.90514 -25.6467
v -27.5005 6.11878 -25.2967
v -27.9585 6.26664 -25.1835
v -28.4233 6.29222 -25.3502
v -29.0323 4.68731 -25.0561
v -29.0523 4.48969 -25.5088
v -28.7809 4.2886 -25.8699
v -28.3217 4.16084 -26.0013
v -27.8501 4.15521 -25.8528
v -27.5463 4.27386 -25.4812
v -27.5263 4.47148 -25.0285
v -27.7977 4.67257 -24.6674
v -28.2569 4.80033 -24.536
v -28.7285 4.80596 -24.6845
v -29.2567 3.17104 -24.3703
v -29.2852 2.9729 -24.8224
v -29.0191 2.78394 -25.1938
v -28.5601 2.67634 -25.3427
v -28.0834 2.6912 -25.2121
v -27.7712 2.82284 -24.8521
v -27.7427 3.02098 -24.4
v -28.0088 3.20993 -24.0286
v -28.4679 3.31753 -23.8797
v -28.9445 3.30268 -24.0102
v -29.3895 1.64284 -23.6791
v -29.4258 1.44351 -24.1301
v -29.1655 1.26631 -24.5113
v -28.7079 1.17892 -24.677
v -28.2279 1.21472 -24.5639
v -27.9088 1.36004 -24.2153
v -27.8725 1.55937 -23.7643
v -28.1329 1.73657 -23.3832
v -28.5905 1.82396 -23.2175
v -29.0705 1.78816 -23.3305
v -29.4303 0.108654 -22.9857
v -29.4737 -0.09244 -23.4353
v -29.2194 -0.258226 -23.8256
v -28.7646 -0.325378 -24.0075
v -28.2829 -0.268247 -23.9115
v -27.9584 -0.108654 -23.5743
v -27.915 0.09244 -23.1247
v -28.1693 0.258226 -22.7345
v -28.6241 0.325378 -22.5526
v -29.1058 0.268247 -22.6485
v -29.3787 -1.42556 -22.2933
v -29.4285 -1.62892 -22.7413
v -29.1806 -1.78359 -23.1401
v -28.7297 -1.83048 -23.3376
v -28.2481 -1.75169 -23.2582
v -27.9197 -1.57732 -22.9323
v -27.8699 -1.37396 -22.4844
v -28.1178 -1.21929 -22.0855
v -28.5687 -1.1724 -21.8881
v -29.0503 -1.25119 -21.9675
v -29.2351 -2.95386 -21.6052
v -29.2905 -3.1599 -22.0513
v -29.0492 -3.30369 -22.4582
v -28.6035 -3.33032 -22.6706
v -28.1236 -3.2296 -22.6073
v -27.7928 -3.04002 -22.2925
v -27.7375 -2.83398 -21.8465
v -27.9787 -2.69019 -21.4396
v -28.4244 -2.66356 -21.2272
v -28.9043 -2.76428 -21.2905
v -29.0002 -4.47032 -20.9246
v -29.0604 -4.67936 -21.3686
v -28.826 -4.81248 -21.7831
v -28.3867 -4.81883 -22.0098
v -27.9101 -4.69598 -21.9621
v -27.5784 -4.49086 -21.6582
v -27.5182 -4.28181 -21.2142
v -27.7526 -4.14869 -20.7997
v -28.1919 -4.14234 -20.573
v -28.6685 -4.26519 -20.6207
v -28.675 -5.96908 -20.2546
v -28.7392 -6.18138 -20.6965
v -28.512 -6.30399 -21.1182
v -28.0801 -6.29005 -21.3586
v -27.6086 -6.14491 -21.3259
v -27.2775 -5.92399 -21.0326
v -27.2133 -5.71168 -20.5907
v -27.4405 -5.58908 -20.169
v -27.8724 -5.60301 -19.9286
v -28.3439 -5.74816 -19.9613
v -28.2609 -7.44439 -19.5986
v -28.3283 -7.66012 -20.0383
v -28.1085 -7.7723 -20.4667
v -27.6854 -7.73809 -20.7202
v -27.2206 -7.57055 -20.7019
v -26.8916 -7.33367 -20.4188
v -26.8242 -7.11794 -19.9791
v -27.044 -7.00576 -19.5506
v -27.4671 -7.03997 -19.2972
v -27.9319 -7.20752 -19.3155
v -27.7598 -8.89061 -18.9594
v -27.8297 -9.10984 -19.397
v -27.6175 -9.21166 -19.8318
v -27.2042 -9.15717 -20.0978
v -26.7478 -8.96719 -20.0932
v -26.4225 -8.71428 -19.8199
v -26.3526 -8.49505 -19.3823
v -26.5648 -8.39324 -18.9475
v -26.9781 -8.44773 -18.6816
v -27.4345 -8.63771 -18.6861
v -27.174 -10.3023 -18.3403
v -27.2455 -10.525 -18.7759
v -27.0412 -10.6164 -19.2167
v -26.639 -10.5417 -19.4944
v -26.1926 -10.3293 -19.5029
v -25.8725 -10.0604 -19.239
v -25.8009 -9.83764 -18.8034
v -26.0053 -9.7462 -18.3626
v -26.4074 -9.82095 -18.0848
v -26.8538 -10.0333 -18.0763
v -26.5059 -11.674 -17.7441
v -26.5784 -11.9001 -18.1778
v -26.3822 -11.9812 -18.6243
v -25.9923 -11.8862 -18.9132
v -25.5577 -11.6514 -18.934
v -25.2443 -11.3666 -18.6788
v -25.1718 -11.1405 -18.2451
v -25.368 -11.0595 -17.7986
v -25.7578 -11.1545 -17.5097
v -26.1925 -11.3892 -17.4889
v -25.7586 -13.0008 -17.1737
v -25.8313 -13.2301 -17.6057
v -25.6436 -13.3006 -18.0577
v -25.2673 -13.1854 -18.3569
v -24.846 -12.9285 -18.3893
v -24.5408 -12.6281 -18.1422
v -24.4682 -12.3988 -17.7103
v -24.6559 -12.3282 -17.2583
v -25.0322 -12.4434 -16.959
v -25.4534 -12.7003 -16.9267
v -24.9354 -14.2777 -16.6319
v -25.0075 -14.5099 -17.0625
v -24.8286 -14.5697 -17.5195
v -24.4671 -14.4344 -17.8285
v -24.0611 -14.1556 -17.8714
v -23.7656 -13.8398 -17.6319
v -23.6935 -13.6076 -17.2013
v -23.8723 -13.5478 -16.7443
v -24.2338 -13.6831 -16.4353
v -24.6399 -13.9619 -16.3924
v -24.0398 -15.5001 -16.1214
v -24.1107 -15.7348 -16.5507
v -23.9411 -15.7838 -17.0126
v -23.5958 -15.6285 -17.3305
v -23.2066 -15.3281 -17.383
v -22.9222 -14.9974 -17.1502
v -22.8513 -14.7627 -16.7208
v -23.0209 -14.7137 -16.259
v -23.3662 -14.869 -15.9411
v -23.7554 -15.1694 -15.8885
v -23.0757 -16.6636 -15.6446
v -23.1449 -16.9002 -16.0731
v -22.985 -16.9382 -16.5394
v -22.6572 -16.763 -16.8654
v -22.2865 -16.4415 -16.9265
v -22.0147 -16.0965 -16.6995
v -21.9455 -15.8599 -16.2709
v -22.1054 -15.8219 -15.8046
v -22.4333 -15.9971 -15.4786
v -22.8039 -16.3186 -15.4175
v -22.0474 -17.7641 -15.2038
v -22.1143 -18.0022 -15.6319
v -21.9647 -18.0289 -16.1024
v -21.6557 -17.834 -16.4356
v -21.3054 -17.4919 -16.5042
v -21.0474 -17.1334 -16.2819
v -20.9805 -16.8953 -15.8538
v -21.1301 -16.8686 -15.3833
v -21.4391 -17.0635 -15.0502
v -21.7894 -17.4055 -14.9816
v -20.9592 -18.7979 -14.8014
v -21.0235 -19.0367 -15.2295
v -20.8848 -19.0518 -15.7038
v -20.5961 -18.8375 -16.0432
v -20.2676 -18.4756 -16.118
v -20.0249 -18.1043 -15.8996
v -19.9606 -17.8655 -15.4714
v -20.0992 -17.8504 -14.9971
v -20.388 -18.0647 -14.6577
v -20.7164 -18.4266 -14.583
v -19.8159 -19.7615 -14.4392
v -19.8773 -20.0002 -14.8678
v -19.7503 -20.0035 -15.3456
v -19.4832 -19.7701 -15.6902
v -19.1782 -19.3892 -15.7698
v -18.9518 -19.0062 -15.5541
v -18.8904 -18.7675 -15.1255
v -19.0174 -18.7642 -14.6477
v -19.2845 -18.9976 -14.3032
v -19.5895 -19.3785 -14.2236
v -18.6224 -20.6517 -14.1193
v -18.6808 -20.8895 -14.5489
v -18.5661 -20.8807 -15.0298
v -18.3222 -20.6287 -15.3783
v -18.0422 -20.2298 -15.4613
v -17.8331 -19.8362 -15.2472
v -17.7747 -19.5985 -14.8176
v -17.8894 -19.6072 -14.3368
v -18.1333 -19.8592 -13.9882
v -18.4133 -20.2582 -13.9052
v -17.3838 -21.4658 -13.8433
v -17.4392 -21.7017 -14.2743
v -17.3379 -21.6806 -14.7578
v -17.1185 -21.4106 -15.1091
v -16.8649 -20.9947 -15.194
v -16.6739 -20.5919 -14.9801
v -16.6185 -20.356 -14.5491
v -16.7198 -20.3771 -14.0657
v -16.9392 -20.6472 -13.7144
v -17.1929 -21.063 -13.6294
v -16.1055 -22.2014 -13.6127
v -16.1581 -22.4344 -14.0455
v -16.071 -22.4008 -14.5311
v -15.8775 -22.1134 -14.8838
v -15.6515 -21.682 -14.969
v -15.4793 -21.2713 -14.7541
v -15.4267 -21.0383 -14.3212
v -15.5138 -21.0719 -13.8357
v -15.7073 -21.3593 -13.483
v -15.9333 -21.7908 -13.3978
v -14.7927 -22.8564 -13.4286
v -14.8429 -23.0855 -13.8638
v -14.7712 -23.0393 -14.3509
v -14.605 -22.7353 -14.7036
v -14.4077 -22.2898 -14.7874
v -14.2547 -21.8728 -14.5701
v -14.2045 -21.6437 -14.1349
v -14.2762 -21.6899 -13.6479
v -14.4425 -21.9938 -13.2951
v -14.6398 -22.4394 -13.2114
v -13.4513 -23.4291 -13.2922
v -13.4997 -23.6533 -13.7302
v -13.4444 -23.5944 -14.218
v -13.3066 -23.2749 -14.5692
v -13.1389 -22.8168 -14.6498
v -13.0053 -22.3951 -14.4289
v -12.9569 -22.1709 -13.9909
v -13.0122 -22.2298 -13.5031
v -13.15 -22.5493 -13.1519
v -13.3177 -23.0074 -13.0713
v -12.0867 -23.9181 -13.2042
v -12.1342 -24.1365 -13.6453
v -12.0965 -24.065 -14.1331
v -11.9883 -23.7311 -14.4813
v -11.8508 -23.2623 -14.5569
v -11.7365 -22.8376 -14.331
v -11.6891 -22.6192 -13.89
v -11.7267 -22.6907 -13.4022
v -11.8349 -23.0246 -13.054
v -11.9724 -23.4934 -12.9784
v -10.7049 -24.3227 -13.1653
v -10.7523 -24.5343 -13.6097
v -10.7336 -24.4505 -14.0966
v -10.6558 -24.1035 -14.4401
v -10.5488 -23.6257 -14.5089
v -10.4534 -23.1997 -14.2769
v -10.406 -22.9882 -13.8325
v -10.4248 -23.0719 -13.3456
v -10.5025 -23.4189 -13.0021
v -10.6095 -23.8967 -12.9332
v -9.31164 -24.6423 -13.1756
v -9.36015 -24.8463 -13.6234
v -9.36143 -24.7506 -14.1085
v -9.31499 -24.3919 -14.4456
v -9.23858 -23.9072 -14.506
v -9.16137 -23.4816 -14.2665
v -9.11286 -23.2776 -13.8188
v -9.11158 -23.3732 -13.3337
v -9.15802 -23.7319 -12.9966
v -9.23444 -24.2166 -12.9362
v -7.91271 -24.8768 -13.2352
v -7.96364 -25.0725 -13.6864
v -7.98609 -24.9656 -14.1686
v -7.97149 -24.5968 -14.4977
v -7.92542 -24.1071 -14.5479
v -7.86547 -23.6835 -14.3001
v -7.81455 -23.4878 -13.8489
v -7.7921 -23.5947 -13.3667
v -7.80669 -23.9634 -13.0376
v -7.85277 -24.4531 -12.9874
v -6.51395 -25.0265 -13.3439
v -6.56869 -25.2135 -13.7983
v -6.61336 -25.096 -14.2765
v -6.63091 -24.719 -14.5958
v -6.61463 -24.2263 -14.6343
v -6.57074 -23.8062 -14.3772
v -6.516 -23.6192 -13.9228
v -6.47133 -23.7367 -13.4446
v -6.45378 -24.1138 -13.1253
v -6.47006 -24.6064 -13.0868
v -5.1211 -25.0922 -13.501
v -5.1811 -25.2702 -13.9584
v -5.24892 -25.1432 -14.4314
v -5.29866 -24.7596 -14.7394
v -5.31131 -24.266 -14.7647
v -5.28206 -23.8509 -14.4977
v -5.22206 -23.6728 -14.0403
v -5.15424 -23.7999 -13.5673
v -5.1045 -24.1834 -13.2594
v -5.09185 -24.6771 -13.234
v -3.7398 -25.075 -13.7059
v -3.80652 -25.244 -14.1657
v -3.89824 -25.1085 -14.6323
v -3.97995 -24.7203 -14.9274
v -4.02042 -24.2277 -14.9383
v -4.0042 -23.8187 -14.6609
v -3.93749 -23.6497 -14.201
v -3.84576 -23.7852 -13.7345
v -3.76406 -24.1734 -13.4394
v -3.72359 -24.6661 -13.4284
v -2.37554 -24.9765 -13.9574
v -2.45038 -25.1366 -14.4191
v -2.56658 -24.994 -14.878
v -2.67975 -24.6031 -15.1588
v -2.74667 -24.1133 -15.1543
v -2.74178 -23.7115 -14.8661
v -2.66694 -23.5514 -14.4043
v -2.55074 -23.694 -13.9454
v -2.43756 -24.0849 -13.6646
v -2.37064 -24.5748 -13.6692
v -1.03361 -24.7987 -14.2541
v -1.1179 -24.9503 -14.7171
v -1.25892 -24.802 -15.1671
v -1.40281 -24.4103 -15.4324
v -1.49461 -23.9249 -15.4115
v -1.49925 -23.5312 -15.1124
v -1.41496 -23.3796 -14.6494
v -1.27394 -23.5279 -14.1994
v -1.13005 -23.9196 -13.9341
v -1.03825 -24.405 -13.955
v 0.280918 -24.5439 -14.5945
v 0.185999 -24.6876 -15.0579
v 0.0200348 -24.5351 -15.498
v -0.153582 -24.1445 -15.7466
v -0.268536 -23.6651 -15.7087
v -0.280918 -23.28 -15.3989
v -0.185999 -23.1363 -14.9354
v -0.0200348 -23.2888 -14.4954
v 0.153582 -23.6794 -14.2468
v 0.268536 -24.1588 -14.2847
v 1.56325 -24.2148 -14.9768
v 1.45668 -24.3514 -15.4399
v 1.26589 -24.1962 -15.8688
v 1.06375 -23.8086 -16.0997
v 0.927465 -23.3365 -16.0445
v 0.909099 -22.9604 -15.7241
v 1.01566 -22.8238 -15.2611
v 1.20645 -22.9789 -14.8321
v 1.4086 -23.3666 -14.6012
v 1.54488 -23.8386 -14.6564
v 2.80887 -23.8144 -15.3989
v 2.68984 -23.9448 -15.8608
v 2.47456 -23.7886 -16.2776
v 2.24527 -23.4056 -16.4902
v 2.08954 -22.9421 -16.4173
v 2.06686 -22.575 -16.0868
v 2.18589 -22.4446 -15.625
v 2.40117 -22.6008 -15.2082
v 2.63046 -22.9838 -14.9956
v 2.78619 -23.4474 -15.0685
v 4.0136 -23.3462 -15.8587
v 3.88149 -23.4713 -16.3185
v 3.64228 -23.3157 -16.7223
v 3.38734 -22.9389 -16.9159
v 3.21405 -22.4848 -16.8253
v 3.18861 -22.1268 -16.4853
v 3.32072 -22.0017 -16.0255
v 3.55993 -22.1572 -15.6218
v 3.81487 -22.534 -15.4282
v 3.98816 -22.9882 -15.5187
v 5.1736 -22.8136 -16.3539
v 5.028 -22.9345 -16.8106
v 4.76559 -22.7812 -17.2006
v 4.48662 -22.412 -17.3748
v 4.29764 -21.9681 -17.2668
v 4.27082 -21.619 -16.9177
v 4.41643 -21.498 -16.4609
v 4.67883 -21.6514 -16.071
v 4.9578 -22.0205 -15.8967
v 5.14679 -22.4644 -16.0048
v 6.28536 -22.2204 -16.8817
v 6.12607 -22.3384 -17.3347
v 5.84138 -22.1887 -17.7102
v 5.54004 -21.8285 -17.8648
v 5.33714 -21.3954 -17.7395
v 5.3102 -21.0548 -17.3821
v 5.46949 -20.9368 -16.9291
v 5.75418 -21.0865 -16.5536
v 6.05552 -21.4467 -16.399
v 6.25842 -21.8798 -16.5243
v 7.34575 -21.5708 -17.4397
v 7.17275 -21.6869 -17.8881
v 6.86681 -21.5423 -18.2486
v 6.5448 -21.1921 -18.3835
v 6.3297 -20.7703 -18.2413
v 6.30368 -20.4378 -17.8762
v 6.47668 -20.3217 -17.4278
v 6.78261 -20.4664 -17.0674
v 7.10463 -20.8165 -16.9325
v 7.31973 -21.2383 -17.0747
v 8.35198 -20.8688 -18.0251
v 8.16544 -20.9841 -18.4682
v 7.8394 -20.8459 -18.8133
v 7.49839 -20.5069 -18.9284
v 7.27268 -20.0966 -18.7697
v 7.24847 -19.7718 -18.3978
v 7.43501 -19.6564 -17.9547
v 7.76105 -19.7947 -17.6096
v 8.10205 -20.1337 -17.4945
v 8.32777 -20.5439 -17.6532
v 9.30163 -20.1187 -18.635
v 9.10185 -20.2344 -19.0722
v 8.75693 -20.1038 -19.4015
v 8.39861 -19.7768 -19.4971
v 8.16375 -19.3783 -19.3224
v 8.14207 -19.0605 -18.9443
v 8.34185 -18.9448 -18.507
v 8.68677 -19.0754 -18.1777
v 9.04509 -19.4024 -18.0822
v 9.27995 -19.8009 -18.2568
v 10.1926 -19.3249 -19.2664
v 9.98007 -19.4419 -19.6972
v 9.61753 -19.32 -20.0105
v 9.2435 -19.0058 -20.0867
v 9.00086 -18.6192 -19.8966
v 8.98227 -18.3079 -19.5129
v 9.19484 -18.1909 -19.0821
v 9.55738 -18.3128 -18.7688
v 9.93141 -18.6271 -18.6926
v 10.1741 -19.0137 -18.8827
v 11.0233 -18.4919 -19.9164
v 10.7985 -18.6112 -20.3403
v 10.4196 -18.499 -20.6375
v 10.0314 -18.1981 -20.6945
v 9.78223 -17.8235 -20.4896
v 9.76716 -17.5182 -20.1009
v 9.99199 -17.3989 -19.6771
v 10.3708 -17.5111 -19.3798
v 10.759 -17.812 -19.3228
v 11.0082 -18.1866 -19.5278
v 11.7922 -17.6241 -20.5818
v 11.5558 -17.7466 -20.9984
v 11.1619 -17.645 -21.2795
v 10.7611 -17.358 -21.3177
v 10.5064 -16.9953 -21.0984
v 10.4952 -16.6955 -20.7054
v 10.7316 -16.573 -20.2888
v 11.1255 -16.6746 -20.0078
v 11.5263 -16.9616 -19.9696
v 11.781 -17.3243 -20.1888
v 12.4984 -16.726 -21.2595
v 12.251 -16.8524 -21.6685
v 11.8435 -16.7621 -21.9334
v 11.4314 -16.4896 -21.9531
v 11.1723 -16.1389 -21.7201
v 11.165 -15.844 -21.3233
v 11.4124 -15.7175 -20.9143
v 11.82 -15.8078 -20.6494
v 12.2321 -16.0804 -20.6297
v 12.4912 -16.4311 -20.8627
v 13.1412 -15.802 -21.9463
v 12.8836 -15.9331 -22.3474
v 12.4636 -15.8549 -22.5963
v 12.0416 -15.5971 -22.5979
v 11.7789 -15.2584 -22.3516
v 11.7758 -14.9679 -21.9514
v 12.0334 -14.8368 -21.5503
v 12.4534 -14.9151 -21.3014
v 12.8754 -15.1728 -21.2999
v 13.1381 -15.5116 -21.5462
v 13.7201 -14.8566 -22.639
v 13.453 -14.993 -23.0321
v 13.0219 -14.9274 -23.265
v 12.5914 -14.6848 -23.2488
v 12.3259 -14.3579 -22.9897
v 12.3269 -14.0716 -22.5866
v 12.594 -13.9352 -22.1936
v 13.0252 -14.0008 -21.9606
v 13.4557 -14.2434 -21.9768
v 13.7212 -14.5703 -22.2359
v 14.2352 -13.894 -23.3344
v 13.9594 -14.0363 -23.7193
v 13.5183 -13.9839 -23.9364
v 13.0804 -13.7568 -23.9028
v 12.8129 -13.4418 -23.6313
v 12.8181 -13.1592 -23.2257
v 13.0939 -13.017 -22.8407
v 13.535 -13.0694 -22.6236
v 13.9729 -13.2965 -22.6572
v 14.2403 -13.6115 -22.9287
v 14.6866 -12.9186 -24.0292
v 14.4029 -13.0672 -24.4059
v 13.9531 -13.0284 -24.6074
v 13.5089 -12.8171 -24.5567
v 13.2401 -12.5141 -24.2733
v 13.2493 -12.235 -23.8653
v 13.533 -12.0865 -23.4885
v 13.9829 -12.1252 -23.287
v 14.427 -12.3365 -23.3377
v 14.6958 -12.6395 -23.6212
v 15.0749 -11.9345 -24.7203
v 14.784 -12.0897 -25.0887
v 14.3266 -12.065 -25.2748
v 13.8773 -11.8699 -25.2074
v 13.6078 -11.5788 -24.9122
v 13.621 -11.303 -24.5021
v 13.9119 -11.1478 -24.1336
v 14.3693 -11.1724 -23.9476
v 14.8186 -11.3676 -24.015
v 15.0881 -11.6587 -24.3101
v 15.4007 -10.9456 -25.4043
v 15.1035 -11.1078 -25.7646
v 14.6396 -11.0976 -25.9354
v 14.1863 -10.9189 -25.8516
v 13.9167 -10.6399 -25.545
v 13.9338 -10.3672 -25.133
v 14.2311 -10.205 -24.7727
v 14.6949 -10.2152 -24.6019
v 15.1483 -10.3939 -24.6857
v 15.4178 -10.6729 -24.9923
v 15.6653 -9.95576 -26.0783
v 15.3624 -10.1252 -26.4304
v 14.8932 -10.1299 -26.5862
v 14.4369 -9.96792 -26.4862
v 14.1678 -9.70121 -26.1685
v 14.1887 -9.43164 -25.7545
v 14.4916 -9.26216 -25.4024
v 14.9608 -9.25752 -25.2467
v 15.4171 -9.41948 -25.3467
v 15.6862 -9.68619 -25.6644
v 15.8698 -8.9687 -26.7391
v 15.5619 -9.14563 -27.0831
v 15.0885 -9.16545 -27.2241
v 14.6302 -9.0206 -27.1081
v 14.3622 -8.7664 -26.7794
v 14.3868 -8.49995 -26.3637
v 14.6946 -8.32302 -26.0196
v 15.1681 -8.30319 -25.8787
v 15.6264 -8.44805 -25.9947
v 15.8944 -8.70225 -26.3233
v 16.0157 -7.98788 -27.3835
v 15.7036 -8.1724 -27.7197
v 15.2269 -8.20773 -27.846
v 14.7677 -8.08038 -27.7143
v 14.5013 -7.83899 -27.3748
v 14.5296 -7.57576 -26.9572
v 14.8418 -7.39123 -26.621
v 15.3185 -7.3559 -26.4947
v 15.7777 -7.48325 -26.6265
v 16.044 -7.72465 -26.966
v 16.1047 -7.01656 -28.0088
v 15.789 -7.20877 -28.3372
v 15.3101 -7.25994 -28.4491
v 14.851 -7.15053 -28.3017
v 14.587 -6.92233 -27.9515
v 14.619 -6.6625 -27.532
v 14.9347 -6.47029 -27.2037
v 15.4136 -6.41912 -27.0918
v 15.8727 -6.52853 -27.2391
v 16.1367 -6.75674 -27.5894
v 16.1386 -6.05782 -28.6119
v 15.8199 -6.25776 -28.9327
v 15.3399 -6.32509 -29.0304
v 14.882 -6.23411 -28.8676
v 14.621 -6.01957 -28.5066
v 14.6567 -5.76341 -28.0852
v 14.9755 -5.56347 -27.7644
v 15.4554 -5.49614 -27.6668
v 15.9134 -5.58712 -27.8295
v 16.1743 -5.80166 -28.1905
v 16.1194 -5.11449 -29.1902
v 15.7983 -5.32215 -29.5036
v 15.3183 -5.40599 -29.5872
v 14.8627 -5.334 -29.4091
v 14.6056 -5.13366 -29.0374
v 14.6451 -4.88151 -28.6139
v 14.9662 -4.67386 -28.3005
v 15.4463 -4.59001 -28.2169
v 15.9019 -4.66201 -28.395
v 16.159 -4.86234 -28.7667
v 16.0493 -4.18918 -29.7409
v 15.7263 -4.40451 -30.0471
v 15.2473 -4.50522 -30.1169
v 14.7952 -4.45282 -29.9236
v 14.5428 -4.26735 -29.5411
v 14.5864 -4.01963 -29.1154
v 14.9094 -3.8043 -28.8092
v 15.3884 -3.7036 -28.7394
v 15.8405 -3.75599 -28.9327
v 16.0929 -3.94147 -29.3152
v 15.9304 -3.28426 -30.2615
v 15.606 -3.50718 -30.5607
v 15.1292 -3.62511 -30.6169
v 14.682 -3.593 -30.4085
v 14.4352 -3.42312 -30.0151
v 14.4832 -3.18035 -29.5871
v 14.8076 -2.95743 -29.2878
v 15.2844 -2.8395 -29.2317
v 15.7316 -2.8716 -29.4401
v 15.9784 -3.04149 -29.8334
v 15.765 -2.40185 -30.7495
v 15.4397 -2.63225 -31.042
v 14.9662 -2.7678 -31.0847
v 14.5252 -2.75673 -30.8613
v 14.2853 -2.60326 -30.4571
v 14.3381 -2.36602 -30.0265
v 14.6635 -2.13563 -29.7341
v 15.137 -2.00008 -29.6914
v 15.578 -2.01115 -29.9148
v 15.8178 -2.16461 -30.319
v 15.5555 -1.54387 -31.2027
v 15.2297 -1.78158 -31.4887
v 14.7606 -1.93516 -31.5181
v 14.3276 -1.94593 -31.2798
v 14.0959 -1.80979 -30.8648
v 14.1541 -1.57874 -30.4316
v 14.4799 -1.34102 -30.1456
v 14.949 -1.18745 -30.1162
v 15.3821 -1.17668 -30.3545
v 15.6137 -1.31282 -30.7695
v 15.3043 -0.711989 -31.619
v 14.9782 -0.956837 -31.8986
v 14.515 -1.12885 -31.915
v 14.0915 -1.16233 -31.662
v 13.8695 -1.04448 -31.2362
v 13.9339 -0.82032 -30.8002
v 14.26 -0.575472 -30.5206
v 14.7232 -0.403458 -30.5042
v 15.1467 -0.369982 -30.7572
v 15.3687 -0.487831 -31.183
v 15.0137 0.0923249 -31.9961
v 14.6876 -0.159456 -32.2695
v 14.2315 -0.350331 -32.2732
v 13.8196 -0.40739 -32.0058
v 13.6092 -0.308841 -31.5693
v 13.6807 -0.0923249 -31.1306
v 14.0067 0.159456 -30.8572
v 14.4628 0.350331 -30.8535
v 14.8747 0.40739 -31.121
v 15.0851 0.308841 -31.5574
v 14.686 0.867796 -32.3323
v 14.3602 0.609294 -32.5997
v 13.9128 0.399149 -32.5909
v 13.5146 0.31763 -32.3094
v 13.3177 0.395874 -31.8626
v 13.3974 0.603995 -31.4213
v 13.7232 0.862498 -31.1539
v 14.1707 1.07264 -31.1627
v 14.5689 1.15416 -31.4442
v 14.7657 1.07592 -31.8909
v 14.3238 1.61331 -32.6257
v 13.9983 1.3483 -32.8871
v 13.561 1.1185 -32.8663
v 13.1789 1.0117 -32.5712
v 12.998 1.06869 -32.1147
v 13.0872 1.2677 -31.6709
v 13.4127 1.53272 -31.4096
v 13.85 1.76251 -31.4304
v 14.2321 1.86931 -31.7254
v 14.413 1.81232 -32.182
v 13.9292 2.3279 -32.8747
v 13.6043 2.05656 -33.1301
v 13.1788 1.80679 -33.0977
v 12.8154 1.67399 -32.7898
v 12.6528 1.7089 -32.3242
v 12.7532 1.89818 -31.8786
v 13.0782 2.16953 -31.6233
v 13.5037 2.4193 -31.6557
v 13.8671 2.55209 -31.9635
v 14.0296 2.51718 -32.4291
v 13.5049 3.0107 -33.0778
v 13.1803 2.73316 -33.327
v 12.7684 2.46318 -33.2835
v 12.4265 2.30387 -32.9639
v 12.285 2.31609 -32.4903
v 12.3982 2.49517 -32.0436
v 12.7227 2.77271 -31.7944
v 13.1347 3.0427 -31.8378
v 13.4766 3.202 -32.1574
v 13.618 3.18978 -32.631
v 13.0531 3.66092 -33.2335
v 12.729 3.37725 -33.4764
v 12.3325 3.08694 -33.4226
v 12.0148 2.90086 -33.0925
v 11.8974 2.8901 -32.6123
v 12.0251 3.05877 -32.1655
v 12.3492 3.34243 -31.9226
v 12.7457 3.63275 -31.9764
v 13.0634 3.81882 -32.3065
v 13.1808 3.82958 -32.7866
v 12.5764 4.27784 -33.3408
v 12.2529 3.98802 -33.577
v 11.8734 3.67742 -33.5136
v 11.583 3.46469 -33.1747
v 11.4925 3.43107 -32.6898
v 11.6365 3.5894 -32.2441
v 11.96 3.87922 -32.0078
v 12.3394 4.18982 -32.0712
v 12.6299 4.40256 -32.4101
v 12.7204 4.43618 -32.895
v 12.0774 4.86081 -33.3985
v 11.7546 4.5647 -33.6277
v 11.3941 4.23408 -33.5557
v 11.1336 3.99522 -33.2099
v 11.0727 3.93937 -32.7224
v 11.2346 4.08785 -32.2794
v 11.5575 4.38396 -32.0502
v 11.918 4.71459 -32.1223
v 12.1784 4.95344 -32.4681
v 12.2393 5.0093 -32.9556
v 11.559 5.40928 -33.4061
v 11.237 5.10664 -33.6279
v 10.8972 4.75647 -33.5483
v 10.6692 4.49253 -33.1978
v 10.6403 4.41563 -32.7103
v 10.8214 4.55514 -32.2719
v 11.1434 4.85779 -32.0501
v 11.4833 5.20795 -32.1296
v 11.7112 5.4719 -32.4801
v 11.7402 5.54879 -32.9677
v 11.0242 5.92282 -33.3631
v 10.7034 5.61331 -33.5771
v 10.3856 5.24435 -33.4913
v 10.1923 4.95687 -33.1386
v 10.1971 4.86067 -32.6536
v 10.3984 4.99251 -32.2217
v 10.7192 5.30202 -32.0077
v 11.0369 5.67098 -32.0935
v 11.2303 5.95846 -32.4462
v 11.2254 6.05466 -32.9312
v 10.4759 6.40124 -33.2698
v 10.1568 6.08448 -33.4756
v 9.86244 5.69773 -33.3849
v 9.70511 5.38872 -33.0325
v 9.74493 5.27548 -32.5528
v 9.9667 5.40127 -32.1292
v 10.2857 5.71803 -31.9234
v 10.5801 6.10478 -32.0141
v 10.7374 6.41379 -32.3665
v 10.6976 6.52703 -32.8461
v 9.91724 6.84461 -33.1264
v 9.60066 6.52022 -33.3239
v 9.33051 6.11694 -33.2299
v 9.20998 5.78881 -32.8803
v 9.2851 5.66116 -32.4085
v 9.52718 5.78275 -31.9949
v 9.84376 6.10714 -31.7974
v 10.1139 6.51042 -31.8915
v 10.2344 6.83855 -32.2411
v 10.1593 6.9662 -32.7128
v 9.35135 7.25332 -32.9341
v 9.03798 6.92099 -33.1234
v 8.79257 6.50263 -33.0274
v 8.70887 6.15804 -32.6829
v 8.81883 6.01883 -32.2214
v 9.08047 6.13818 -31.8192
v 9.39383 6.4705 -31.6299
v 9.63924 6.88886 -31.7259
v 9.72295 7.23346 -32.0704
v 9.61298 7.37267 -32.5319
v 8.78102 7.62811 -32.6942
v 8.47168 7.28766 -32.8755
v 8.25109 6.85581 -32.779
v 8.20351 6.49752 -32.4416
v 8.34711 6.34964 -31.9922
v 8.62704 6.46866 -31.6024
v 8.93638 6.80911 -31.4212
v 9.15697 7.24096 -31.5176
v 9.20455 7.59925 -31.855
v 9.06095 7.74713 -32.3044
v 8.2088 7.97006 -32.4084
v 7.90427 7.62144 -32.5821
v 7.70816 7.17777 -32.4865
v 7.69537 6.80851 -32.1579
v 7.87077 6.65471 -31.722
v 8.16739 6.77512 -31.3452
v 8.47191 7.12374 -31.1714
v 8.66802 7.56741 -31.2671
v 8.68082 7.93667 -31.5957
v 8.50541 8.09047 -32.0316
v 7.63686 8.28051 -32.0787
v 7.33785 7.92384 -32.2455
v 7.1655 7.47 -32.1518
v 7.18563 7.09233 -31.8333
v 7.39056 6.9351 -31.4118
v 7.70201 7.05836 -31.0481
v 8.00101 7.41502 -30.8812
v 8.17337 7.86887 -30.9749
v 8.15323 8.24653 -31.2934
v 7.9483 8.40377 -31.715
v 7.06696 8.56098 -31.7072
v 6.77404 8.19654 -31.8679
v 6.62442 7.73411 -31.7772
v 6.67527 7.35034 -31.4696
v 6.90715 7.1918 -31.0627
v 7.2315 7.31907 -30.7119
v 7.52443 7.68351 -30.5512
v 7.67404 8.14594 -30.642
v 7.6232 8.52971 -30.9495
v 7.39131 8.68825 -31.3564
v 6.50048 8.81314 -31.2964
v 6.21405 8.4413 -31.4518
v 6.08592 7.97176 -31.3648
v 6.16504 7.58387 -31.0686
v 6.42118 7.42578 -30.6764
v 6.75652 7.55789 -30.3379
v 7.04295 7.92973 -30.1825
v 7.17108 8.39927 -30.2695
v 7.09196 8.78716 -30.5657
v 6.83582 8.94525 -30.958
v 5.93841 9.03868 -30.8488
v 5.65872 8.65993 -30.9997
v 5.55067 8.18459 -30.917
v 5.65554 7.79423 -30.6323
v 5.93326 7.63795 -30.2542
v 6.27776 7.77544 -29.9273
v 6.55745 8.15419 -29.7764
v 6.6655 8.62953 -29.8591
v 6.56063 9.01989 -30.1438
v 6.28291 9.17617 -30.5218
v 5.3814 9.23927 -30.3667
v 5.10858 8.85414 -30.514
v 5.01913 8.37416 -30.4361
v 5.14724 7.98266 -30.1626
v 5.44396 7.82918 -29.7981
v 5.79595 7.97235 -29.4818
v 6.06878 8.35747 -29.3345
v 6.15822 8.83745 -29.4125
v 6.03011 9.22895 -29.6859
v 5.7334 9.38243 -30.0504
v 4.82985 9.41652 -29.8529
v 4.5639 9.02558 -29.9975
v 4.49156 8.54194 -29.9246
v 4.64047 8.15033 -29.662
v 4.95376 8.00034 -29.3101
v 5.31175 8.14926 -29.0033
v 5.57771 8.5402 -28.8588
v 5.65004 9.02384 -28.9317
v 5.50113 9.41544 -29.1943
v 5.18784 9.56543 -29.5461
v 4.28393 9.57194 -29.3101
v 4.02475 9.17575 -29.4526
v 3.96806 8.68928 -29.3849
v 4.13549 8.29834 -29.1327
v 4.46311 8.15226 -28.7924
v 4.82576 8.30684 -28.494
v 5.08494 8.70303 -28.3515
v 5.14163 9.1895 -28.4192
v 4.9742 9.58044 -28.6714
v 4.64658 9.72652 -29.0117
v 3.7436 9.70693 -28.7409
v 3.49106 9.30605 -28.8822
v 3.44861 8.81743 -28.8197
v 3.63244 8.4277 -28.5773
v 3.97235 8.28574 -28.2475
v 4.3385 8.44577 -27.9563
v 4.59104 8.84665 -27.815
v 4.63349 9.33527 -27.8774
v 4.44966 9.72499 -28.1199
v 4.10975 9.86696 -28.4497
v 3.20869 9.82276 -28.1481
v 2.96262 9.4177 -28.289
v 2.93309 8.92749 -28.2318
v 3.13138 8.53935 -27.9983
v 3.48175 8.40154 -27.6779
v 3.85037 8.56671 -27.3927
v 4.09644 8.97176 -27.2519
v 4.12596 9.46198 -27.3091
v 3.92767 9.85012 -27.5425
v 3.5773 9.98792 -27.863
v 2.67889 9.92053 -27.5347
v 2.43911 9.51181 -27.6758
v 2.42131 9.02044 -27.6238
v 2.63229 8.63411 -27.3987
v 2.99146 8.50037 -27.0863
v 3.36164 8.67032 -26.8061
v 3.60142 9.07904 -26.665
v 3.61923 9.57041 -26.7169
v 3.40825 9.95675 -26.942
v 3.04907 10.0905 -27.2544
v 2.15382 10.0012 -26.9035
v 1.92015 9.58932 -27.0455
v 1.91299 9.09716 -26.9989
v 2.13507 8.71273 -26.7812
v 2.50157 8.58288 -26.4758
v 2.87249 8.75721 -26.1993
v 3.10616 9.16913 -26.0572
v 3.11332 9.66129 -26.1039
v 2.89124 10.0457 -26.3215
v 2.52475 10.1756 -26.6269
v 1.633 10.0657 -26.2575
v 1.4053 9.65103 -26.4013
v 1.40781 9.15835 -26.3598
v 1.63956 8.77586 -26.149
v 2.01204 8.64964 -25.8493
v 2.38296 8.82792 -25.5753
v 2.61066 9.2426 -25.4316
v 2.60815 9.73527 -25.4731
v 2.3764 10.1178 -25.6839
v 2.00393 10.244 -25.9835
v 1.11588 10.1146 -25.5999
v 0.894071 9.69759 -25.746
v 0.905405 9.20463 -25.7098
v 1.14556 8.82401 -25.5051
v 1.5228 8.70113 -25.21
v 1.89303 8.88292 -24.9374
v 2.11484 9.29995 -24.7913
v 2.10351 9.79292 -24.8275
v 1.86336 10.1735 -25.0322
v 1.48612 10.2964 -25.3273
v 0.601894 10.1485 -24.9337
v 0.385931 9.72951 -25.0829
v 0.405373 9.23644 -25.052
v 0.652793 8.85762 -24.8526
v 1.03368 8.73774 -24.5611
v 1.40256 8.9226 -24.2886
v 1.61852 9.34159 -24.1394
v 1.59908 9.83466 -24.1704
v 1.35166 10.2135 -24.3697
v 0.970769 10.3334 -24.6613
v 0.0904124 10.1677 -24.262
v -0.119655 9.74715 -24.4152
v -0.0926959 9.25413 -24.3895
v 0.160991 8.87697 -24.195
v 0.544507 8.75975 -23.9058
v 0.911361 8.94724 -23.6324
v 1.12143 9.36782 -23.4793
v 1.09447 9.86085 -23.5049
v 0.840782 10.238 -23.6995
v 0.457267 10.3552 -23.9887
v -0.419189 10.1725 -23.5881
v -0.623229 9.75073 -23.7459
v -0.589216 9.25788 -23.7257
v -0.330143 8.88226 -23.5353
v 0.0550337 8.76734 -23.2474
v 0.419189 8.95701 -22.972
v 0.623229 9.37883 -22.8142
v 0.589216 9.87167 -22.8343
v 0.330143 10.2473 -23.0247
v -0.0550337 10.3622 -23.3126
v -0.927544 10.163 -22.915
v -1.12532 9.74032 -23.0783
v -1.08459 9.24778 -23.0638
v -0.820899 8.87355 -22.877
v -0.434976 8.76055 -22.5894
v -0.0742292 8.95196 -22.3107
v 0.123549 9.37466 -22.1474
v 0.0828141 9.86719 -22.1618
v -0.180875 10.2414 -22.3486
v -0.566797 10.3544 -22.6363
v -1.43527 10.1391 -22.2459
v -1.62644 9.71586 -22.4156
v -1.57918 9.22377 -22.407
v -1.31154 8.85077 -22.2235
v -0.925758 8.73934 -21.935
v -0.569181 8.93203 -21.6518
v -0.378013 9.35524 -21.4821
v -0.425274 9.84733 -21.4907
v -0.692911 10.2203 -21.6743
v -1.0787 10.3318 -21.9627
v -1.94297 10.1005 -21.584
v -2.12705 9.67716 -21.761
v -2.07332 9.18567 -21.7587
v -1.8023 8.81377 -21.5779
v -1.41752 8.70352 -21.2876
v -1.06595 8.89703 -20.9988
v -0.881867 9.32038 -20.8218
v -0.935596 9.81187 -20.8241
v -1.20661 10.1838 -21.0049
v -1.59139 10.294 -21.2952
v -2.45119 10.047 -20.9323
v -2.62755 9.6239 -21.1177
v -2.56727 9.13318 -21.122
v -2.29335 8.76226 -20.9435
v -1.91044 8.65281 -20.6505
v -1.56478 8.84665 -20.3549
v -1.38841 9.26972 -20.1695
v -1.4487 9.76044 -20.1652
v -1.72261 10.1314 -20.3437
v -2.10553 10.2408 -20.6367
v -2.96042 9.97799 -20.294
v -3.1283 9.55565 -20.4887
v -3.06121 9.06593 -20.5001
v -2.78479 8.69588 -20.3237
v -2.4046 8.58684 -20.027
v -2.06589 8.78046 -19.7233
v -1.89801 9.2028 -19.5286
v -1.9651 9.69252 -19.5173
v -2.24153 10.0626 -19.6936
v -2.62171 10.1716 -19.9903
v -3.47112 9.89292 -19.672
v -3.62955 9.47187 -19.8772
v -3.55525 8.98343 -19.8961
v -3.27661 8.61415 -19.7216
v -2.90006 8.5051 -19.4203
v -2.56942 8.69793 -19.1073
v -2.41099 9.11898 -18.9022
v -2.48528 9.60743 -18.8833
v -2.76392 9.9767 -19.0578
v -3.14048 10.0858 -19.3591
v -3.98361 9.79106 -19.0693
v -4.13146 9.37193 -19.2859
v -4.04939 8.88511 -19.313
v -3.76875 8.51656 -19.1401
v -3.39673 8.40705 -18.8334
v -3.07544 8.5984 -18.51
v -2.9276 9.01754 -18.2934
v -3.00967 9.50435 -18.2663
v -3.29031 9.87291 -18.4391
v -3.66232 9.98242 -18.7458
v -4.49817 9.67156 -18.4885
v -4.6341 9.25511 -18.7178
v -4.5435 8.77037 -18.7536
v -4.26099 8.40251 -18.5824
v -3.89446 8.29204 -18.2695
v -3.58393 8.48114 -17.9344
v -3.448 8.89759 -17.7052
v -3.5386 9.38232 -17.6693
v -3.82112 9.75018 -17.8406
v -4.18764 9.86066 -18.1535
v -5.01495 9.53348 -17.9325
v -5.13743 9.12064 -18.1754
v -5.03738 8.63856 -18.2207
v -4.75302 8.27139 -18.0511
v -4.39296 8.15937 -17.7313
v -4.09474 8.3453 -17.3835
v -3.97227 8.75814 -17.1405
v -4.07232 9.24022 -17.0953
v -4.35668 9.60739 -17.2649
v -4.71673 9.7194 -17.5847
v -5.53399 9.3758 -17.4038
v -5.64129 8.96769 -17.6614
v -5.53068 8.48899 -17.7168
v -5.24441 8.12255 -17.5488
v -4.89184 8.00833 -17.2215
v -4.60762 8.18997 -16.86
v -4.50032 8.59808 -16.6024
v -4.61093 9.07678 -16.547
v -4.89719 9.44322 -16.715
v -5.24977 9.55744 -17.0423
v -6.0552 9.19743 -16.9047
v -6.14542 8.79542 -17.1781
v -6.02299 8.32099 -17.2443
v -5.73466 7.95535 -17.078
v -5.39057 7.83816 -16.7429
v -5.12215 8.01419 -16.3668
v -5.03193 8.41619 -16.0935
v -5.15437 8.89063 -16.0273
v -5.44269 9.25627 -16.1935
v -5.78678 9.37345 -16.5287
v -6.57838 8.99718 -16.4377
v -6.64949 8.60293 -16.7274
v -6.5138 8.13387 -16.8051
v -6.22315 7.76915 -16.6409
v -5.88854 7.64809 -16.2976
v -5.6378 7.81693 -15.9063
v -5.56668 8.21118 -15.6166
v -5.70237 8.68025 -15.539
v -5.99302 9.04497 -15.7031
v -6.32763 9.16603 -16.0464
v -7.10316 8.77386 -16.0047
v -7.15306 8.38934 -16.3115
v -7.0026 7.92696 -16.4011
v -6.70924 7.56334 -16.2392
v -6.38505 7.43737 -15.8878
v -6.15384 7.59717 -15.4811
v -6.10394 7.98169 -15.1743
v -6.2544 8.44407 -15.0847
v -6.54776 8.80769 -15.2465
v -6.87195 8.93366 -15.5979
v -7.62906 8.52621 -15.6077
v -7.65568 8.15373 -15.9317
v -7.48886 7.69961 -16.0337
v -7.19231 7.33733 -15.8748
v -6.8793 7.20526 -15.5156
v -6.6694 7.35384 -15.0933
v -6.64278 7.72632 -14.7692
v -6.8096 8.18044 -14.6672
v -7.10616 8.54272 -14.8261
v -7.41916 8.67479 -15.1854
v -8.15544 8.25295 -15.2483
v -8.15687 7.89515 -15.5895
v -7.97211 7.45114 -15.7043
v -7.67175 7.09051 -15.5488
v -7.37049 6.951 -15.1824
v -7.18343 7.08591 -14.7451
v -7.182 7.44371 -14.4038
v -7.36675 7.88772 -14.2891
v -7.66712 8.24836 -14.4446
v -7.96837 8.38786 -14.811
v -8.6815 7.95278 -14.928
v -8.65616 7.61264 -15.286
v -8.45203 7.18082 -15.4137
v -8.14708 6.82224 -15.2624
v -7.8578 6.67388 -14.8899
v -7.69468 6.7924 -14.4385
v -7.72002 7.13254 -14.0805
v -7.92416 7.56436 -13.9528
v -8.2291 7.92294 -14.1041
v -8.51838 8.0713 -14.4766
v -9.20633 7.6244 -14.6482
v -9.15313 7.30515 -15.0219
v -8.92839 6.88783 -15.1626
v -8.61796 6.53183 -15.0165
v -8.3404 6.37315 -14.6394
v -8.20173 6.47237 -14.1753
v -8.25493 6.79162 -13.8015
v -8.47967 7.20894 -13.6608
v -8.79011 7.56494 -13.8069
v -9.06766 7.72363 -14.1841
v -9.72882 7.26648 -14.4096
v -9.64741 6.97153 -14.798
v -9.40117 6.57125 -14.9516
v -9.08417 6.21852 -14.8118
v -8.81749 6.04807 -14.4319
v -8.70299 6.12502 -13.9571
v -8.78441 6.41996 -13.5688
v -9.03064 6.82025 -13.4151
v -9.34764 7.17298 -13.555
v -9.61432 7.34343 -13.9348
v -10.2478 6.8777 -14.2131
v -10.1386 6.61054 -14.6145
v -9.87046 6.22999 -14.781
v -9.54566 5.88141 -14.649
v -9.28829 5.69793 -14.2687
v -9.19666 5.74965 -13.7856
v -9.30578 6.01681 -13.3842
v -9.57396 6.39736 -13.2177
v -9.89877 6.74595 -13.3498
v -10.1561 6.92942 -13.73
v -10.7617 6.45672 -14.0589
v -10.6265 6.22081 -14.4719
v -10.3364 5.86285 -14.6513
v -10.0024 5.51955 -14.5287
v -9.75198 5.32206 -14.1509
v -9.6808 5.34579 -13.6622
v -9.81606 5.5817 -13.2493
v -10.1061 5.93966 -13.0698
v -10.4401 6.28296 -13.1924
v -10.6906 6.48046 -13.5702
v -11.2692 6.00214 -13.9472
v -11.1105 5.80085 -14.37
v -10.7993 5.46848 -14.5627
v -10.4545 5.13198 -14.4517
v -10.2077 4.91988 -14.0795
v -10.1533 4.91319 -13.5881
v -10.312 5.11448 -13.1653
v -10.6232 5.44685 -12.9726
v -10.9681 5.78335 -13.0835
v -11.2148 5.99545 -13.4558
v -11.7684 5.5125 -13.8776
v -11.5902 5.34905 -14.3088
v -11.2592 5.04548 -14.5156
v -10.9019 4.71774 -14.4189
v -10.6547 4.49102 -14.0556
v -10.612 4.45192 -13.5646
v -10.7903 4.61537 -13.1333
v -11.1212 4.91894 -12.9266
v -11.4786 5.24668 -13.0233
v -11.7258 5.4734 -13.3865
v -12.2573 4.98623 -13.8493
v -12.0648 4.86365 -14.288
v -11.7162 4.59237 -14.51
v -11.3446 4.276 -14.4308
v -11.0919 4.03539 -14.0804
v -11.0548 3.96244 -13.5928
v -11.2473 4.08502 -13.1542
v -11.5959 4.3563 -12.9321
v -11.9675 4.67267 -13.0114
v -12.2201 4.91328 -13.3617
v -12.7334 4.42158 -13.8615
v -12.5332 4.34272 -14.3066
v -12.17 4.10759 -14.5459
v -11.7825 3.80602 -14.4879
v -11.5188 3.55318 -14.1548
v -11.4795 3.44566 -13.6738
v -11.6797 3.52453 -13.2287
v -12.0429 3.75965 -12.9894
v -12.4304 4.06123 -13.0474
v -12.6941 4.31406 -13.3805
v -13.1938 3.81665 -13.9126
v -12.994 3.78405 -14.3637
v -12.6204 3.5894 -14.6226
v -12.2158 3.30708 -14.5904
v -11.9347 3.04491 -14.2795
v -11.8844 2.90303 -13.8085
v -12.0842 2.93564 -13.3574
v -12.4578 3.13028 -13.0985
v -12.8624 3.41261 -13.1307
v -13.1435 3.67478 -13.4416
v -13.6346 3.16943 -14.0013
v -13.4448 3.18508 -14.4576
v -13.0666 3.03567 -14.7388
v -12.6445 2.77826 -14.7376
v -12.3396 2.51118 -14.4545
v -12.2685 2.33644 -13.9974
v -12.4583 2.32079 -13.5412
v -12.8365 2.4702 -13.2599
v -13.2586 2.72761 -13.2611
v -13.5635 2.99469 -13.5443
v -14.0508 2.47805 -14.1264
v -13.8821 2.54294 -14.5866
v -13.5069 2.44362 -14.8928
v -13.0683 2.21803 -14.928
v -12.734 1.95234 -14.6788
v -12.6316 1.74803 -14.2404
v -12.8003 1.68314 -13.7802
v -13.1756 1.78246 -13.474
v -13.6141 2.00805 -13.4387
v -13.9484 2.27374 -13.6879
v -14.4363 1.74141 -14.2877
v -14.3008 1.85472 -14.7494
v -13.9379 1.80981 -15.0822
v -13.4862 1.62384 -15.1589
v -13.1183 1.36784 -14.9502
v -12.9747 1.1396 -14.5358
v -13.1102 1.0263 -14.074
v -13.4731 1.07121 -13.7412
v -13.9248 1.25718 -13.6645
v -14.2927 1.51317 -13.8732
v -14.784 0.960085 -14.4863
v -14.6935 1.11828 -14.9459
v -14.3541 1.13042 -15.3052
v -13.8953 0.991861 -15.4269
v -13.4925 0.755534 -15.2646
v -13.2995 0.511706 -14.8802
v -13.39 0.353511 -14.4206
v -13.7294 0.341373 -14.0613
v -14.1881 0.47993 -13.9396
v -14.591 0.716257 -14.1019
v -15.0871 0.137259 -14.7252
v -15.0515 0.333522 -15.1776
v -14.7468 0.402392 -15.5609
v -14.2895 0.317561 -15.7287
v -13.8543 0.111433 -15.6169
v -13.6073 -0.137259 -15.2682
v -13.6429 -0.333522 -14.8158
v -13.9475 -0.402392 -14.4325
v -14.4048 -0.317561 -14.2647
v -14.8401 -0.111433 -14.3765
v -15.3408 -0.721105 -15.0082
v -15.366 -0.496601 -15.448
v -15.1059 -0.375057 -15.8506
v -14.6598 -0.402899 -16.0621
v -14.1982 -0.569493 -16.0018
v -13.8974 -0.811204 -15.6927
v -13.8722 -1.03571 -15.2529
v -14.1323 -1.15725 -14.8504
v -14.5784 -1.12941 -14.6389
v -15.04 -0.962817 -14.6992
v -15.5436 -1.60743 -15.3386
v -15.6304 -1.36614 -15.7613
v -15.421 -1.1994 -16.177
v -14.9953 -1.17089 -16.4269
v -14.5159 -1.29151 -16.4155
v -14.166 -1.51518 -16.1471
v -14.0792 -1.75647 -15.7244
v -14.2886 -1.92321 -15.3087
v -14.7143 -1.95171 -15.0589
v -15.1937 -1.8311 -15.0703
v -15.6967 -2.51452 -15.7172
v -15.8414 -2.26764 -16.1204
v -15.6845 -2.06518 -16.5433
v -15.2858 -1.98447 -16.8244
v -14.7976 -2.05635 -16.8563
v -14.4065 -2.25336 -16.6268
v -14.2618 -2.50024 -16.2236
v -14.4187 -2.7027 -15.8007
v -14.8174 -2.7834 -15.5196
v -15.3055 -2.71152 -15.4878
v -15.8024 -3.43707 -16.1425
v -15.9983 -3.19401 -16.5259
v -15.8918 -2.96557 -16.9513
v -15.5237 -2.83901 -17.2561
v -15.0346 -2.86268 -17.324
v -14.6112 -3.02754 -17.129
v -14.4153 -3.2706 -16.7456
v -14.5217 -3.49904 -16.3202
v -14.8899 -3.62559 -16.0154
v -15.379 -3.60192 -15.9475
v -15.8627 -4.37193 -16.6108
v -16.1017 -4.13968 -16.976
v -16.0413 -3.89396 -17.4008
v -15.7046 -3.72862 -17.7229
v -15.2201 -3.70682 -17.8192
v -14.773 -3.83689 -17.653
v -14.534 -4.06913 -17.2878
v -14.5944 -4.31486 -16.863
v -14.9311 -4.48019 -16.541
v -15.4156 -4.50199 -16.4446
v -15.8782 -5.3174 -17.1175
v -16.1524 -5.10068 -17.4673
v -16.1324 -4.84474 -17.8898
v -15.826 -4.64735 -18.2238
v -15.35 -4.58389 -18.3417
v -14.8864 -4.67861 -18.1984
v -14.6122 -4.89533 -17.8487
v -14.6321 -5.15126 -17.4262
v -14.9386 -5.34866 -17.0922
v -15.4145 -5.41212 -16.9743
v -15.8481 -6.27241 -17.6581
v -16.1504 -6.07414 -17.9954
v -16.1652 -5.8134 -18.4152
v -15.8868 -5.5898 -18.7572
v -15.4216 -5.48873 -18.8908
v -14.9472 -5.54881 -18.7648
v -14.645 -5.74709 -18.4275
v -14.6302 -6.00783 -18.0077
v -14.9086 -6.23143 -17.6657
v -15.3738 -6.3325 -17.5322
v -15.771 -7.23592 -18.2279
v -16.0952 -7.05772 -18.556
v -16.1393 -6.79618 -18.9732
v -15.8864 -6.5512 -19.3204
v -15.4332 -6.41635 -19.4648
v -14.9527 -6.44314 -19.3513
v -14.6285 -6.62134 -19.0233
v -14.5844 -6.88288 -18.606
v -14.8373 -7.12786 -18.2589
v -15.2905 -7.26271 -18.1145
v -15.6447 -8.20652 -18.8229
v -15.9857 -8.04921 -19.1445
v -16.0543 -7.78975 -19.5598
v -15.8244 -7.52727 -19.9101
v -15.3837 -7.36202 -20.0616
v -14.9006 -7.35711 -19.9564
v -14.5596 -7.51443 -19.6348
v -14.491 -7.77388 -19.2196
v -14.7209 -8.03636 -18.8693
v -15.1616 -8.20162 -18.7178
v -15.4672 -9.18238 -19.4391
v -15.8206 -9.04623 -19.7569
v -15.9096 -8.79094 -20.1709
v -15.7002 -8.51402 -20.5229
v -15.2723 -8.32126 -20.6785
v -14.7894 -8.28627 -20.5782
v -14.436 -8.42242 -20.2605
v -14.347 -8.67771 -19.8465
v -14.5564 -8.95462 -19.4945
v -14.9843 -9.14739 -19.3389
v -15.2362 -10.1612 -20.0728
v -15.5985 -10.0462 -20.389
v -15.7043 -9.79654 -20.8024
v -15.5132 -9.50761 -21.1552
v -15.0982 -9.28976 -21.3126
v -14.6178 -9.2262 -21.2144
v -14.2555 -9.34121 -20.8983
v -14.1497 -9.59086 -20.4848
v -14.3408 -9.87979 -20.132
v -14.7558 -10.0976 -19.9746
v -14.9498 -11.1403 -20.7204
v -15.3179 -11.0462 -21.0369
v -15.4374 -10.8032 -21.4505
v -15.2628 -10.5042 -21.8034
v -14.8607 -10.2633 -21.9608
v -14.3848 -10.1725 -21.8624
v -14.0167 -10.2666 -21.5459
v -13.8971 -10.5096 -21.1322
v -14.0718 -10.8086 -20.7793
v -14.4739 -11.0495 -20.622
v -14.6064 -12.1165 -21.3784
v -14.9775 -12.0431 -21.6968
v -15.1081 -11.8076 -22.1114
v -14.9484 -11.4999 -22.464
v -14.5593 -11.2376 -22.6197
v -14.0895 -11.1209 -22.5193
v -13.7184 -11.1944 -22.2009
v -13.5877 -11.4299 -21.7863
v -13.7475 -11.7375 -21.4338
v -14.1366 -11.9998 -21.278
v -14.2045 -13.0866 -22.0435
v -14.5763 -13.0335 -22.3651
v -14.7157 -12.8059 -22.7813
v -14.5695 -12.4908 -23.1331
v -14.1935 -12.2086 -23.2863
v -13.7314 -12.067 -23.1821
v -13.3596 -12.1201 -22.8606
v -13.2202 -12.3477 -22.4443
v -13.3664 -12.6628 -22.0925
v -13.7424 -12.9451 -21.9394
v -13.7431 -14.0469 -22.7122
v -14.1134 -14.0137 -23.0381
v -14.2596 -13.7944 -23.4565
v -14.1258 -13.4728 -23.8074
v -13.7631 -13.1718 -23.9569
v -13.3102 -13.0063 -23.8478
v -12.9399 -13.0396 -23.5219
v -12.7937 -13.2589 -23.1036
v -12.9275 -13.5805 -22.7526
v -13.2901 -13.8815 -22.6031
v -13.2214 -14.9936 -23.3812
v -13.5882 -14.9799 -23.7124
v -13.7393 -14.7691 -24.1334
v -13.617 -14.4418 -24.4832
v -13.268 -14.123 -24.6283
v -12.8256 -13.9345 -24.5133
v -12.4589 -13.9483 -24.182
v -12.3078 -14.1591 -23.7611
v -12.43 -14.4864 -23.4112
v -12.779 -14.8052 -23.2661
v -12.639 -15.9228 -24.0471
v -13.0005 -15.928 -24.3845
v -13.1549 -15.7258 -24.8084
v -13.0433 -15.3935 -25.157
v -12.7083 -15.0578 -25.2972
v -12.278 -14.8472 -25.1753
v -11.9166 -14.8419 -24.8379
v -11.7621 -15.0441 -24.4139
v -11.8737 -15.3765 -24.0653
v -12.2087 -15.7121 -23.9252
v -11.9959 -16.8302 -24.7067
v -12.3502 -16.854 -25.0508
v -12.5064 -16.6604 -25.4781
v -12.4049 -16.3235 -25.8254
v -12.0845 -15.9718 -25.9601
v -11.6675 -15.7397 -25.8306
v -11.3133 -15.716 -25.4865
v -11.1571 -15.9095 -25.0592
v -11.2586 -16.2465 -24.7119
v -11.579 -16.5982 -24.5773
v -11.2924 -17.7118 -25.3568
v -11.6377 -17.7536 -25.7082
v -11.7943 -17.5686 -26.1391
v -11.7024 -17.2275 -26.485
v -11.3971 -16.8604 -26.6137
v -10.995 -16.6078 -26.4761
v -10.6497 -16.566 -26.1247
v -10.4931 -16.751 -25.6937
v -10.585 -17.0921 -25.3479
v -10.8903 -17.4592 -25.2192
v -10.529 -18.5633 -25.9942
v -10.8637 -18.6226 -26.3533
v -11.0194 -18.446 -26.788
v -10.9367 -18.1009 -27.1324
v -10.6472 -17.7193 -27.2548
v -10.2615 -17.4468 -27.1086
v -9.92678 -17.3876 -26.7495
v -9.77104 -17.5642 -26.3147
v -9.85371 -17.9092 -25.9704
v -10.1432 -18.2908 -25.8479
v -9.7068 -19.3805 -26.6158
v -10.0292 -19.4565 -26.9828
v -10.1828 -19.2881 -27.4215
v -10.1091 -18.9395 -27.7643
v -9.83607 -18.5439 -27.8802
v -9.46811 -18.2524 -27.725
v -9.14573 -18.1764 -27.3579
v -8.99208 -18.3448 -26.9192
v -9.06584 -18.6934 -26.5764
v -9.33884 -19.089 -26.4605
v -8.82712 -20.1591 -27.2185
v -9.13555 -20.2512 -27.5938
v -9.28597 -20.0905 -28.0366
v -9.22091 -19.7386 -28.3777
v -8.96523 -19.3297 -28.4868
v -8.61658 -19.0201 -28.3223
v -8.30815 -18.928 -27.947
v -8.15773 -19.0887 -27.5043
v -8.22279 -19.4406 -27.1632
v -8.47848 -19.8495 -27.054
v -7.89163 -20.8949 -27.7995
v -8.18451 -21.0022 -28.1832
v -8.3306 -20.849 -28.63
v -8.27411 -20.4938 -28.9693
v -8.03661 -20.0724 -29.0716
v -7.70882 -19.7457 -28.8976
v -7.41594 -19.6384 -28.514
v -7.26985 -19.7916 -28.0672
v -7.32634 -20.1467 -27.7278
v -7.56384 -20.5681 -27.6256
v -6.90236 -21.5838 -28.356
v -7.1781 -21.7053 -28.748
v -7.31886 -21.559 -29.1989
v -7.27087 -21.2009 -29.5363
v -7.05247 -20.7676 -29.6315
v -6.74707 -20.4248 -29.4481
v -6.47132 -20.3033 -29.0561
v -6.33056 -20.4496 -28.6053
v -6.37855 -20.8077 -28.2678
v -6.59696 -21.241 -28.1726
v -5.86167 -22.2218 -28.8853
v -6.11875 -22.3564 -29.2856
v -6.25323 -22.2165 -29.7404
v -6.21374 -21.8554 -30.0758
v -6.01538 -21.4112 -30.1639
v -5.73389 -21.0534 -29.971
v -5.47681 -20.9188 -29.5707
v -5.34233 -21.0587 -29.1159
v -5.38182 -21.4198 -28.7804
v -5.58018 -21.864 -28.6923
v -4.77223 -22.8049 -29.3849
v -5.00919 -22.9514 -29.7933
v -5.13653 -22.8171 -30.2518
v -5.10562 -22.4533 -30.5852
v -4.92825 -21.999 -30.6661
v -4.67219 -21.6276 -30.4637
v -4.43524 -21.4811 -30.0552
v -4.30789 -21.6154 -29.5967
v -4.33881 -21.9792 -29.2634
v -4.51617 -22.4336 -29.1824
v -3.63706 -23.3295 -29.8523
v -3.85252 -23.4865 -30.2687
v -3.97195 -23.357 -30.7306
v -3.94973 -22.9905 -31.0618
v -3.79435 -22.527 -31.1355
v -3.56516 -22.1435 -30.9238
v -3.34969 -21.9865 -30.5074
v -3.23026 -22.1159 -30.0454
v -3.25248 -22.4824 -29.7143
v -3.40786 -22.946 -29.6405
v -2.45944 -23.7919 -30.2853
v -2.65215 -23.9579 -30.7093
v -2.76301 -23.8323 -31.1745
v -2.74968 -23.4632 -31.5032
v -2.61724 -22.9916 -31.5699
v -2.41629 -22.5975 -31.349
v -2.22357 -22.4315 -30.925
v -2.11271 -22.5571 -30.4598
v -2.12605 -22.9262 -30.1311
v -2.25848 -23.3979 -30.0645
v -1.24296 -24.1889 -30.682
v -1.41182 -24.3621 -31.1132
v -1.51358 -24.2394 -31.5812
v -1.50938 -23.8678 -31.9073
v -1.40083 -23.3891 -31.9669
v -1.22938 -22.9863 -31.7372
v -1.06053 -22.8131 -31.306
v -0.958763 -22.9357 -30.8379
v -0.96296 -23.3074 -30.5118
v -1.07152 -23.786 -30.4523
v 0.00850377 -24.5173 -31.0404
v -0.135558 -24.6958 -31.4784
v -0.227841 -24.5749 -31.9488
v -0.233097 -24.2008 -32.272
v -0.149317 -23.7164 -32.3246
v -0.00850377 -23.3066 -32.0864
v 0.135558 -23.1281 -31.6484
v 0.227841 -23.249 -31.1779
v 0.233097 -23.6231 -30.8547
v 0.149317 -24.1075 -30.8021
v 1.29086 -24.7741 -31.3588
v 1.17231 -24.956 -31.8031
v 1.08972 -24.8356 -32.2755
v 1.07462 -24.4591 -32.5956
v 1.13279 -23.9703 -32.6411
v 1.24201 -23.5558 -32.3947
v 1.36055 -23.3739 -31.9505
v 1.44315 -23.4943 -31.4781
v 1.45824 -23.8708 -31.158
v 1.40007 -24.3596 -31.1124
v 2.59975 -24.957 -31.6359
v 2.50721 -25.1399 -32.0858
v 2.43431 -25.0188 -32.5596
v 2.40891 -24.64 -32.8763
v 2.44071 -24.1481 -32.915
v 2.51757 -23.7311 -32.6608
v 2.61011 -23.5481 -32.2108
v 2.68301 -23.6692 -31.737
v 2.7084 -24.048 -31.4203
v 2.6766 -24.5399 -31.3817
v 3.93065 -25.0635 -31.8703
v 3.8643 -25.2452 -32.3254
v 3.8009 -25.122 -32.8
v 3.76465 -24.7409 -33.1129
v 3.76941 -24.2475 -33.1446
v 3.81336 -23.8303 -32.883
v 3.8797 -23.6485 -32.428
v 3.94311 -23.7718 -31.9534
v 3.97935 -24.1528 -31.6404
v 3.97459 -24.6462 -31.6087
v 5.2788 -25.0916 -32.0611
v 5.23856 -25.2697 -32.5206
v 5.18419 -25.1429 -32.9954
v 5.13646 -24.7596 -33.3042
v 5.11361 -24.2663 -33.3289
v 5.12436 -23.8514 -33.0602
v 5.1646 -23.6734 -32.6007
v 5.21897 -23.8002 -32.1259
v 5.2667 -24.1834 -31.8172
v 5.28955 -24.6767 -31.7925
v 6.63934 -25.0397 -32.2075
v 6.62476 -25.2116 -32.6709
v 6.57869 -25.0797 -33.1452
v 6.51875 -24.6944 -33.4492
v 6.46781 -24.203 -33.4669
v 6.44535 -23.793 -33.1914
v 6.45993 -23.6211 -32.7281
v 6.50599 -23.753 -32.2538
v 6.56594 -24.1383 -31.9497
v 6.61687 -24.6298 -31.9321
v 8.00724 -24.9065 -32.309
v 8.01752 -25.0696 -32.7757
v 7.97874 -24.9311 -33.2487
v 7.90572 -24.544 -33.5475
v 7.82635 -24.0561 -33.5578
v 7.77094 -23.6537 -33.2758
v 7.76067 -23.4907 -32.8092
v 7.79944 -23.6292 -32.3361
v 7.87246 -24.0163 -32.0373
v 7.95183 -24.5042 -32.027
v 9.3774 -24.691 -32.3653
v 9.41135 -24.8426 -32.8346
v 9.37851 -24.696 -33.3057
v 9.29143 -24.3072 -33.5985
v 9.18338 -23.8247 -33.6011
v 9.09561 -23.4328 -33.3127
v 9.06167 -23.2813 -32.8433
v 9.0945 -23.4279 -32.3723
v 9.18158 -23.8167 -32.0795
v 9.28964 -24.2991 -32.0768
v 10.7446 -24.3925 -32.3763
v 10.8006 -24.5299 -32.8479
v 10.7721 -24.3737 -33.3162
v 10.6698 -23.9835 -33.6021
v 10.5329 -23.5084 -33.5966
v 10.4137 -23.1299 -33.3017
v 10.3577 -22.9925 -32.83
v 10.3863 -23.1488 -32.3618
v 10.4885 -23.5389 -32.0758
v 10.6254 -24.014 -32.0814
v 12.1037 -24.0108 -32.3424
v 12.1798 -24.1312 -32.8159
v 12.1533 -23.9639 -33.2804
v 12.0346 -23.5727 -33.5585
v 11.8689 -23.1071 -33.544
v 11.7195 -22.7449 -33.2424
v 11.6435 -22.6245 -32.7689
v 11.6699 -22.7918 -32.3044
v 11.7886 -23.183 -32.0263
v 11.9543 -23.6486 -32.0408
v 13.4495 -23.5458 -32.2642
v 13.543 -23.6465 -32.7391
v 13.5162 -23.4668 -33.1989
v 13.3795 -23.0751 -33.468
v 13.1851 -22.6212 -33.4435
v 13.0071 -22.2784 -33.1348
v 12.9136 -22.1776 -32.6599
v 12.9404 -22.3574 -32.2001
v 13.0771 -22.7491 -31.931
v 13.2715 -23.203 -31.9555
v 14.7767 -22.9979 -32.1425
v 14.8845 -23.0762 -32.6186
v 14.8546 -22.8827 -33.0726
v 14.6982 -22.4913 -33.3311
v 14.4752 -22.0515 -33.2953
v 14.2708 -21.7312 -32.9789
v 14.1629 -21.6529 -32.5028
v 14.1929 -21.8464 -32.0488
v 14.3492 -22.2378 -31.7903
v 14.5722 -22.6777 -31.8261
v 16.0802 -22.3678 -31.9785
v 16.1987 -22.421 -32.4556
v 16.162 -22.2127 -32.9025
v 15.9842 -21.8224 -33.1486
v 15.7331 -21.3993 -33.0998
v 15.5046 -21.1049 -32.7748
v 15.3861 -21.0518 -32.2977
v 15.4228 -21.2601 -31.8508
v 15.6006 -21.6503 -31.6048
v 15.8517 -22.0734 -31.6536
v 17.3548 -21.6562 -31.7739
v 17.4796 -21.6817 -32.2516
v 17.4323 -21.4578 -32.6899
v 17.2309 -21.07 -32.9213
v 16.9523 -20.6666 -32.8575
v 16.7029 -20.4015 -32.5228
v 16.5781 -20.3761 -32.045
v 16.6254 -20.6 -31.6068
v 16.8268 -20.9877 -31.3753
v 17.1054 -21.3912 -31.4392
v 18.5954 -20.8644 -31.5305
v 18.7214 -20.8595 -32.0086
v 18.6589 -20.6195 -32.4363
v 18.4316 -20.2361 -32.6503
v 18.1265 -19.8557 -32.5689
v 17.8601 -19.6236 -32.2231
v 17.7341 -19.6284 -31.745
v 17.7966 -19.8684 -31.3173
v 18.0239 -20.2518 -31.1032
v 18.329 -20.6322 -31.1847
v 19.797 -19.9933 -31.2506
v 19.9181 -19.9559 -31.7285
v 19.8351 -19.7 -32.1433
v 19.5798 -19.3233 -32.3366
v 19.2496 -18.9698 -32.2346
v 18.9707 -18.7743 -31.8761
v 18.8496 -18.8117 -31.3982
v 18.9326 -19.0677 -30.9834
v 19.1879 -19.4444 -30.7901
v 19.5181 -19.7979 -30.8922
v 20.9541 -19.0444 -30.9368
v 21.0633 -18.9727 -31.4137
v 20.9542 -18.7017 -31.8126
v 20.6686 -18.335 -31.9812
v 20.3156 -18.0126 -31.855
v 20.0299 -17.8578 -31.4824
v 19.9208 -17.9295 -31.0055
v 20.0298 -18.2005 -30.6066
v 20.3154 -18.5672 -30.438
v 20.6685 -18.8896 -30.5641
v 22.0612 -18.019 -30.5918
v 22.1504 -17.9118 -31.0662
v 22.0092 -17.6277 -31.4454
v 21.6916 -17.2752 -31.5847
v 21.319 -16.9891 -31.4308
v 21.0336 -16.8785 -31.0425
v 20.9444 -16.9857 -30.5681
v 21.0856 -17.2698 -30.1889
v 21.4031 -17.6223 -30.0497
v 21.7758 -17.9084 -30.2036
v 23.1121 -16.9185 -30.2185
v 23.1724 -16.7758 -30.6881
v 22.9931 -16.482 -31.043
v 22.6427 -16.1493 -31.1478
v 22.2551 -15.9047 -30.9624
v 21.9783 -15.8416 -30.5576
v 21.918 -15.9843 -30.088
v 22.0973 -16.2781 -29.7331
v 22.4477 -16.6108 -29.6283
v 22.8353 -16.8554 -29.8137
v 24.0998 -15.7447 -29.8191
v 24.1219 -15.5685 -30.2806
v 23.8992 -15.2701 -30.6059
v 23.5168 -14.9636 -30.6709
v 23.1206 -14.766 -30.4507
v 22.8622 -14.7527 -30.0294
v 22.84 -14.929 -29.568
v 23.0627 -15.2273 -29.2426
v 23.4452 -15.5339 -29.1777
v 23.8413 -15.7315 -29.3979
v 25.0166 -14.5005 -29.3953
v 24.9917 -14.2948 -29.8442
v 24.7219 -13.9989 -30.1341
v 24.3102 -13.7258 -30.1545
v 23.9139 -13.58 -29.8973
v 23.6843 -13.617 -29.461
v 23.7092 -13.8227 -29.0121
v 23.979 -14.1187 -28.7221
v 24.3907 -14.3917 -28.7018
v 24.7871 -14.5375 -28.9589
v 25.8545 -13.1902 -28.9471
v 25.7755 -12.9615 -29.3783
v 25.4574 -12.6766 -29.6275
v 25.0218 -12.4444 -29.5997
v 24.6351 -12.3535 -29.3054
v 24.4449 -12.4386 -28.857
v 24.524 -12.6674 -28.4258
v 24.842 -12.9523 -28.1766
v 25.2776 -13.1845 -28.2044
v 25.6644 -13.2754 -28.4988
v 26.6061 -11.8202 -28.4737
v 26.4687 -11.5774 -28.8819
v 26.1044 -11.3128 -29.0864
v 25.6526 -11.1275 -29.009
v 25.2858 -11.0922 -28.6794
v 25.144 -11.2205 -28.2234
v 25.2815 -11.4633 -27.8153
v 25.6457 -11.7279 -27.6108
v 26.0975 -11.9132 -27.6881
v 26.4644 -11.9484 -28.0177
v 27.2658 -10.3989 -27.9734
v 27.0694 -10.1522 -28.3542
v 26.6644 -9.9167 -28.5121
v 26.2054 -9.78224 -28.3866
v 25.8678 -9.80022 -28.0258
v 25.7806 -9.96376 -27.5675
v 25.977 -10.2104 -27.1866
v 26.3821 -10.4459 -27.0288
v 26.841 -10.5804 -27.1542
v 27.1786 -10.5624 -27.515
v 27.8306 -8.93605 -27.4448
v 27.5785 -8.69581 -27.7958
v 27.1402 -8.49631 -27.9078
v 26.6832 -8.41374 -27.7382
v 26.382 -8.47964 -27.3517
v 26.3517 -8.66885 -26.8959
v 26.6038 -8.90908 -26.545
v 27.0421 -9.10859 -26.4329
v 27.4991 -9.19116 -26.6025
v 27.8003 -9.12525 -26.989
v 28.3 -7.44144 -26.8882
v 27.9981 -7.21661 -27.2089
v 27.5351 -7.05764 -27.2783
v 27.0878 -7.02525 -27.0701
v 26.8271 -7.13181 -26.6638
v 26.8525 -7.33662 -26.2145
v 27.1544 -7.56145 -25.8939
v 27.6173 -7.72042 -25.8244
v 28.0646 -7.75281 -26.0326
v 28.3254 -7.64625 -26.4389
v 28.6749 -5.9238 -26.3055
v 28.3308 -5.7214 -26.5973
v 27.8514 -5.60499 -26.629
v 27.4196 -5.61904 -26.3885
v 27.2004 -5.75818 -25.9677
v 27.2776 -5.96927 -25.5273
v 27.6216 -6.17167 -25.2356
v 28.1011 -6.28808 -25.2039
v 28.5329 -6.27403 -25.4443
v 28.7521 -6.13488 -25.8651
v 28.957 -4.39052 -25.7001
v 28.5786 -4.21545 -25.9658
v 28.0897 -4.14166 -25.9653
v 27.677 -4.19732 -25.6987
v 27.4983 -4.36118 -25.2678
v 27.6216 -4.57065 -24.8373
v 28 -4.74572 -24.5715
v 28.4889 -4.81952 -24.572
v 28.9016 -4.76385 -24.8387
v 29.0803 -4.59999 -25.2695
v 29.1477 -2.84783 -25.0761
v 28.7423 -2.70317 -25.3194
v 28.2497 -2.67071 -25.2922
v 27.858 -2.76286 -25.0048
v 27.7169 -2.94442 -24.5671
v 27.8802 -3.14604 -24.1463
v 28.2856 -3.29071 -23.903
v 28.7782 -3.32317 -23.9302
v 29.1699 -3.23102 -24.2175
v 29.311 -3.04946 -24.6552
v 29.2482 -1.30123 -24.4383
v 28.8223 -1.18862 -24.6629
v 28.3304 -1.1955 -24.6141
v 27.9602 -1.31924 -24.3106
v 27.8532 -1.51257 -23.8683
v 28.0502 -1.70165 -23.4562
v 28.4761 -1.81426 -23.2316
v 28.968 -1.80738 -23.2803
v 29.3382 -1.68364 -23.5838
v 29.4452 -1.49031 -24.0261
f 12753 12763 12764 12754
f 12754 12764 12765 12755
f 12755 12765 12766 12756
f 12756 12766 12767 12757
f 12757 12767 12768 12758
f 12758 12768 12769 12759
f 12759 12769 12770 12760
f 12760 12770 12771 12761
f 12761 12771 12772 12762
f 12762 12772 12763 12753
f 12763 12773 12774 12764
f 12764 12774 12775 12765
f 12765 12775 12776 12766
f 12766 12776 12777 12767
f 12767 12777 12778 12768
f 12768 12778 12779 12769
f 12769 12779 12780 12770
f 12770 12780 12781 12771
f 12771 12781 12782 12772
f 12772 12782 12773 12763
f 12773 12783 12784 12774
f 12774 12784 12785 12775
f 12775 12785 12786 12776
f 12776 12786 12787 12777
f 12777 12787 12788 12778
f 12778 12788 12789 12779
f 12779 12789 12790 12780
f 12780 12790 12791 12781
f 12781 12791 12792 12782
f 12782 12792 12783 12773
f 12783 12793 12794 12784
f 12784 12794 12795 12785
f 12785 12795 12796 12786
f 12786 12796 12797 12787
f 12787 12797 12798 12788
f 12788 12798 12799 12789
f 12789 12799 12800 12790
f 12790 12800 12801 12791
f 12791 12801 12802 12792
f 12792 12802 12793 12783
f 12793 12803 12804 12794
f 12794 12804 12805 12795
f 12795 12805 12806 12796
f 12796 12806 12807 12797
f 12797 12807 12808 12798
f 12798 12808 12809 12799
f 12799 12809 12810 12800
f 12800 12810 12811 12801
f 12801 12811 12812 12802
f 12802 12812 12803 12793
f 12803 12813 12814 12804
f 12804 12814 12815 12805
f 12805 12815 12816 12806
f 12806 12816 12817 12807
f 12807 12817 12818 12808
f 12808 12818 12819 12809
f 12809 12819 12820 12810
f 12810 12820 12821 12811
f 12811 12821 12822 12812
f 12812 12822 12813 12803
f 12813 12823 12824 12814
f 12814 12824 12825 12815
f 12815 12825 12826 12816
f 12816 12826 12827 12817
f 12817 12827 12828 12818
f 12818 12828 12829 12819
f 12819 12829 12830 12820
f 12820 12830 12831 12821
f 12821 12831 12832 12822
f 12822 12832 12823 12813
f 12823 12833 12834 12824
f 12824 12834 12835 12825
f 12825 12835 12836 12826
f 12826 12836 12837 12827
f 12827 12837 12838 12828
f 12828 12838 12839 12829
f 12829 12839 12840 12830
f 12830 12840 12841 12831
f 12831 12841 12842 12832
f 12832 12842 12833 12823
f 12833 12843 12844 12834
f 12834 12844 12845 12835
f 12835 12845 12846 12836
f 12836 12846 12847 12837
f 12837 12847 12848 12838
f 12838 12848 12849 12839
f 12839 12849 12850 12840
f 12840 12850 12851 12841
f 12841 12851 12852 12842
f 12842 12852 12843 12833
f 12843 12853 12854 12844
f 12844 12854 12855 12845
f 12845 12855 12856 12846
f 12846 12856 12857 12847
f 12847 12857 12858 12848
f 12848 12858 12859 12849
f 12849 12859 12860 12850
f 12850 12860 12861 12851
f 12851 12861 12862 12852
f 12852 12862 12853 12843
f 12853 12863 12864 12854
f 12854 12864 12865 12855
f 12855 12865 12866 12856
f 12856 12866 12867 12857
f 12857 12867 12868 12858
f 12858 12868 12869 12859
f 12859 12869 12870 12860
f 12860 12870 12871 12861
f 12861 12871 12872 12862
f 12862 12872 12863 12853
f 12863 12873 12874 12864
f 12864 12874 12875 12865
f 12865 12875 12876 12866
f 12866 12876 12877 12867
f 12867 12877 12878 12868
f 12868 12878 12879 12869
f 12869 12879 12880 12870
f 12870 12880 12881 12871
f 12871 12881 12882 12872
f 12872 12882 12873 12863
f 12873 12883 12884 12874
f 12874 12884 12885 12875
f 12875 12885 12886 12876
f 12876 12886 12887 12877
f 12877 12887 12888 12878
f 12878 12888 12889 12879
f 12879 12889 12890 12880
f 12880 12890 12891 12881
f 12881 12891 12892 12882
f 12882 12892 12883 12873
f 12883 12893 12894 12884
f 12884 12894 12895 12885
f 12885 12895 12896 12886
f 12886 12896 12897 12887
f 12887 12897 12898 12888
f 12888 12898 12899 12889
f 12889 12899 12900 12890
f 12890 12900 12901 12891
f 12891 12901 12902 12892
f 12892 12902 12893 12883
f 12893 12903 12904 12894
f 12894 12904 12905 12895
f 12895 12905 12906 12896
f 12896 12906 12907 12897
f 12897 12907 12908 12898
f 12898 12908 12909 12899
f 12899 12909 12910 12900
f 12900 12910 12911 12901
f 12901 12911 12912 12902
f 12902 12912 12903 12893
f 12903 12913 12914 12904
f 12904 12914 12915 12905
f 12905 12915 12916 12906
f 12906 12916 12917 12907
f 12907 12917 12918 12908
f 12908 12918 12919 12909
f 12909 12919 12920 12910
f 12910 12920 12921 12911
f 12911 12921 12922 12912
f 12912 12922 12913 12903
f 12913 12923 12924 12914
f 12914 12924 12925 12915
f 12915 12925 12926 12916
f 12916 12926 12927 12917
f 12917 12927 12928 12918
f 12918 12928 12929 12919
f 12919 12929 12930 12920
f 12920 12930 12931 12921
f 12921 12931 12932 12922
f 12922 12932 12923 12913
f 12923 12933 12934 12924
f 12924 12934 12935 12925
f 12925 12935 12936 12926
f 12926 12936 12937 12927
f 12927 12937 12938 12928
f 12928 12938 12939 12929
f 12929 12939 12940 12930
f 12930 12940 12941 12931
f 12931 12941 12942 12932
f 12932 12942 12933 12923
f 12933 12943 12944 12934
f 12934 12944 12945 12935
f 12935 12945 12946 12936
f 12936 12946 12947 12937
f 12937 12947 12948 12938
f 12938 12948 12949 12939
f 12939 12949 12950 12940
f 12940 12950 12951 12941
f 12941 12951 12952 12942
f 12942 12952 12943 12933
f 12943 12953 12954 12944
f 12944 12954 12955 12945
f 12945 12955 12956 12946
f 12946 12956 12957 12947
f 12947 12957 12958 12948
f 12948 12958 12959 12949
f 12949 12959 12960 12950
f 12950 12960 12961 12951
f 12951 12961 12962 12952
f 12952 12962 12953 12943
f 12953 12963 12964 12954
f 12954 12964 12965 12955
f 12955 12965 12966 12956
f 12956 12966 12967 12957
f 12957 12967 12968 12958
f 12958 12968 12969 12959
f 12959 12969 12970 12960
f 12960 12970 12971 12961
f 12961 12971 12972 12962
f 12962 12972 12963 12953
f 12963 12973 12974 12964
f 12964 12974 12975 12965
f 12965 12975 12976 12966
f 12966 12976 12977 12967
f 12967 12977 12978 12968
f 12968 12978 12979 12969
f 12969 12979 12980 12970
f 12970 12980 12981 12971
f 12971 12981 12982 12972
f 12972 12982 12973 12963
f 12973 12983 12984 12974
f 12974 12984 12985 12975
f 12975 12985 12986 12976
f 12976 12986 12987 12977
f 12977 12987 12988 12978
f 12978 12988 12989 12979
f 12979 12989 12990 12980
f 12980 12990 12991 12981
f 12981 12991 12992 12982
f 12982 12992 12983 12973
f 12983 12993 12994 12984
f 12984 12994 12995 12985
f 12985 12995 12996 12986
f 12986 12996 12997 12987
f 12987 12997 12998 12988
f 12988 12998 12999 12989
f 12989 12999 13000 12990
f 12990 13000 13001 12991
f 12991 13001 13002 12992
f 12992 13002 12993 12983
f 12993 13003 13004 12994
f 12994 13004 13005 12995
f 12995 13005 13006 12996
f 12996 13006 13007 12997
f 12997 13007 13008 12998
f 12998 13008 13009 12999
f 12999 13009 13010 13000
f 13000 13010 13011 13001
f 13001 13011 13012 13002
f 13002 13012 13003 12993
f 13003 13013 13014 13004
f 13004 13014 13015 13005
f 13005 13015 13016 13006
f 13006 13016 13017 13007
f 13007 13017 13018 13008
f 13008 13018 13019 13009
f 13009 13019 13020 13010
f 13010 13020 13021 13011
f 13011 13021 13022 13012
f 13012 13022 13013 13003
f 13013 13023 13024 13014
f 13014 13024 13025 13015
f 13015 13025 13026 13016
f 13016 13026 13027 13017
f 13017 13027 13028 13018
f 13018 13028 13029 13019
f 13019 13029 13030 13020
f 13020 13030 13031 13021
f 13021 13031 13032 13022
f 13022 13032 13023 13013
f 13023 13033 13034 13024
f 13024 13034 13035 13025
f 13025 13035 13036 13026
f 13026 13036 13037 13027
f 13027 13037 13038 13028
f 13028 13038 13039 13029
f 13029 13039 13040 13030
f 13030 13040 13041 13031
f 13031 13041 13042 13032
f 13032 13042 13033 13023
f 13033 13043 13044 13034
f 13034 13044 13045 13035
f 13035 13045 13046 13036
f 13036 13046 13047 13037
f 13037 13047 13048 13038
f 13038 13048 13049 13039
f 13039 13049 13050 13040
f 13040 13050 13051 13041
f 13041 13051 13052 13042
f 13042 13052 13043 13033
f 13043 13053 13054 13044
f 13044 13054 13055 13045
f 13045 13055 13056 13046
f 13046 13056 13057 13047
f 13047 13057 13058 13048
f 13048 13058 13059 13049
f 13049 13059 13060 13050
f 13050 13060 13061 13051
f 13051 13061 13062 13052
f 13052 13062 13053 13043
f 13053 13063 13064 13054
f 13054 13064 13065 13055
f 13055 13065 13066 13056
f 13056 13066 13067 13057
f 13057 13067 13068 13058
f 13058 13068 13069 13059
f 13059 13069 13070 13060
f 13060 13070 13071 13061
f 13061 13071 13072 13062
f 13062 13072 13063 13053
f 13063 13073 13074 13064
f 13064 13074 13075 13065
f 13065 13075 13076 13066
f 13066 13076 13077 13067
f 13067 13077 13078 13068
f 13068 13078 13079 13069
f 13069 13079 13080 13070
f 13070 13080 13081 13071
f 13071 13081 13082 13072
f 13072 13082 13073 13063
f 13073 13083 13084 13074
f 13074 13084 13085 13075
f 13075 13085 13086 13076
f 13076 13086 13087 13077
f 13077 13087 13088 13078
f 13078 13088 13089 13079
f 13079 13089 13090 13080
f 13080 13090 13091 13081
f 13081 13091 13092 13082
f 13082 13092 13083 13073
f 13083 13093 13094 13084
f 13084 13094 13095 13085
f 13085 13095 13096 13086
f 13086 13096 13097 13087
f 13087 13097 13098 13088
f 13088 13098 13099 13089
f 13089 13099 13100 13090
f 13090 13100 13101 13091
f 13091 13101 13102 13092
f 13092 13102 13093 13083
f 13093 13103 13104 13094
f 13094 13104 13105 13095
f 13095 13105 13106 13096
f 13096 13106 13107 13097
f 13097 13107 13108 13098
f 13098 13108 13109 13099
f 13099 13109 13110 13100
f 13100 13110 13111 13101
f 13101 13111 13112 13102
f 13102 13112 13103 13093
f 13103 13113 13114 13104
f 13104 13114 13115 13105
f 13105 13115 13116 13106
f 13106 13116 13117 13107
f 13107 13117 13118 13108
f 13108 13118 13119 13109
f 13109 13119 13120 13110
f 13110 13120 13121 13111
f 13111 13121 13122 13112
f 13112 13122 13113 13103
f 13113 13123 13124 13114
f 13114 13124 13125 13115
f 13115 13125 13126 13116
f 13116 13126 13127 13117
f 13117 13127 13128 13118
f 13118 13128 13129 13119
f 13119 13129 13130 13120
f 13120 13130 13131 13121
f 13121 13131 13132 13122
f 13122 13132 13123 13113
f 13123 13133 13134 13124
f 13124 13134 13135 13125
f 13125 13135 13136 13126
f 13126 13136 13137 13127
f 13127 13137 13138 13128
f 13128 13138 13139 13129
f 13129 13139 13140 13130
f 13130 13140 13141 13131
f 13131 13141 13142 13132
f 13132 13142 13133 13123
f 13133 13143 13144 13134
f 13134 13144 13145 13135
f 13135 13145 13146 13136
f 13136 13146 13147 13137
f 13137 13147 13148 13138
f 13138 13148 13149 13139
f 13139 13149 13150 13140
f 13140 13150 13151 13141
f 13141 13151 13152 13142
f 13142 13152 13143 13133
f 13143 13153 13154 13144
f 13144 13154 13155 13145
f 13145 13155 13156 13146
f 13146 13156 13157 13147
f 13147 13157 13158 13148
f 13148 13158 13159 13149
f 13149 13159 13160 13150
f 13150 13160 13161 13151
f 13151 13161 13162 13152
f 13152 13162 13153 13143
f 13153 13163 13164 13154
f 13154 13164 13165 13155
f 13155 13165 13166 13156
f 13156 13166 13167 13157
f 13157 13167 13168 13158
f 13158 13168 13169 13159
f 13159 13169 13170 13160
f 13160 13170 13171 13161
f 13161 13171 13172 13162
f 13162 13172 13163 13153
f 13163 13173 13174 13164
f 13164 13174 13175 13165
f 13165 13175 13176 13166
f 13166 13176 13177 13167
f 13167 13177 13178 13168
f 13168 13178 13179 13169
f 13169 13179 13180 13170
f 13170 13180 13181 13171
f 13171 13181 13182 13172
f 13172 13182 13173 13163
f 13173 13183 13184 13174
f 13174 13184 13185 13175
f 13175 13185 13186 13176
f 13176 13186 13187 13177
f 13177 13187 13188 13178
f 13178 13188 13189 13179
f 13179 13189 13190 13180
f 13180 13190 13191 13181
f 13181 13191 13192 13182
f 13182 13192 13183 13173
f 13183 13193 13194 13184
f 13184 13194 13195 13185
f 13185 13195 13196 13186
f 13186 13196 13197 13187
f 13187 13197 13198 13188
f 13188 13198 13199 13189
f 13189 13199 13200 13190
f 13190 13200 13201 13191
f 13191 13201 13202 13192
f 13192 13202 13193 13183
f 13193 13203 13204 13194
f 13194 13204 13205 13195
f 13195 13205 13206 13196
f 13196 13206 13207 13197
f 13197 13207 13208 13198
f 13198 13208 13209 13199
f 13199 13209 13210 13200
f 13200 13210 13211 13201
f 13201 13211 13212 13202
f 13202 13212 13203 13193
f 13203 13213 13214 13204
f 13204 13214 13215 13205
f 13205 13215 13216 13206
f 13206 13216 13217 13207
f 13207 13217 13218 13208
f 13208 13218 13219 13209
f 13209 13219 13220 13210
f 13210 13220 13221 13211
f 13211 13221 13222 13212
f 13212 13222 13213 13203
f 13213 13223 13224 13214
f 13214 13224 13225 13215
f 13215 13225 13226 13216
f 13216 13226 13227 13217
f 13217 13227 13228 13218
f 13218 13228 13229 13219
f 13219 13229 13230 13220
f 13220 13230 13231 13221
f 13221 13231 13232 13222
f 13222 13232 13223 13213
f 13223 13233 13234 13224
f 13224 13234 13235 13225
f 13225 13235 13236 13226
f 13226 13236 13237 13227
f 13227 13237 13238 13228
f 13228 13238 13239 13229
f 13229 13239 13240 13230
f 13230 13240 13241 13231
f 13231 13241 13242 13232
f 13232 13242 13233 13223
f 13233 13243 13244 13234
f 13234 13244 13245 13235
f 13235 13245 13246 13236
f 13236 13246 13247 13237
f 13237 13247 13248 13238
f 13238 13248 13249 13239
f 13239 13249 13250 13240
f 13240 13250 13251 13241
f 13241 13251 13252 13242
f 13242 13252 13243 13233
f 13243 13253 13254 13244
f 13244 13254 13255 13245
f 13245 13255 13256 13246
f 13246 13256 13257 13247
f 13247 13257 13258 13248
f 13248 13258 13259 13249
f 13249 13259 13260 13250
f 13250 13260 13261 13251
f 13251 13261 13262 13252
f 13252 13262 13253 13243
f 13253 13263 13264 13254
f 13254 13264 13265 13255
f 13255 13265 13266 13256
f 13256 13266 13267 13257
f 13257 13267 13268 13258
f 13258 13268 13269 13259
f 13259 13269 13270 13260
f 13260 13270 13271 13261
f 13261 13271 13272 13262
f 13262 13272 13263 13253
f 13263 13273 13274 13264
f 13264 13274 13275 13265
f 13265 13275 13276 13266
f 13266 13276 13277 13267
f 13267 13277 13278 13268
f 13268 13278 13279 13269
f 13269 13279 13280 13270
f 13270 13280 13281 13271
f 13271 13281 13282 13272
f 13272 13282 13273 13263
f 13273 13283 13284 13274
f 13274 13284 13285 13275
f 13275 13285 13286 13276
f 13276 13286 13287 13277
f 13277 13287 13288 13278
f 13278 13288 13289 13279
f 13279 13289 13290 13280
f 13280 13290 13291 13281
f 13281 13291 13292 13282
f 13282 13292 13283 13273
f 13283 13293 13294 13284
f 13284 13294 13295 13285
f 13285 13295 13296 13286
f 13286 13296 13297 13287
f 13287 13297 13298 13288
f 13288 13298 13299 13289
f 13289 13299 13300 13290
f 13290 13300 13301 13291
f 13291 13301 13302 13292
f 13292 13302 13293 13283
f 13293 13303 13304 13294
f 13294 13304 13305 13295
f 13295 13305 13306 13296
f 13296 13306 13307 13297
f 13297 13307 13308 13298
f 13298 13308 13309 13299
f 13299 13309 13310 13300
f 13300 13310 13311 13301
f 13301 13311 13312 13302
f 13302 13312 13303 13293
f 13303 13313 13314 13304
f 13304 13314 13315 13305
f 13305 13315 13316 13306
f 13306 13316 13317 13307
f 13307 13317 13318 13308
f 13308 13318 13319 13309
f 13309 13319 13320 13310
f 13310 13320 13321 13311
f 13311 13321 13322 13312
f 13312 13322 13313 13303
f 13313 13323 13324 13314
f 13314 13324 13325 13315
f 13315 13325 13326 13316
f 13316 13326 13327 13317
f 13317 13327 13328 13318
f 13318 13328 13329 13319
f 13319 13329 13330 13320
f 13320 13330 13331 13321
f 13321 13331 13332 13322
f 13322 13332 13323 13313
f 13323 13333 13334 13324
f 13324 13334 13335 13325
f 13325 13335 13336 13326
f 13326 13336 13337 13327
f 13327 13337 13338 13328
f 13328 13338 13339 13329
f 13329 13339 13340 13330
f 13330 13340 13341 13331
f 13331 13341 13342 13332
f 13332 13342 13333 13323
f 13333 13343 13344 13334
f 13334 13344 13345 13335
f 13335 13345 13346 13336
f 13336 13346 13347 13337
f 13337 13347 13348 13338
f 13338 13348 13349 13339
f 13339 13349 13350 13340
f 13340 13350 13351 13341
f 13341 13351 13352 13342
f 13342 13352 13343 13333
f 13343 13353 13354 13344
f 13344 13354 13355 13345
f 13345 13355 13356 13346
f 13346 13356 13357 13347
f 13347 13357 13358 13348
f 13348 13358 13359 13349
f 13349 13359 13360 13350
f 13350 13360 13361 13351
f 13351 13361 13362 13352
f 13352 13362 13353 13343
f 13353 13363 13364 13354
f 13354 13364 13365 13355
f 13355 13365 13366 13356
f 13356 13366 13367 13357
f 13357 13367 13368 13358
f 13358 13368 13369 13359
f 13359 13369 13370 13360
f 13360 13370 13371 13361
f 13361 13371 13372 13362
f 13362 13372 13363 13353
f 13363 13373 13374 13364
f 13364 13374 13375 13365
f 13365 13375 13376 13366
f 13366 13376 13377 13367
f 13367 13377 13378 13368
f 13368 13378 13379 13369
f 13369 13379 13380 13370
f 13370 13380 13381 13371
f 13371 13381 13382 13372
f 13372 13382 13373 13363
f 13373 13383 13384 13374
f 13374 13384 13385 13375
f 13375 13385 13386 13376
f 13376 13386 13387 13377
f 13377 13387 13388 13378
f 13378 13388 13389 13379
f 13379 13389 13390 13380
f 13380 13390 13391 13381
f 13381 13391 13392 13382
f 13382 13392 13383 13373
f 13383 13393 13394 13384
f 13384 13394 13395 13385
f 13385 13395 13396 13386
f 13386 13396 13397 13387
f 13387 13397 13398 13388
f 13388 13398 13399 13389
f 13389 13399 13400 13390
f 13390 13400 13401 13391
f 13391 13401 13402 13392
f 13392 13402 13393 13383
f 13393 13403 13404 13394
f 13394 13404 13405 13395
f 13395 13405 13406 13396
f 13396 13406 13407 13397
f 13397 13407 13408 13398
f 13398 13408 13409 13399
f 13399 13409 13410 13400
f 13400 13410 13411 13401
f 13401 13411 13412 13402
f 13402 13412 13403 13393
f 13403 13413 13414 13404
f 13404 13414 13415 13405
f 13405 13415 13416 13406
f 13406 13416 13417 13407
f 13407 13417 13418 13408
f 13408 13418 13419 13409
f 13409 13419 13420 13410
f 13410 13420 13421 13411
f 13411 13421 13422 13412
f 13412 13422 13413 13403
f 13413 13423 13424 13414
f 13414 13424 13425 13415
f 13415 13425 13426 13416
f 13416 13426 13427 13417
f 13417 13427 13428 13418
f 13418 13428 13429 13419
f 13419 13429 13430 13420
f 13420 13430 13431 13421
f 13421 13431 13432 13422
f 13422 13432 13423 13413
f 13423 13433 13434 13424
f 13424 13434 13435 13425
f 13425 13435 13436 13426
f 13426 13436 13437 13427
f 13427 13437 13438 13428
f 13428 13438 13439 13429
f 13429 13439 13440 13430
f 13430 13440 13441 13431
f 13431 13441 13442 13432
f 13432 13442 13433 13423
f 13433 13443 13444 13434
f 13434 13444 13445 13435
f 13435 13445 13446 13436
f 13436 13446 13447 13437
f 13437 13447 13448 13438
f 13438 13448 13449 13439
f 13439 13449 13450 13440
f 13440 13450 13451 13441
f 13441 13451 13452 13442
f 13442 13452 13443 13433
f 13443 13453 13454 13444
f 13444 13454 13455 13445
f 13445 13455 13456 13446
f 13446 13456 13457 13447
f 13447 13457 13458 13448
f 13448 13458 13459 13449
f 13449 13459 13460 13450
f 13450 13460 13461 13451
f 13451 13461 13462 13452
f 13452 13462 13453 13443
f 13453 13463 13464 13454
f 13454 13464 13465 13455
f 13455 13465 13466 13456
f 13456 13466 13467 13457
f 13457 13467 13468 13458
f 13458 13468 13469 13459
f 13459 13469 13470 13460
f 13460 13470 13471 13461
f 13461 13471 13472 13462
f 13462 13472 13463 13453
f 13463 13473 13474 13464
f 13464 13474 13475 13465
f 13465 13475 13476 13466
f 13466 13476 13477 13467
f 13467 13477 13478 13468
f 13468 13478 13479 13469
f 13469 13479 13480 13470
f 13470 13480 13481 13471
f 13471 13481 13482 13472
f 13472 13482 13473 13463
f 13473 13483 13484 13474
f 13474 13484 13485 13475
f 13475 13485 13486 13476
f 13476 13486 13487 13477
f 13477 13487 13488 13478
f 13478 13488 13489 13479
f 13479 13489 13490 13480
f 13480 13490 13491 13481
f 13481 13491 13492 13482
f 13482 13492 13483 13473
f 13483 13493 13494 13484
f 13484 13494 13495 13485
f 13485 13495 13496 13486
f 13486 13496 13497 13487
f 13487 13497 13498 13488
f 13488 13498 13499 13489
f 13489 13499 13500 13490
f 13490 13500 13501 13491
f 13491 13501 13502 13492
f 13492 13502 13493 13483
f 13493 13503 13504 13494
f 13494 13504 13505 13495
f 13495 13505 13506 13496
f 13496 13506 13507 13497
f 13497 13507 13508 13498
f 13498 13508 13509 13499
f 13499 13509 13510 13500
f 13500 13510 13511 13501
f 13501 13511 13512 13502
f 13502 13512 13503 13493
f 13503 13513 13514 13504
f 13504 13514 13515 13505
f 13505 13515 13516 13506
f 13506 13516 13517 13507
f 13507 13517 13518 13508
f 13508 13518 13519 13509
f 13509 13519 13520 13510
f 13510 13520 13521 13511
f 13511 13521 13522 13512
f 13512 13522 13513 13503
f 13513 13523 13524 13514
f 13514 13524 13525 13515
f 13515 13525 13526 13516
f 13516 13526 13527 13517
f 13517 13527 13528 13518
f 13518 13528 13529 13519
f 13519 13529 13530 13520
f 13520 13530 13531 13521
f 13521 13531 13532 13522
f 13522 13532 13523 13513
f 13523 13533 13534 13524
f 13524 13534 13535 13525
f 13525 13535 13536 13526
f 13526 13536 13537 13527
f 13527 13537 13538 13528
f 13528 13538 13539 13529
f 13529 13539 13540 13530
f 13530 13540 13541 13531
f 13531 13541 13542 13532
f 13532 13542 13533 13523
f 13533 13543 13544 13534
f 13534 13544 13545 13535
f 13535 13545 13546 13536
f 13536 13546 13547 13537
f 13537 13547 13548 13538
f 13538 13548 13549 13539
f 13539 13549 13550 13540
f 13540 13550 13551 13541
f 13541 13551 13552 13542
f 13542 13552 13543 13533
f 13543 13553 13554 13544
f 13544 13554 13555 13545
f 13545 13555 13556 13546
f 13546 13556 13557 13547
f 13547 13557 13558 13548
f 13548 13558 13559 13549
f 13549 13559 13560 13550
f 13550 13560 13561 13551
f 13551 13561 13562 13552
f 13552 13562 13553 13543
f 13553 13563 13564 13554
f 13554 13564 13565 13555
f 13555 13565 13566 13556
f 13556 13566 13567 13557
f 13557 13567 13568 13558
f 13558 13568 13569 13559
f 13559 13569 13570 13560
f 13560 13570 13571 13561
f 13561 13571 13572 13562
f 13562 13572 13563 13553
f 13563 13573 13574 13564
f 13564 13574 13575 13565
f 13565 13575 13576 13566
f 13566 13576 13577 13567
f 13567 13577 13578 13568
f 13568 13578 13579 13569
f 13569 13579 13580 13570
f 13570 13580 13581 13571
f 13571 13581 13582 13572
f 13572 13582 13573 13563
f 13573 13583 13584 13574
f 13574 13584 13585 13575
f 13575 13585 13586 13576
f 13576 13586 13587 13577
f 13577 13587 13588 13578
f 13578 13588 13589 13579
f 13579 13589 13590 13580
f 13580 13590 13591 13581
f 13581 13591 13592 13582
f 13582 13592 13583 13573
f 13583 13593 13594 13584
f 13584 13594 13595 13585
f 13585 13595 13596 13586
f 13586 13596 13597 13587
f 13587 13597 13598 13588
f 13588 13598 13599 13589
f 13589 13599 13600 13590
f 13590 13600 13601 13591
f 13591 13601 13602 13592
f 13592 13602 13593 13583
f 13593 13603 13604 13594
f 13594 13604 13605 13595
f 13595 13605 13606 13596
f 13596 13606 13607 13597
f 13597 13607 13608 13598
f 13598 13608 13609 13599
f 13599 13609 13610 13600
f 13600 13610 13611 13601
f 13601 13611 13612 13602
f 13602 13612 13603 13593
f 13603 13613 13614 13604
f 13604 13614 13615 13605
f 13605 13615 13616 13606
f 13606 13616 13617 13607
f 13607 13617 13618 13608
f 13608 13618 13619 13609
f 13609 13619 13620 13610
f 13610 13620 13621 13611
f 13611 13621 13622 13612
f 13612 13622 13613 13603
f 13613 13623 13624 13614
f 13614 13624 13625 13615
f 13615 13625 13626 13616
f 13616 13626 13627 13617
f 13617 13627 13628 13618
f 13618 13628 13629 13619
f 13619 13629 13630 13620
f 13620 13630 13631 13621
f 13621 13631 13632 13622
f 13622 13632 13623 13613
f 13623 13633 13634 13624
f 13624 13634 13635 13625
f 13625 13635 13636 13626
f 13626 13636 13637 13627
f 13627 13637 13638 13628
f 13628 13638 13639 13629
f 13629 13639 13640 13630
f 13630 13640 13641 13631
f 13631 13641 13642 13632
f 13632 13642 13633 13623
f 13633 13643 13644 13634
f 13634 13644 13645 13635
f 13635 13645 13646 13636
f 13636 13646 13647 13637
f 13637 13647 13648 13638
f 13638 13648 13649 13639
f 13639 13649 13650 13640
f 13640 13650 13651 13641
f 13641 13651 13652 13642
f 13642 13652 13643 13633
f 13643 13653 13654 13644
f 13644 13654 13655 13645
f 13645 13655 13656 13646
f 13646 13656 13657 13647
f 13647 13657 13658 13648
f 13648 13658 13659 13649
f 13649 13659 13660 13650
f 13650 13660 13661 13651
f 13651 13661 13662 13652
f 13652 13662 13653 13643
f 13653 13663 13664 13654
f 13654 13664 13665 13655
f 13655 13665 13666 13656
f 13656 13666 13667 13657
f 13657 13667 13668 13658
f 13658 13668 13669 13659
f 13659 13669 13670 13660
f 13660 13670 13671 13661
f 13661 13671 13672 13662
f 13662 13672 13663 13653
f 13663 13673 13674 13664
f 13664 13674 13675 13665
f 13665 13675 13676 13666
f 13666 13676 13677 13667
f 13667 13677 13678 13668
f 13668 13678 13679 13669
f 13669 13679 13680 13670
f 13670 13680 13681 13671
f 13671 13681 13682 13672
f 13672 13682 13673 13663
f 13673 13683 13684 13674
f 13674 13684 13685 13675
f 13675 13685 13686 13676
f 13676 13686 13687 13677
f 13677 13687 13688 13678
f 13678 13688 13689 13679
f 13679 13689 13690 13680
f 13680 13690 13691 13681
f 13681 13691 13692 13682
f 13682 13692 13683 13673
f 13683 13693 13694 13684
f 13684 13694 13695 13685
f 13685 13695 13696 13686
f 13686 13696 13697 13687
f 13687 13697 13698 13688
f 13688 13698 13699 13689
f 13689 13699 13700 13690
f 13690 13700 13701 13691
f 13691 13701 13702 13692
f 13692 13702 13693 13683
f 13693 13703 13704 13694
f 13694 13704 13705 13695
f 13695 13705 13706 13696
f 13696 13706 13707 13697
f 13697 13707 13708 13698
f 13698 13708 13709 13699
f 13699 13709 13710 13700
f 13700 13710 13711 13701
f 13701 13711 13712 13702
f 13702 13712 13703 13693
f 13703 13713 13714 13704
f 13704 13714 13715 13705
f 13705 13715 13716 13706
f 13706 13716 13717 13707
f 13707 13717 13718 13708
f 13708 13718 13719 13709
f 13709 13719 13720 13710
f 13710 13720 13721 13711
f 13711 13721 13722 13712
f 13712 13722 13713 13703
f 13713 13723 13724 13714
f 13714 13724 13725 13715
f 13715 13725 13726 13716
f 13716 13726 13727 13717
f 13717 13727 13728 13718
f 13718 13728 13729 13719
f 13719 13729 13730 13720
f 13720 13730 13731 13721
f 13721 13731 13732 13722
f 13722 13732 13723 13713
f 13723 13733 13734 13724
f 13724 13734 13735 13725
f 13725 13735 13736 13726
f 13726 13736 13737 13727
f 13727 13737 13738 13728
f 13728 13738 13739 13729
f 13729 13739 13740 13730
f 13730 13740 13741 13731
f 13731 13741 13742 13732
f 13732 13742 13733 13723
f 13733 13743 13744 13734
f 13734 13744 13745 13735
f 13735 13745 13746 13736
f 13736 13746 13747 13737
f 13737 13747 13748 13738
f 13738 13748 13749 13739
f 13739 13749 13750 13740
f 13740 13750 13751 13741
f 13741 13751 13752 13742
f 13742 13752 13743 13733
f 13743 13753 13754 13744
f 13744 13754 13755 13745
f 13745 13755 13756 13746
f 13746 13756 13757 13747
f 13747 13757 13758 13748
f 13748 13758 13759 13749
f 13749 13759 13760 13750
f 13750 13760 13761 13751
f 13751 13761 13762 13752
f 13752 13762 13753 13743
f 13753 13763 13764 13754
f 13754 13764 13765 13755
f 13755 13765 13766 13756
f 13756 13766 13767 13757
f 13757 13767 13768 13758
f 13758 13768 13769 13759
f 13759 13769 13770 13760
f 13760 13770 13771 13761
f 13761 13771 13772 13762
f 13762 13772 13763 13753
f 13763 13773 13774 13764
f 13764 13774 13775 13765
f 13765 13775 13776 13766
f 13766 13776 13777 13767
f 13767 13777 13778 13768
f 13768 13778 13779 13769
f 13769 13779 13780 13770
f 13770 13780 13781 13771
f 13771 13781 13782 13772
f 13772 13782 13773 13763
f 13773 13783 13784 13774
f 13774 13784 13785 13775
f 13775 13785 13786 13776
f 13776 13786 13787 13777
f 13777 13787 13788 13778
f 13778 13788 13789 13779
f 13779 13789 13790 13780
f 13780 13790 13791 13781
f 13781 13791 13792 13782
f 13782 13792 13783 13773
f 13783 13793 13794 13784
f 13784 13794 13795 13785
f 13785 13795 13796 13786
f 13786 13796 13797 13787
f 13787 13797 13798 13788
f 13788 13798 13799 13789
f 13789 13799 13800 13790
f 13790 13800 13801 13791
f 13791 13801 13802 13792
f 13792 13802 13793 13783
f 13793 13803 13804 13794
f 13794 13804 13805 13795
f 13795 13805 13806 13796
f 13796 13806 13807 13797
f 13797 13807 13808 13798
f 13798 13808 13809 13799
f 13799 13809 13810 13800
f 13800 13810 13811 13801
f 13801 13811 13812 13802
f 13802 13812 13803 13793
f 13803 13813 13814 13804
f 13804 13814 13815 13805
f 13805 13815 13816 13806
f 13806 13816 13817 13807
f 13807 13817 13818 13808
f 13808 13818 13819 13809
f 13809 13819 13820 13810
f 13810 13820 13821 13811
f 13811 13821 13822 13812
f 13812 13822 13813 13803
f 13813 13823 13824 13814
f 13814 13824 13825 13815
f 13815 13825 13826 13816
f 13816 13826 13827 13817
f 13817 13827 13828 13818
f 13818 13828 13829 13819
f 13819 13829 13830 13820
f 13820 13830 13831 13821
f 13821 13831 13832 13822
f 13822 13832 13823 13813
f 13823 13833 13834 13824
f 13824 13834 13835 13825
f 13825 13835 13836 13826
f 13826 13836 13837 13827
f 13827 13837 13838 13828
f 13828 13838 13839 13829
f 13829 13839 13840 13830
f 13830 13840 13841 13831
f 13831 13841 13842 13832
f 13832 13842 13833 13823
f 13833 13843 13844 13834
f 13834 13844 13845 13835
f 13835 13845 13846 13836
f 13836 13846 13847 13837
f 13837 13847 13848 13838
f 13838 13848 13849 13839
f 13839 13849 13850 13840
f 13840 13850 13851 13841
f 13841 13851 13852 13842
f 13842 13852 13843 13833
f 13843 13853 13854 13844
f 13844 13854 13855 13845
f 13845 13855 13856 13846
f 13846 13856 13857 13847
f 13847 13857 13858 13848
f 13848 13858 13859 13849
f 13849 13859 13860 13850
f 13850 13860 13861 13851
f 13851 13861 13862 13852
f 13852 13862 13853 13843
f 13853 13863 13864 13854
f 13854 13864 13865 13855
f 13855 13865 13866 13856
f 13856 13866 13867 13857
f 13857 13867 13868 13858
f 13858 13868 13869 13859
f 13859 13869 13870 13860
f 13860 13870 13871 13861
f 13861 13871 13872 13862
f 13862 13872 13863 13853
f 13863 13873 13874 13864
f 13864 13874 13875 13865
f 13865 13875 13876 13866
f 13866 13876 13877 13867
f 13867 13877 13878 13868
f 13868 13878 13879 13869
f 13869 13879 13880 13870
f 13870 13880 13881 13871
f 13871 13881 13882 13872
f 13872 13882 13873 13863
f 13873 13883 13884 13874
f 13874 13884 13885 13875
f 13875 13885 13886 13876
f 13876 13886 13887 13877
f 13877 13887 13888 13878
f 13878 13888 13889 13879
f 13879 13889 13890 13880
f 13880 13890 13891 13881
f 13881 13891 13892 13882
f 13882 13892 13883 13873
f 13883 13893 13894 13884
f 13884 13894 13895 13885
f 13885 13895 13896 13886
f 13886 13896 13897 13887
f 13887 13897 13898 13888
f 13888 13898 13899 13889
f 13889 13899 13900 13890
f 13890 13900 13901 13891
f 13891 13901 13902 13892
f 13892 13902 13893 13883
f 13893 13903 13904 13894
f 13894 13904 13905 13895
f 13895 13905 13906 13896
f 13896 13906 13907 13897
f 13897 13907 13908 13898
f 13898 13908 13909 13899
f 13899 13909 13910 13900
f 13900 13910 13911 13901
f 13901 13911 13912 13902
f 13902 13912 13903 13893
f 13903 13913 13914 13904
f 13904 13914 13915 13905
f 13905 13915 13916 13906
f 13906 13916 13917 13907
f 13907 13917 13918 13908
f 13908 13918 13919 13909
f 13909 13919 13920 13910
f 13910 13920 13921 13911
f 13911 13921 13922 13912
f 13912 13922 13913 13903
f 13913 13923 13924 13914
f 13914 13924 13925 13915
f 13915 13925 13926 13916
f 13916 13926 13927 13917
f 13917 13927 13928 13918
f 13918 13928 13929 13919
f 13919 13929 13930 13920
f 13920 13930 13931 13921
f 13921 13931 13932 13922
f 13922 13932 13923 13913
f 13923 13933 13934 13924
f 13924 13934 13935 13925
f 13925 13935 13936 13926
f 13926 13936 13937 13927
f 13927 13937 13938 13928
f 13928 13938 13939 13929
f 13929 13939 13940 13930
f 13930 13940 13941 13931
f 13931 13941 13942 13932
f 13932 13942 13933 13923
f 13933 13943 13944 13934
f 13934 13944 13945 13935
f 13935 13945 13946 13936
f 13936 13946 13947 13937
f 13937 13947 13948 13938
f 13938 13948 13949 13939
f 13939 13949 13950 13940
f 13940 13950 13951 13941
f 13941 13951 13952 13942
f 13942 13952 13943 13933
f 13943 13953 13954 13944
f 13944 13954 13955 13945
f 13945 13955 13956 13946
f 13946 13956 13957 13947
f 13947 13957 13958 13948
f 13948 13958 13959 13949
f 13949 13959 13960 13950
f 13950 13960 13961 13951
f 13951 13961 13962 13952
f 13952 13962 13953 13943
f 13953 13963 13964 13954
f 13954 13964 13965 13955
f 13955 13965 13966 13956
f 13956 13966 13967 13957
f 13957 13967 13968 13958
f 13958 13968 13969 13959
f 13959 13969 13970 13960
f 13960 13970 13971 13961
f 13961 13971 13972 13962
f 13962 13972 13963 13953
f 13963 13973 13974 13964
f 13964 13974 13975 13965
f 13965 13975 13976 13966
f 13966 13976 13977 13967
f 13967 13977 13978 13968
f 13968 13978 13979 13969
f 13969 13979 13980 13970
f 13970 13980 13981 13971
f 13971 13981 13982 13972
f 13972 13982 13973 13963
f 13973 13983 13984 13974
f 13974 13984 13985 13975
f 13975 13985 13986 13976
f 13976 13986 13987 13977
f 13977 13987 13988 13978
f 13978 13988 13989 13979
f 13979 13989 13990 13980
f 13980 13990 13991 13981
f 13981 13991 13992 13982
f 13982 13992 13983 13973
f 13983 13993 13994 13984
f 13984 13994 13995 13985
f 13985 13995 13996 13986
f 13986 13996 13997 13987
f 13987 13997 13998 13988
f 13988 13998 13999 13989
f 13989 13999 14000 13990
f 13990 14000 14001 13991
f 13991 14001 14002 13992
f 13992 14002 13993 13983
f 13993 14003 14004 13994
f 13994 14004 14005 13995
f 13995 14005 14006 13996
f 13996 14006 14007 13997
f 13997 14007 14008 13998
f 13998 14008 14009 13999
f 13999 14009 14010 14000
f 14000 14010 14011 14001
f 14001 14011 14012 14002
f 14002 14012 14003 13993
f 14003 14013 14014 14004
f 14004 14014 14015 14005
f 14005 14015 14016 14006
f 14006 14016 14017 14007
f 14007 14017 14018 14008
f 14008 14018 14019 14009
f 14009 14019 14020 14010
f 14010 14020 14021 14011
f 14011 14021 14022 14012
f 14012 14022 14013 14003
f 14013 14023 14024 14014
f 14014 14024 14025 14015
f 14015 14025 14026 14016
f 14016 14026 14027 14017
f 14017 14027 14028 14018
f 14018 14028 14029 14019
f 14019 14029 14030 14020
f 14020 14030 14031 14021
f 14021 14031 14032 14022
f 14022 14032 14023 14013
f 14023 14033 14034 14024
f 14024 14034 14035 14025
f 14025 14035 14036 14026
f 14026 14036 14037 14027
f 14027 14037 14038 14028
f 14028 14038 14039 14029
f 14029 14039 14040 14030
f 14030 14040 14041 14031
f 14031 14041 14042 14032
f 14032 14042 14033 14023
f 14033 14043 14044 14034
f 14034 14044 14045 14035
f 14035 14045 14046 14036
f 14036 14046 14047 14037
f 14037 14047 14048 14038
f 14038 14048 14049 14039
f 14039 14049 14050 14040
f 14040 14050 14051 14041
f 14041 14051 14052 14042
f 14042 14052 14043 14033
f 14043 14053 14054 14044
f 14044 14054 14055 14045
f 14045 14055 14056 14046
f 14046 14056 14057 14047
f 14047 14057 14058 14048
f 14048 14058 14059 14049
f 14049 14059 14060 14050
f 14050 14060 14061 14051
f 14051 14061 14062 14052
f 14052 14062 14053 14043
f 14053 14063 14064 14054
f 14054 14064 14065 14055
f 14055 14065 14066 14056
f 14056 14066 14067 14057
f 14057 14067 14068 14058
f 14058 14068 14069 14059
f 14059 14069 14070 14060
f 14060 14070 14071 14061
f 14061 14071 14072 14062
f 14062 14072 14063 14053
f 14063 14073 14074 14064
f 14064 14074 14075 14065
f 14065 14075 14076 14066
f 14066 14076 14077 14067
f 14067 14077 14078 14068
f 14068 14078 14079 14069
f 14069 14079 14080 14070
f 14070 14080 14081 14071
f 14071 14081 14082 14072
f 14072 14082 14073 14063
f 14073 14083 14084 14074
f 14074 14084 14085 14075
f 14075 14085 14086 14076
f 14076 14086 14087 14077
f 14077 14087 14088 14078
f 14078 14088 14089 14079
f 14079 14089 14090 14080
f 14080 14090 14091 14081
f 14081 14091 14092 14082
f 14082 14092 14083 14073
f 14083 14093 14094 14084
f 14084 14094 14095 14085
f 14085 14095 14096 14086
f 14086 14096 14097 14087
f 14087 14097 14098 14088
f 14088 14098 14099 14089
f 14089 14099 14100 14090
f 14090 14100 14101 14091
f 14091 14101 14102 14092
f 14092 14102 14093 14083
f 14093 14103 14104 14094
f 14094 14104 14105 14095
f 14095 14105 14106 14096
f 14096 14106 14107 14097
f 14097 14107 14108 14098
f 14098 14108 14109 14099
f 14099 14109 14110 14100
f 14100 14110 14111 14101
f 14101 14111 14112 14102
f 14102 14112 14103 14093
f 14103 14113 14114 14104
f 14104 14114 14115 14105
f 14105 14115 14116 14106
f 14106 14116 14117 14107
f 14107 14117 14118 14108
f 14108 14118 14119 14109
f 14109 14119 14120 14110
f 14110 14120 14121 14111
f 14111 14121 14122 14112
f 14112 14122 14113 14103
f 14113 14123 14124 14114
f 14114 14124 14125 14115
f 14115 14125 14126 14116
f 14116 14126 14127 14117
f 14117 14127 14128 14118
f 14118 14128 14129 14119
f 14119 14129 14130 14120
f 14120 14130 14131 14121
f 14121 14131 14132 14122
f 14122 14132 14123 14113
f 14123 14133 14134 14124
f 14124 14134 14135 14125
f 14125 14135 14136 14126
f 14126 14136 14137 14127
f 14127 14137 14138 14128
f 14128 14138 14139 14129
f 14129 14139 14140 14130
f 14130 14140 14141 14131
f 14131 14141 14142 14132
f 14132 14142 14133 14123
f 14133 14143 14144 14134
f 14134 14144 14145 14135
f 14135 14145 14146 14136
f 14136 14146 14147 14137
f 14137 14147 14148 14138
f 14138 14148 14149 14139
f 14139 14149 14150 14140
f 14140 14150 14151 14141
f 14141 14151 14152 14142
f 14142 14152 14143 14133
f 14143 14153 14154 14144
f 14144 14154 14155 14145
f 14145 14155 14156 14146
f 14146 14156 14157 14147
f 14147 14157 14158 14148
f 14148 14158 14159 14149
f 14149 14159 14160 14150
f 14150 14160 14161 14151
f 14151 14161 14162 14152
f 14152 14162 14153 14143
f 14153 14163 14164 14154
f 14154 14164 14165 14155
f 14155 14165 14166 14156
f 14156 14166 14167 14157
f 14157 14167 14168 14158
f 14158 14168 14169 14159
f 14159 14169 14170 14160
f 14160 14170 14171 14161
f 14161 14171 14172 14162
f 14162 14172 14163 14153
f 14163 14173 14174 14164
f 14164 14174 14175 14165
f 14165 14175 14176 14166
f 14166 14176 14177 14167
f 14167 14177 14178 14168
f 14168 14178 14179 14169
f 14169 14179 14180 14170
f 14170 14180 14181 14171
f 14171 14181 14182 14172
f 14172 14182 14173 14163
f 14173 14183 14184 14174
f 14174 14184 14185 14175
f 14175 14185 14186 14176
f 14176 14186 14187 14177
f 14177 14187 14188 14178
f 14178 14188 14189 14179
f 14179 14189 14190 14180
f 14180 14190 14191 14181
f 14181 14191 14192 14182
f 14182 14192 14183 14173
f 14183 14193 14194 14184
f 14184 14194 14195 14185
f 14185 14195 14196 14186
f 14186 14196 14197 14187
f 14187 14197 14198 14188
f 14188 14198 14199 14189
f 14189 14199 14200 14190
f 14190 14200 14201 14191
f 14191 14201 14202 14192
f 14192 14202 14193 14183
f 14193 14203 14204 14194
f 14194 14204 14205 14195
f 14195 14205 14206 14196
f 14196 14206 14207 14197
f 14197 14207 14208 14198
f 14198 14208 14209 14199
f 14199 14209 14210 14200
f 14200 14210 14211 14201
f 14201 14211 14212 14202
f 14202 14212 14203 14193
f 14203 14213 14214 14204
f 14204 14214 14215 14205
f 14205 14215 14216 14206
f 14206 14216 14217 14207
f 14207 14217 14218 14208
f 14208 14218 14219 14209
f 14209 14219 14220 14210
f 14210 14220 14221 14211
f 14211 14221 14222 14212
f 14212 14222 14213 14203
f 14213 14223 14224 14214
f 14214 14224 14225 14215
f 14215 14225 14226 14216
f 14216 14226 14227 14217
f 14217 14227 14228 14218
f 14218 14228 14229 14219
f 14219 14229 14230 14220
f 14220 14230 14231 14221
f 14221 14231 14232 14222
f 14222 14232 14223 14213
f 14223 14233 14234 14224
f 14224 14234 14235 14225
f 14225 14235 14236 14226
f 14226 14236 14237 14227
f 14227 14237 14238 14228
f 14228 14238 14239 14229
f 14229 14239 14240 14230
f 14230 14240 14241 14231
f 14231 14241 14242 14232
f 14232 14242 14233 14223
f 14233 14243 14244 14234
f 14234 14244 14245 14235
f 14235 14245 14246 14236
f 14236 14246 14247 14237
f 14237 14247 14248 14238
f 14238 14248 14249 14239
f 14239 14249 14250 14240
f 14240 14250 14251 14241
f 14241 14251 14252 14242
f 14242 14252 14243 14233
f 14243 14253 14254 14244
f 14244 14254 14255 14245
f 14245 14255 14256 14246
f 14246 14256 14257 14247
f 14247 14257 14258 14248
f 14248 14258 14259 14249
f 14249 14259 14260 14250
f 14250 14260 14261 14251
f 14251 14261 14262 14252
f 14252 14262 14253 14243
f 14253 14263 14264 14254
f 14254 14264 14265 14255
f 14255 14265 14266 14256
f 14256 14266 14267 14257
f 14257 14267 14268 14258
f 14258 14268 14269 14259
f 14259 14269 14270 14260
f 14260 14270 14271 14261
f 14261 14271 14272 14262
f 14262 14272 14263 14253
f 14263 14273 14274 14264
f 14264 14274 14275 14265
f 14265 14275 14276 14266
f 14266 14276 14277 14267
f 14267 14277 14278 14268
f 14268 14278 14279 14269
f 14269 14279 14280 14270
f 14270 14280 14281 14271
f 14271 14281 14282 14272
f 14272 14282 14273 14263
f 14273 14283 14284 14274
f 14274 14284 14285 14275
f 14275 14285 14286 14276
f 14276 14286 14287 14277
f 14277 14287 14288 14278
f 14278 14288 14289 14279
f 14279 14289 14290 14280
f 14280 14290 14291 14281
f 14281 14291 14292 14282
f 14282 14292 14283 14273
f 14283 14293 14294 14284
f 14284 14294 14295 14285
f 14285 14295 14296 14286
f 14286 14296 14297 14287
f 14287 14297 14298 14288
f 14288 14298 14299 14289
f 14289 14299 14300 14290
f 14290 14300 14301 14291
f 14291 14301 14302 14292
f 14292 14302 14293 14283
f 14293 14303 14304 14294
f 14294 14304 14305 14295
f 14295 14305 14306 14296
f 14296 14306 14307 14297
f 14297 14307 14308 14298
f 14298 14308 14309 14299
f 14299 14309 14310 14300
f 14300 14310 14311 14301
f 14301 14311 14312 14302
f 14302 14312 14303 14293
f 14303 14313 14314 14304
f 14304 14314 14315 14305
f 14305 14315 14316 14306
f 14306 14316 14317 14307
f 14307 14317 14318 14308
f 14308 14318 14319 14309
f 14309 14319 14320 14310
f 14310 14320 14321 14311
f 14311 14321 14322 14312
f 14312 14322 14313 14303
f 14313 14323 14324 14314
f 14314 14324 14325 14315
f 14315 14325 14326 14316
f 14316 14326 14327 14317
f 14317 14327 14328 14318
f 14318 14328 14329 14319
f 14319 14329 14330 14320
f 14320 14330 14331 14321
f 14321 14331 14332 14322
f 14322 14332 14323 14313
f 14323 14333 14334 14324
f 14324 14334 14335 14325
f 14325 14335 14336 14326
f 14326 14336 14337 14327
f 14327 14337 14338 14328
f 14328 14338 14339 14329
f 14329 14339 14340 14330
f 14330 14340 14341 14331
f 14331 14341 14342 14332
f 14332 14342 14333 14323
f 14333 14343 14344 14334
f 14334 14344 14345 14335
f 14335 14345 14346 14336
f 14336 14346 14347 14337
f 14337 14347 14348 14338
f 14338 14348 14349 14339
f 14339 14349 14350 14340
f 14340 14350 14351 14341
f 14341 14351 14352 14342
f 14342 14352 14343 14333
f 14343 14353 14354 14344
f 14344 14354 14355 14345
f 14345 14355 14356 14346
f 14346 14356 14357 14347
f 14347 14357 14358 14348
f 14348 14358 14359 14349
f 14349 14359 14360 14350
f 14350 14360 14361 14351
f 14351 14361 14362 14352
f 14352 14362 14353 14343
f 14353 14363 14364 14354
f 14354 14364 14365 14355
f 14355 14365 14366 14356
f 14356 14366 14367 14357
f 14357 14367 14368 14358
f 14358 14368 14369 14359
f 14359 14369 14370 14360
f 14360 14370 14371 14361
f 14361 14371 14372 14362
f 14362 14372 14363 14353
f 14363 14373 14374 14364
f 14364 14374 14375 14365
f 14365 14375 14376 14366
f 14366 14376 14377 14367
f 14367 14377 14378 14368
f 14368 14378 14379 14369
f 14369 14379 14380 14370
f 14370 14380 14381 14371
f 14371 14381 14382 14372
f 14372 14382 14373 14363
f 14373 14383 14384 14374
f 14374 14384 14385 14375
f 14375 14385 14386 14376
f 14376 14386 14387 14377
f 14377 14387 14388 14378
f 14378 14388 14389 14379
f 14379 14389 14390 14380
f 14380 14390 14391 14381
f 14381 14391 14392 14382
f 14382 14392 14383 14373
f 14383 14393 14394 14384
f 14384 14394 14395 14385
f 14385 14395 14396 14386
f 14386 14396 14397 14387
f 14387 14397 14398 14388
f 14388 14398 14399 14389
f 14389 14399 14400 14390
f 14390 14400 14401 14391
f 14391 14401 14402 14392
f 14392 14402 14393 14383
f 14393 14403 14404 14394
f 14394 14404 14405 14395
f 14395 14405 14406 14396
f 14396 14406 14407 14397
f 14397 14407 14408 14398
f 14398 14408 14409 14399
f 14399 14409 14410 14400
f 14400 14410 14411 14401
f 14401 14411 14412 14402
f 14402 14412 14403 14393
f 14403 14413 14414 14404
f 14404 14414 14415 14405
f 14405 14415 14416 14406
f 14406 14416 14417 14407
f 14407 14417 14418 14408
f 14408 14418 14419 14409
f 14409 14419 14420 14410
f 14410 14420 14421 14411
f 14411 14421 14422 14412
f 14412 14422 14413 14403
f 14413 14423 14424 14414
f 14414 14424 14425 14415
f 14415 14425 14426 14416
f 14416 14426 14427 14417
f 14417 14427 14428 14418
f 14418 14428 14429 14419
f 14419 14429 14430 14420
f 14420 14430 14431 14421
f 14421 14431 14432 14422
f 14422 14432 14423 14413
f 14423 14433 14434 14424
f 14424 14434 14435 14425
f 14425 14435 14436 14426
f 14426 14436 14437 14427
f 14427 14437 14438 14428
f 14428 14438 14439 14429
f 14429 14439 14440 14430
f 14430 14440 14441 14431
f 14431 14441 14442 14432
f 14432 14442 14433 14423
f 14433 14443 14444 14434
f 14434 14444 14445 14435
f 14435 14445 14446 14436
f 14436 14446 14447 14437
f 14437 14447 14448 14438
f 14438 14448 14449 14439
f 14439 14449 14450 14440
f 14440 14450 14451 14441
f 14441 14451 14452 14442
f 14442 14452 14443 14433
f 14443 14453 14454 14444
f 14444 14454 14455 14445
f 14445 14455 14456 14446
f 14446 14456 14457 14447
f 14447 14457 14458 14448
f 14448 14458 14459 14449
f 14449 14459 14460 14450
f 14450 14460 14461 14451
f 14451 14461 14462 14452
f 14452 14462 14453 14443
f 14453 14463 14464 14454
f 14454 14464 14465 14455
f 14455 14465 14466 14456
f 14456 14466 14467 14457
f 14457 14467 14468 14458
f 14458 14468 14469 14459
f 14459 14469 14470 14460
f 14460 14470 14471 14461
f 14461 14471 14472 14462
f 14462 14472 14463 14453
f 14463 14473 14474 14464
f 14464 14474 14475 14465
f 14465 14475 14476 14466
f 14466 14476 14477 14467
f 14467 14477 14478 14468
f 14468 14478 14479 14469
f 14469 14479 14480 14470
f 14470 14480 14481 14471
f 14471 14481 14482 14472
f 14472 14482 14473 14463
f 14473 14483 14484 14474
f 14474 14484 14485 14475
f 14475 14485 14486 14476
f 14476 14486 14487 14477
f 14477 14487 14488 14478
f 14478 14488 14489 14479
f 14479 14489 14490 14480
f 14480 14490 14491 14481
f 14481 14491 14492 14482
f 14482 14492 14483 14473
f 14483 14493 14494 14484
f 14484 14494 14495 14485
f 14485 14495 14496 14486
f 14486 14496 14497 14487
f 14487 14497 14498 14488
f 14488 14498 14499 14489
f 14489 14499 14500 14490
f 14490 14500 14501 14491
f 14491 14501 14502 14492
f 14492 14502 14493 14483
f 14493 14503 14504 14494
f 14494 14504 14505 14495
f 14495 14505 14506 14496
f 14496 14506 14507 14497
f 14497 14507 14508 14498
f 14498 14508 14509 14499
f 14499 14509 14510 14500
f 14500 14510 14511 14501
f 14501 14511 14512 14502
f 14502 14512 14503 14493
f 14503 14513 14514 14504
f 14504 14514 14515 14505
f 14505 14515 14516 14506
f 14506 14516 14517 14507
f 14507 14517 14518 14508
f 14508 14518 14519 14509
f 14509 14519 14520 14510
f 14510 14520 14521 14511
f 14511 14521 14522 14512
f 14512 14522 14513 14503
f 14513 14523 14524 14514
f 14514 14524 14525 14515
f 14515 14525 14526 14516
f 14516 14526 14527 14517
f 14517 14527 14528 14518
f 14518 14528 14529 14519
f 14519 14529 14530 14520
f 14520 14530 14531 14521
f 14521 14531 14532 14522
f 14522 14532 14523 14513
f 14523 14533 14534 14524
f 14524 14534 14535 14525
f 14525 14535 14536 14526
f 14526 14536 14537 14527
f 14527 14537 14538 14528
f 14528 14538 14539 14529
f 14529 14539 14540 14530
f 14530 14540 14541 14531
f 14531 14541 14542 14532
f 14532 14542 14533 14523
f 14533 14543 14544 14534
f 14534 14544 14545 14535
f 14535 14545 14546 14536
f 14536 14546 14547 14537
f 14537 14547 14548 14538
f 14538 14548 14549 14539
f 14539 14549 14550 14540
f 14540 14550 14551 14541
f 14541 14551 14552 14542
f 14542 14552 14543 14533
f 14543 14553 14554 14544
f 14544 14554 14555 14545
f 14545 14555 14556 14546
f 14546 14556 14557 14547
f 14547 14557 14558 14548
f 14548 14558 14559 14549
f 14549 14559 14560 14550
f 14550 14560 14561 14551
f 14551 14561 14562 14552
f 14552 14562 14553 14543
f 14553 14563 14564 14554
f 14554 14564 14565 14555
f 14555 14565 14566 14556
f 14556 14566 14567 14557
f 14557 14567 14568 14558
f 14558 14568 14569 14559
f 14559 14569 14570 14560
f 14560 14570 14571 14561
f 14561 14571 14572 14562
f 14562 14572 14563 14553
f 14563 14573 14574 14564
f 14564 14574 14575 14565
f 14565 14575 14576 14566
f 14566 14576 14577 14567
f 14567 14577 14578 14568
f 14568 14578 14579 14569
f 14569 14579 14580 14570
f 14570 14580 14581 14571
f 14571 14581 14582 14572
f 14572 14582 14573 14563
f 14573 14583 14584 14574
f 14574 14584 14585 14575
f 14575 14585 14586 14576
f 14576 14586 14587 14577
f 14577 14587 14588 14578
f 14578 14588 14589 14579
f 14579 14589 14590 14580
f 14580 14590 14591 14581
f 14581 14591 14592 14582
f 14582 14592 14583 14573
f 14583 14593 14594 14584
f 14584 14594 14595 14585
f 14585 14595 14596 14586
f 14586 14596 14597 14587
f 14587 14597 14598 14588
f 14588 14598 14599 14589
f 14589 14599 14600 14590
f 14590 14600 14601 14591
f 14591 14601 14602 14592
f 14592 14602 14593 14583
f 14593 14603 14604 14594
f 14594 14604 14605 14595
f 14595 14605 14606 14596
f 14596 14606 14607 14597
f 14597 14607 14608 14598
f 14598 14608 14609 14599
f 14599 14609 14610 14600
f 14600 14610 14611 14601
f 14601 14611 14612 14602
f 14602 14612 14603 14593
f 14603 14613 14614 14604
f 14604 14614 14615 14605
f 14605 14615 14616 14606
f 14606 14616 14617 14607
f 14607 14617 14618 14608
f 14608 14618 14619 14609
f 14609 14619 14620 14610
f 14610 14620 14621 14611
f 14611 14621 14622 14612
f 14612 14622 14613 14603
f 14613 14623 14624 14614
f 14614 14624 14625 14615
f 14615 14625 14626 14616
f 14616 14626 14627 14617
f 14617 14627 14628 14618
f 14618 14628 14629 14619
f 14619 14629 14630 14620
f 14620 14630 14631 14621
f 14621 14631 14632 14622
f 14622 14632 14623 14613
f 14623 14633 14634 14624
f 14624 14634 14635 14625
f 14625 14635 14636 14626
f 14626 14636 14637 14627
f 14627 14637 14638 14628
f 14628 14638 14639 14629
f 14629 14639 14640 14630
f 14630 14640 14641 14631
f 14631 14641 14642 14632
f 14632 14642 14633 14623
f 14633 14643 14644 14634
f 14634 14644 14645 14635
f 14635 14645 14646 14636
f 14636 14646 14647 14637
f 14637 14647 14648 14638
f 14638 14648 14649 14639
f 14639 14649 14650 14640
f 14640 14650 14651 14641
f 14641 14651 14652 14642
f 14642 14652 14643 14633
f 14643 14653 14654 14644
f 14644 14654 14655 14645
f 14645 14655 14656 14646
f 14646 14656 14657 14647
f 14647 14657 14658 14648
f 14648 14658 14659 14649
f 14649 14659 14660 14650
f 14650 14660 14661 14651
f 14651 14661 14662 14652
f 14652 14662 14653 14643
f 14653 14663 14664 14654
f 14654 14664 14665 14655
f 14655 14665 14666 14656
f 14656 14666 14667 14657
f 14657 14667 14668 14658
f 14658 14668 14669 14659
f 14659 14669 14670 14660
f 14660 14670 14671 14661
f 14661 14671 14672 14662
f 14662 14672 14663 14653
f 14663 14673 14674 14664
f 14664 14674 14675 14665
f 14665 14675 14676 14666
f 14666 14676 14677 14667
f 14667 14677 14678 14668
f 14668 14678 14679 14669
f 14669 14679 14680 14670
f 14670 14680 14681 14671
f 14671 14681 14682 14672
f 14672 14682 14673 14663
f 14673 14683 14684 14674
f 14674 14684 14685 14675
f 14675 14685 14686 14676
f 14676 14686 14687 14677
f 14677 14687 14688 14678
f 14678 14688 14689 14679
f 14679 14689 14690 14680
f 14680 14690 14691 14681
f 14681 14691 14692 14682
f 14682 14692 14683 14673
f 14683 14693 14694 14684
f 14684 14694 14695 14685
f 14685 14695 14696 14686
f 14686 14696 14697 14687
f 14687 14697 14698 14688
f 14688 14698 14699 14689
f 14689 14699 14700 14690
f 14690 14700 14701 14691
f 14691 14701 14702 14692
f 14692 14702 14693 14683
f 14693 14703 14704 14694
f 14694 14704 14705 14695
f 14695 14705 14706 14696
f 14696 14706 14707 14697
f 14697 14707 14708 14698
f 14698 14708 14709 14699
f 14699 14709 14710 14700
f 14700 14710 14711 14701
f 14701 14711 14712 14702
f 14702 14712 14703 14693
f 14703 14713 14714 14704
f 14704 14714 14715 14705
f 14705 14715 14716 14706
f 14706 14716 14717 14707
f 14707 14717 14718 14708
f 14708 14718 14719 14709
f 14709 14719 14720 14710
f 14710 14720 14721 14711
f 14711 14721 14722 14712
f 14712 14722 14713 14703
f 14713 14723 14724 14714
f 14714 14724 14725 14715
f 14715 14725 14726 14716
f 14716 14726 14727 14717
f 14717 14727 14728 14718
f 14718 14728 14729 14719
f 14719 14729 14730 14720
f 14720 14730 14731 14721
f 14721 14731 14732 14722
f 14722 14732 14723 14713
f 14723 14733 14734 14724
f 14724 14734 14735 14725
f 14725 14735 14736 14726
f 14726 14736 14737 14727
f 14727 14737 14738 14728
f 14728 14738 14739 14729
f 14729 14739 14740 14730
f 14730 14740 14741 14731
f 14731 14741 14742 14732
f 14732 14742 14733 14723
f 14733 14743 14744 14734
f 14734 14744 14745 14735
f 14735 14745 14746 14736
f 14736 14746 14747 14737
f 14737 14747 14748 14738
f 14738 14748 14749 14739
f 14739 14749 14750 14740
f 14740 14750 14751 14741
f 14741 14751 14752 14742
f 14742 14752 14743 14733
f 14743 14753 14754 14744
f 14744 14754 14755 14745
f 14745 14755 14756 14746
f 14746 14756 14757 14747
f 14747 14757 14758 14748
f 14748 14758 14759 14749
f 14749 14759 14760 14750
f 14750 14760 14761 14751
f 14751 14761 14762 14752
f 14752 14762 14753 14743
f 14753 14763 14764 14754
f 14754 14764 14765 14755
f 14755 14765 14766 14756
f 14756 14766 14767 14757
f 14757 14767 14768 14758
f 14758 14768 14769 14759
f 14759 14769 14770 14760
f 14760 14770 14771 14761
f 14761 14771 14772 14762
f 14762 14772 14763 14753
f 14763 14773 14774 14764
f 14764 14774 14775 14765
f 14765 14775 14776 14766
f 14766 14776 14777 14767
f 14767 14777 14778 14768
f 14768 14778 14779 14769
f 14769 14779 14780 14770
f 14770 14780 14781 14771
f 14771 14781 14782 14772
f 14772 14782 14773 14763
f 14773 14783 14784 14774
f 14774 14784 14785 14775
f 14775 14785 14786 14776
f 14776 14786 14787 14777
f 14777 14787 14788 14778
f 14778 14788 14789 14779
f 14779 14789 14790 14780
f 14780 14790 14791 14781
f 14781 14791 14792 14782
f 14782 14792 14783 14773
f 14783 14793 14794 14784
f 14784 14794 14795 14785
f 14785 14795 14796 14786
f 14786 14796 14797 14787
f 14787 14797 14798 14788
f 14788 14798 14799 14789
f 14789 14799 14800 14790
f 14790 14800 14801 14791
f 14791 14801 14802 14792
f 14792 14802 14793 14783
f 14793 14803 14804 14794
f 14794 14804 14805 14795
f 14795 14805 14806 14796
f 14796 14806 14807 14797
f 14797 14807 14808 14798
f 14798 14808 14809 14799
f 14799 14809 14810 14800
f 14800 14810 14811 14801
f 14801 14811 14812 14802
f 14802 14812 14803 14793
f 14803 14813 14814 14804
f 14804 14814 14815 14805
f 14805 14815 14816 14806
f 14806 14816 14817 14807
f 14807 14817 14818 14808
f 14808 14818 14819 14809
f 14809 14819 14820 14810
f 14810 14820 14821 14811
f 14811 14821 14822 14812
f 14812 14822 14813 14803
f 14813 14823 14824 14814
f 14814 14824 14825 14815
f 14815 14825 14826 14816
f 14816 14826 14827 14817
f 14817 14827 14828 14818
f 14818 14828 14829 14819
f 14819 14829 14830 14820
f 14820 14830 14831 14821
f 14821 14831 14832 14822
f 14822 14832 14823 14813
f 14823 14833 14834 14824
f 14824 14834 14835 14825
f 14825 14835 14836 14826
f 14826 14836 14837 14827
f 14827 14837 14838 14828
f 14828 14838 14839 14829
f 14829 14839 14840 14830
f 14830 14840 14841 14831
f 14831 14841 14842 14832
f 14832 14842 14833 14823
f 14833 14843 14844 14834
f 14834 14844 14845 14835
f 14835 14845 14846 14836
f 14836 14846 14847 14837
f 14837 14847 14848 14838
f 14838 14848 14849 14839
f 14839 14849 14850 14840
f 14840 14850 14851 14841
f 14841 14851 14852 14842
f 14842 14852 14843 14833
f 14843 14853 14854 14844
f 14844 14854 14855 14845
f 14845 14855 14856 14846
f 14846 14856 14857 14847
f 14847 14857 14858 14848
f 14848 14858 14859 14849
f 14849 14859 14860 14850
f 14850 14860 14861 14851
f 14851 14861 14862 14852
f 14852 14862 14853 14843
f 14853 14863 14864 14854
f 14854 14864 14865 14855
f 14855 14865 14866 14856
f 14856 14866 14867 14857
f 14857 14867 14868 14858
f 14858 14868 14869 14859
f 14859 14869 14870 14860
f 14860 14870 14871 14861
f 14861 14871 14872 14862
f 14862 14872 14863 14853
f 14863 14873 14874 14864
f 14864 14874 14875 14865
f 14865 14875 14876 14866
f 14866 14876 14877 14867
f 14867 14877 14878 14868
f 14868 14878 14879 14869
f 14869 14879 14880 14870
f 14870 14880 14881 14871
f 14871 14881 14882 14872
f 14872 14882 14873 14863
f 14873 14883 14884 14874
f 14874 14884 14885 14875
f 14875 14885 14886 14876
f 14876 14886 14887 14877
f 14877 14887 14888 14878
f 14878 14888 14889 14879
f 14879 14889 14890 14880
f 14880 14890 14891 14881
f 14881 14891 14892 14882
f 14882 14892 14883 14873
f 14883 14893 14894 14884
f 14884 14894 14895 14885
f 14885 14895 14896 14886
f 14886 14896 14897 14887
f 14887 14897 14898 14888
f 14888 14898 14899 14889
f 14889 14899 14900 14890
f 14890 14900 14901 14891
f 14891 14901 14902 14892
f 14892 14902 14893 14883
f 14893 14903 14904 14894
f 14894 14904 14905 14895
f 14895 14905 14906 14896
f 14896 14906 14907 14897
f 14897 14907 14908 14898
f 14898 14908 14909 14899
f 14899 14909 14910 14900
f 14900 14910 14911 14901
f 14901 14911 14912 14902
f 14902 14912 14903 14893
f 14903 14913 14914 14904
f 14904 14914 14915 14905
f 14905 14915 14916 14906
f 14906 14916 14917 14907
f 14907 14917 14918 14908
f 14908 14918 14919 14909
f 14909 14919 14920 14910
f 14910 14920 14921 14911
f 14911 14921 14922 14912
f 14912 14922 14913 14903
f 14913 14923 14924 14914
f 14914 14924 14925 14915
f 14915 14925 14926 14916
f 14916 14926 14927 14917
f 14917 14927 14928 14918
f 14918 14928 14929 14919
f 14919 14929 14930 14920
f 14920 14930 14931 14921
f 14921 14931 14932 14922
f 14922 14932 14923 14913
f 14923 14933 14934 14924
f 14924 14934 14935 14925
f 14925 14935 14936 14926
f 14926 14936 14937 14927
f 14927 14937 14938 14928
f 14928 14938 14939 14929
f 14929 14939 14940 14930
f 14930 14940 14941 14931
f 14931 14941 14942 14932
f 14932 14942 14933 14923
f 14933 14943 14944 14934
f 14934 14944 14945 14935
f 14935 14945 14946 14936
f 14936 14946 14947 14937
f 14937 14947 14948 14938
f 14938 14948 14949 14939
f 14939 14949 14950 14940
f 14940 14950 14951 14941
f 14941 14951 14952 14942
f 14942 14952 14943 14933
f 14943 14953 14954 14944
f 14944 14954 14955 14945
f 14945 14955 14956 14946
f 14946 14956 14957 14947
f 14947 14957 14958 14948
f 14948 14958 14959 14949
f 14949 14959 14960 14950
f 14950 14960 14961 14951
f 14951 14961 14962 14952
f 14952 14962 14953 14943
f 14953 14963 14964 14954
f 14954 14964 14965 14955
f 14955 14965 14966 14956
f 14956 14966 14967 14957
f 14957 14967 14968 14958
f 14958 14968 14969 14959
f 14959 14969 14970 14960
f 14960 14970 14971 14961
f 14961 14971 14972 14962
f 14962 14972 14963 14953
f 14963 14973 14974 14964
f 14964 14974 14975 14965
f 14965 14975 14976 14966
f 14966 14976 14977 14967
f 14967 14977 14978 14968
f 14968 14978 14979 14969
f 14969 14979 14980 14970
f 14970 14980 14981 14971
f 14971 14981 14982 14972
f 14972 14982 14973 14963
f 14973 14983 14984 14974
f 14974 14984 14985 14975
f 14975 14985 14986 14976
f 14976 14986 14987 14977
f 14977 14987 14988 14978
f 14978 14988 14989 14979
f 14979 14989 14990 14980
f 14980 14990 14991 14981
f 14981 14991 14992 14982
f 14982 14992 14983 14973
f 14983 14993 14994 14984
f 14984 14994 14995 14985
f 14985 14995 14996 14986
f 14986 14996 14997 14987
f 14987 14997 14998 14988
f 14988 14998 14999 14989
f 14989 14999 15000 14990
f 14990 15000 15001 14991
f 14991 15001 15002 14992
f 14992 15002 14993 14983
f 14993 15003 15004 14994
f 14994 15004 15005 14995
f 14995 15005 15006 14996
f 14996 15006 15007 14997
f 14997 15007 15008 14998
f 14998 15008 15009 14999
f 14999 15009 15010 15000
f 15000 15010 15011 15001
f 15001 15011 15012 15002
f 15002 15012 15003 14993
f 15003 15013 15014 15004
f 15004 15014 15015 15005
f 15005 15015 15016 15006
f 15006 15016 15017 15007
f 15007 15017 15018 15008
f 15008 15018 15019 15009
f 15009 15019 15020 15010
f 15010 15020 15021 15011
f 15011 15021 15022 15012
f 15012 15022 15013 15003
f 15013 15023 15024 15014
f 15014 15024 15025 15015
f 15015 15025 15026 15016
f 15016 15026 15027 15017
f 15017 15027 15028 15018
f 15018 15028 15029 15019
f 15019 15029 15030 15020
f 15020 15030 15031 15021
f 15021 15031 15032 15022
f 15022 15032 15023 15013
f 15023 15033 15034 15024
f 15024 15034 15035 15025
f 15025 15035 15036 15026
f 15026 15036 15037 15027
f 15027 15037 15038 15028
f 15028 15038 15039 15029
f 15029 15039 15040 15030
f 15030 15040 15041 15031
f 15031 15041 15042 15032
f 15032 15042 15033 15023
f 15033 15043 15044 15034
f 15034 15044 15045 15035
f 15035 15045 15046 15036
f 15036 15046 15047 15037
f 15037 15047 15048 15038
f 15038 15048 15049 15039
f 15039 15049 15050 15040
f 15040 15050 15051 15041
f 15041 15051 15052 15042
f 15042 15052 15043 15033
f 15043 15053 15054 15044
f 15044 15054 15055 15045
f 15045 15055 15056 15046
f 15046 15056 15057 15047
f 15047 15057 15058 15048
f 15048 15058 15059 15049
f 15049 15059 15060 15050
f 15050 15060 15061 15051
f 15051 15061 15062 15052
f 15052 15062 15053 15043
f 15053 15063 15064 15054
f 15054 15064 15065 15055
f 15055 15065 15066 15056
f 15056 15066 15067 15057
f 15057 15067 15068 15058
f 15058 15068 15069 15059
f 15059 15069 15070 15060
f 15060 15070 15071 15061
f 15061 15071 15072 15062
f 15062 15072 15063 15053
f 15063 15073 15074 15064
f 15064 15074 15075 15065
f 15065 15075 15076 15066
f 15066 15076 15077 15067
f 15067 15077 15078 15068
f 15068 15078 15079 15069
f 15069 15079 15080 15070
f 15070 15080 15081 15071
f 15071 15081 15082 15072
f 15072 15082 15073 15063
f 15073 15083 15084 15074
f 15074 15084 15085 15075
f 15075 15085 15086 15076
f 15076 15086 15087 15077
f 15077 15087 15088 15078
f 15078 15088 15089 15079
f 15079 15089 15090 15080
f 15080 15090 15091 15081
f 15081 15091 15092 15082
f 15082 15092 15083 15073
f 15083 15093 15094 15084
f 15084 15094 15095 15085
f 15085 15095 15096 15086
f 15086 15096 15097 15087
f 15087 15097 15098 15088
f 15088 15098 15099 15089
f 15089 15099 15100 15090
f 15090 15100 15101 15091
f 15091 15101 15102 15092
f 15092 15102 15093 15083
f 15093 15103 15104 15094
f 15094 15104 15105 15095
f 15095 15105 15106 15096
f 15096 15106 15107 15097
f 15097 15107 15108 15098
f 15098 15108 15109 15099
f 15099 15109 15110 15100
f 15100 15110 15111 15101
f 15101 15111 15112 15102
f 15102 15112 15103 15093
f 15103 15113 15114 15104
f 15104 15114 15115 15105
f 15105 15115 15116 15106
f 15106 15116 15117 15107
f 15107 15117 15118 15108
f 15108 15118 15119 15109
f 15109 15119 15120 15110
f 15110 15120 15121 15111
f 15111 15121 15122 15112
f 15112 15122 15113 15103
f 15113 15123 15124 15114
f 15114 15124 15125 15115
f 15115 15125 15126 15116
f 15116 15126 15127 15117
f 15117 15127 15128 15118
f 15118 15128 15129 15119
f 15119 15129 15130 15120
f 15120 15130 15131 15121
f 15121 15131 15132 15122
f 15122 15132 15123 15113
f 15123 15133 15134 15124
f 15124 15134 15135 15125
f 15125 15135 15136 15126
f 15126 15136 15137 15127
f 15127 15137 15138 15128
f 15128 15138 15139 15129
f 15129 15139 15140 15130
f 15130 15140 15141 15131
f 15131 15141 15142 15132
f 15132 15142 15133 15123
f 15133 15143 15144 15134
f 15134 15144 15145 15135
f 15135 15145 15146 15136
f 15136 15146 15147 15137
f 15137 15147 15148 15138
f 15138 15148 15149 15139
f 15139 15149 15150 15140
f 15140 15150 15151 15141
f 15141 15151 15152 15142
f 15142 15152 15143 15133
f 15143 15153 15154 15144
f 15144 15154 15155 15145
f 15145 15155 15156 15146
f 15146 15156 15157 15147
f 15147 15157 15158 15148
f 15148 15158 15159 15149
f 15149 15159 15160 15150
f 15150 15160 15161 15151
f 15151 15161 15162 15152
f 15152 15162 15153 15143
f 15153 15163 15164 15154
f 15154 15164 15165 15155
f 15155 15165 15166 15156
f 15156 15166 15167 15157
f 15157 15167 15168 15158
f 15158 15168 15169 15159
f 15159 15169 15170 15160
f 15160 15170 15171 15161
f 15161 15171 15172 15162
f 15162 15172 15163 15153
f 15163 15173 15174 15164
f 15164 15174 15175 15165
f 15165 15175 15176 15166
f 15166 15176 15177 15167
f 15167 15177 15178 15168
f 15168 15178 15179 15169
f 15169 15179 15180 15170
f 15170 15180 15181 15171
f 15171 15181 15182 15172
f 15172 15182 15173 15163
f 15173 15183 15184 15174
f 15174 15184 15185 15175
f 15175 15185 15186 15176
f 15176 15186 15187 15177
f 15177 15187 15188 15178
f 15178 15188 15189 15179
f 15179 15189 15190 15180
f 15180 15190 15191 15181
f 15181 15191 15192 15182
f 15182 15192 15183 15173
f 15183 15193 15194 15184
f 15184 15194 15195 15185
f 15185 15195 15196 15186
f 15186 15196 15197 15187
f 15187 15197 15198 15188
f 15188 15198 15199 15189
f 15189 15199 15200 15190
f 15190 15200 15201 15191
f 15191 15201 15202 15192
f 15192 15202 15193 15183
f 15193 15203 15204 15194
f 15194 15204 15205 15195
f 15195 15205 15206 15196
f 15196 15206 15207 15197
f 15197 15207 15208 15198
f 15198 15208 15209 15199
f 15199 15209 15210 15200
f 15200 15210 15211 15201
f 15201 15211 15212 15202
f 15202 15212 15203 15193
f 15203 15213 15214 15204
f 15204 15214 15215 15205
f 15205 15215 15216 15206
f 15206 15216 15217 15207
f 15207 15217 15218 15208
f 15208 15218 15219 15209
f 15209 15219 15220 15210
f 15210 15220 15221 15211
f 15211 15221 15222 15212
f 15212 15222 15213 15203
f 15213 15223 15224 15214
f 15214 15224 15225 15215
f 15215 15225 15226 15216
f 15216 15226 15227 15217
f 15217 15227 15228 15218
f 15218 15228 15229 15219
f 15219 15229 15230 15220
f 15220 15230 15231 15221
f 15221 15231 15232 15222
f 15222 15232 15223 15213
f 15223 15233 15234 15224
f 15224 15234 15235 15225
f 15225 15235 15236 15226
f 15226 15236 15237 15227
f 15227 15237 15238 15228
f 15228 15238 15239 15229
f 15229 15239 15240 15230
f 15230 15240 15241 15231
f 15231 15241 15242 15232
f 15232 15242 15233 15223
f 15233 15243 15244 15234
f 15234 15244 15245 15235
f 15235 15245 15246 15236
f 15236 15246 15247 15237
f 15237 15247 15248 15238
f 15238 15248 15249 15239
f 15239 15249 15250 15240
f 15240 15250 15251 15241
f 15241 15251 15252 15242
f 15242 15252 15243 15233
f 15243 15253 15254 15244
f 15244 15254 15255 15245
f 15245 15255 15256 15246
f 15246 15256 15257 15247
f 15247 15257 15258 15248
f 15248 15258 15259 15249
f 15249 15259 15260 15250
f 15250 15260 15261 15251
f 15251 15261 15262 15252
f 15252 15262 15253 15243
f 15253 15263 15264 15254
f 15254 15264 15265 15255
f 15255 15265 15266 15256
f 15256 15266 15267 15257
f 15257 15267 15268 15258
f 15258 15268 15269 15259
f 15259 15269 15270 15260
f 15260 15270 15271 15261
f 15261 15271 15272 15262
f 15262 15272 15263 15253
f 15263 15273 15274 15264
f 15264 15274 15275 15265
f 15265 15275 15276 15266
f 15266 15276 15277 15267
f 15267 15277 15278 15268
f 15268 15278 15279 15269
f 15269 15279 15280 15270
f 15270 15280 15281 15271
f 15271 15281 15282 15272
f 15272 15282 15273 15263
f 15273 15283 15284 15274
f 15274 15284 15285 15275
f 15275 15285 15286 15276
f 15276 15286 15287 15277
f 15277 15287 15288 15278
f 15278 15288 15289 15279
f 15279 15289 15290 15280
f 15280 15290 15291 15281
f 15281 15291 15292 15282
f 15282 15292 15283 15273
f 15283 15293 15294 15284
f 15284 15294 15295 15285
f 15285 15295 15296 15286
f 15286 15296 15297 15287
f 15287 15297 15298 15288
f 15288 15298 15299 15289
f 15289 15299 15300 15290
f 15290 15300 15301 15291
f 15291 15301 15302 15292
f 15292 15302 15293 15283
f 15293 15303 15304 15294
f 15294 15304 15305 15295
f 15295 15305 15306 15296
f 15296 15306 15307 15297
f 15297 15307 15308 15298
f 15298 15308 15309 15299
f 15299 15309 15310 15300
f 15300 15310 15311 15301
f 15301 15311 15312 15302
f 15302 15312 15303 15293
f 15303 15313 15314 15304
f 15304 15314 15315 15305
f 15305 15315 15316 15306
f 15306 15316 15317 15307
f 15307 15317 15318 15308
f 15308 15318 15319 15309
f 15309 15319 15320 15310
f 15310 15320 15321 15311
f 15311 15321 15322 15312
f 15312 15322 15313 15303
f 15313 15323 15324 15314
f 15314 15324 15325 15315
f 15315 15325 15326 15316
f 15316 15326 15327 15317
f 15317 15327 15328 15318
f 15318 15328 15329 15319
f 15319 15329 15330 15320
f 15320 15330 15331 15321
f 15321 15331 15332 15322
f 15322 15332 15323 15313
f 15323 15333 15334 15324
f 15324 15334 15335 15325
f 15325 15335 15336 15326
f 15326 15336 15337 15327
f 15327 15337 15338 15328
f 15328 15338 15339 15329
f 15329 15339 15340 15330
f 15330 15340 15341 15331
f 15331 15341 15342 15332
f 15332 15342 15333 15323
f 15333 15343 15344 15334
f 15334 15344 15345 15335
f 15335 15345 15346 15336
f 15336 15346 15347 15337
f 15337 15347 15348 15338
f 15338 15348 15349 15339
f 15339 15349 15350 15340
f 15340 15350 15351 15341
f 15341 15351 15352 15342
f 15342 15352 15343 15333
f 15343 15353 15354 15344
f 15344 15354 15355 15345
f 15345 15355 15356 15346
f 15346 15356 15357 15347
f 15347 15357 15358 15348
f 15348 15358 15359 15349
f 15349 15359 15360 15350
f 15350 15360 15361 15351
f 15351 15361 15362 15352
f 15352 15362 15353 15343
f 15353 15363 15364 15354
f 15354 15364 15365 15355
f 15355 15365 15366 15356
f 15356 15366 15367 15357
f 15357 15367 15368 15358
f 15358 15368 15369 15359
f 15359 15369 15370 15360
f 15360 15370 15371 15361
f 15361 15371 15372 15362
f 15362 15372 15363 15353
f 15363 15373 15374 15364
f 15364 15374 15375 15365
f 15365 15375 15376 15366
f 15366 15376 15377 15367
f 15367 15377 15378 15368
f 15368 15378 15379 15369
f 15369 15379 15380 15370
f 15370 15380 15381 15371
f 15371 15381 15382 15372
f 15372 15382 15373 15363
f 15373 15383 15384 15374
f 15374 15384 15385 15375
f 15375 15385 15386 15376
f 15376 15386 15387 15377
f 15377 15387 15388 15378
f 15378 15388 15389 15379
f 15379 15389 15390 15380
f 15380 15390 15391 15381
f 15381 15391 15392 15382
f 15382 15392 15383 15373
f 15383 15393 15394 15384
f 15384 15394 15395 15385
f 15385 15395 15396 15386
f 15386 15396 15397 15387
f 15387 15397 15398 15388
f 15388 15398 15399 15389
f 15389 15399 15400 15390
f 15390 15400 15401 15391
f 15391 15401 15402 15392
f 15392 15402 15393 15383
f 15393 15403 15404 15394
f 15394 15404 15405 15395
f 15395 15405 15406 15396
f 15396 15406 15407 15397
f 15397 15407 15408 15398
f 15398 15408 15409 15399
f 15399 15409 15410 15400
f 15400 15410 15411 15401
f 15401 15411 15412 15402
f 15402 15412 15403 15393
f 15403 15413 15414 15404
f 15404 15414 15415 15405
f 15405 15415 15416 15406
f 15406 15416 15417 15407
f 15407 15417 15418 15408
f 15408 15418 15419 15409
f 15409 15419 15420 15410
f 15410 15420 15421 15411
f 15411 15421 15422 15412
f 15412 15422 15413 15403
f 15413 15423 15424 15414
f 15414 15424 15425 15415
f 15415 15425 15426 15416
f 15416 15426 15427 15417
f 15417 15427 15428 15418
f 15418 15428 15429 15419
f 15419 15429 15430 15420
f 15420 15430 15431 15421
f 15421 15431 15432 15422
f 15422 15432 15423 15413
f 15423 15433 15434 15424
f 15424 15434 15435 15425
f 15425 15435 15436 15426
f 15426 15436 15437 15427
f 15427 15437 15438 15428
f 15428 15438 15439 15429
f 15429 15439 15440 15430
f 15430 15440 15441 15431
f 15431 15441 15442 15432
f 15432 15442 15433 15423
f 15433 15443 15444 15434
f 15434 15444 15445 15435
f 15435 15445 15446 15436
f 15436 15446 15447 15437
f 15437 15447 15448 15438
f 15438 15448 15449 15439
f 15439 15449 15450 15440
f 15440 15450 15451 15441
f 15441 15451 15452 15442
f 15442 15452 15443 15433
f 15443 15453 15454 15444
f 15444 15454 15455 15445
f 15445 15455 15456 15446
f 15446 15456 15457 15447
f 15447 15457 15458 15448
f 15448 15458 15459 15449
f 15449 15459 15460 15450
f 15450 15460 15461 15451
f 15451 15461 15462 15452
f 15452 15462 15453 15443
f 15453 15463 15464 15454
f 15454 15464 15465 15455
f 15455 15465 15466 15456
f 15456 15466 15467 15457
f 15457 15467 15468 15458
f 15458 15468 15469 15459
f 15459 15469 15470 15460
f 15460 15470 15471 15461
f 15461 15471 15472 15462
f 15462 15472 15463 15453
f 15463 15473 15474 15464
f 15464 15474 15475 15465
f 15465 15475 15476 15466
f 15466 15476 15477 15467
f 15467 15477 15478 15468
f 15468 15478 15479 15469
f 15469 15479 15480 15470
f 15470 15480 15481 15471
f 15471 15481 15482 15472
f 15472 15482 15473 15463
f 15473 15483 15484 15474
f 15474 15484 15485 15475
f 15475 15485 15486 15476
f 15476 15486 15487 15477
f 15477 15487 15488 15478
f 15478 15488 15489 15479
f 15479 15489 15490 15480
f 15480 15490 15491 15481
f 15481 15491 15492 15482
f 15482 15492 15483 15473
f 15483 15493 15494 15484
f 15484 15494 15495 15485
f 15485 15495 15496 15486
f 15486 15496 15497 15487
f 15487 15497 15498 15488
f 15488 15498 15499 15489
f 15489 15499 15500 15490
f 15490 15500 15501 15491
f 15491 15501 15502 15492
f 15492 15502 15493 15483
f 15493 15503 15504 15494
f 15494 15504 15505 15495
f 15495 15505 15506 15496
f 15496 15506 15507 15497
f 15497 15507 15508 15498
f 15498 15508 15509 15499
f 15499 15509 15510 15500
f 15500 15510 15511 15501
f 15501 15511 15512 15502
f 15502 15512 15503 15493
f 15503 15513 15514 15504
f 15504 15514 15515 15505
f 15505 15515 15516 15506
f 15506 15516 15517 15507
f 15507 15517 15518 15508
f 15508 15518 15519 15509
f 15509 15519 15520 15510
f 15510 15520 15521 15511
f 15511 15521 15522 15512
f 15512 15522 15513 15503
f 15513 15523 15524 15514
f 15514 15524 15525 15515
f 15515 15525 15526 15516
f 15516 15526 15527 15517
f 15517 15527 15528 15518
f 15518 15528 15529 15519
f 15519 15529 15530 15520
f 15520 15530 15531 15521
f 15521 15531 15532 15522
f 15522 15532 15523 15513
f 15523 15533 15534 15524
f 15524 15534 15535 15525
f 15525 15535 15536 15526
f 15526 15536 15537 15527
f 15527 15537 15538 15528
f 15528 15538 15539 15529
f 15529 15539 15540 15530
f 15530 15540 15541 15531
f 15531 15541 15542 15532
f 15532 15542 15533 15523
f 15533 15543 15544 15534
f 15534 15544 15545 15535
f 15535 15545 15546 15536
f 15536 15546 15547 15537
f 15537 15547 15548 15538
f 15538 15548 15549 15539
f 15539 15549 15550 15540
f 15540 15550 15551 15541
f 15541 15551 15552 15542
f 15542 15552 15543 15533
f 15543 15553 15554 15544
f 15544 15554 15555 15545
f 15545 15555 15556 15546
f 15546 15556 15557 15547
f 15547 15557 15558 15548
f 15548 15558 15559 15549
f 15549 15559 15560 15550
f 15550 15560 15561 15551
f 15551 15561 15562 15552
f 15552 15562 15553 15543
f 15553 15563 15564 15554
f 15554 15564 15565 15555
f 15555 15565 15566 15556
f 15556 15566 15567 15557
f 15557 15567 15568 15558
f 15558 15568 15569 15559
f 15559 15569 15570 15560
f 15560 15570 15571 15561
f 15561 15571 15572 15562
f 15562 15572 15563 15553
f 15563 15573 15574 15564
f 15564 15574 15575 15565
f 15565 15575 15576 15566
f 15566 15576 15577 15567
f 15567 15577 15578 15568
f 15568 15578 15579 15569
f 15569 15579 15580 15570
f 15570 15580 15581 15571
f 15571 15581 15582 15572
f 15572 15582 15573 15563
f 15573 15583 15584 15574
f 15574 15584 15585 15575
f 15575 15585 15586 15576
f 15576 15586 15587 15577
f 15577 15587 15588 15578
f 15578 15588 15589 15579
f 15579 15589 15590 15580
f 15580 15590 15591 15581
f 15581 15591 15592 15582
f 15582 15592 15583 15573
f 15583 15593 15594 15584
f 15584 15594 15595 15585
f 15585 15595 15596 15586
f 15586 15596 15597 15587
f 15587 15597 15598 15588
f 15588 15598 15599 15589
f 15589 15599 15600 15590
f 15590 15600 15601 15591
f 15591 15601 15602 15592
f 15592 15602 15593 15583
f 15593 15603 15604 15594
f 15594 15604 15605 15595
f 15595 15605 15606 15596
f 15596 15606 15607 15597
f 15597 15607 15608 15598
f 15598 15608 15609 15599
f 15599 15609 15610 15600
f 15600 15610 15611 15601
f 15601 15611 15612 15602
f 15602 15612 15603 15593
f 15603 15613 15614 15604
f 15604 15614 15615 15605
f 15605 15615 15616 15606
f 15606 15616 15617 15607
f 15607 15617 15618 15608
f 15608 15618 15619 15609
f 15609 15619 15620 15610
f 15610 15620 15621 15611
f 15611 15621 15622 15612
f 15612 15622 15613 15603
f 15613 15623 15624 15614
f 15614 15624 15625 15615
f 15615 15625 15626 15616
f 15616 15626 15627 15617
f 15617 15627 15628 15618
f 15618 15628 15629 15619
f 15619 15629 15630 15620
f 15620 15630 15631 15621
f 15621 15631 15632 15622
f 15622 15632 15623 15613
f 15623 15633 15634 15624
f 15624 15634 15635 15625
f 15625 15635 15636 15626
f 15626 15636 15637 15627
f 15627 15637 15638 15628
f 15628 15638 15639 15629
f 15629 15639 15640 15630
f 15630 15640 15641 15631
f 15631 15641 15642 15632
f 15632 15642 15633 15623
f 15633 15643 15644 15634
f 15634 15644 15645 15635
f 15635 15645 15646 15636
f 15636 15646 15647 15637
f 15637 15647 15648 15638
f 15638 15648 15649 15639
f 15639 15649 15650 15640
f 15640 15650 15651 15641
f 15641 15651 15652 15642
f 15642 15652 15643 15633
f 15643 15653 15654 15644
f 15644 15654 15655 15645
f 15645 15655 15656 15646
f 15646 15656 15657 15647
f 15647 15657 15658 15648
f 15648 15658 15659 15649
f 15649 15659 15660 15650
f 15650 15660 15661 15651
f 15651 15661 15662 15652
f 15652 15662 15653 15643
f 15653 15663 15664 15654
f 15654 15664 15665 15655
f 15655 15665 15666 15656
f 15656 15666 15667 15657
f 15657 15667 15668 15658
f 15658 15668 15669 15659
f 15659 15669 15670 15660
f 15660 15670 15671 15661
f 15661 15671 15672 15662
f 15662 15672 15663 15653
f 15663 15673 15674 15664
f 15664 15674 15675 15665
f 15665 15675 15676 15666
f 15666 15676 15677 15667
f 15667 15677 15678 15668
f 15668 15678 15679 15669
f 15669 15679 15680 15670
f 15670 15680 15681 15671
f 15671 15681 15682 15672
f 15672 15682 15673 15663
f 15673 15683 15684 15674
f 15674 15684 15685 15675
f 15675 15685 15686 15676
f 15676 15686 15687 15677
f 15677 15687 15688 15678
f 15678 15688 15689 15679
f 15679 15689 15690 15680
f 15680 15690 15691 15681
f 15681 15691 15692 15682
f 15682 15692 15683 15673
f 15683 15693 15694 15684
f 15684 15694 15695 15685
f 15685 15695 15696 15686
f 15686 15696 15697 15687
f 15687 15697 15698 15688
f 15688 15698 15699 15689
f 15689 15699 15700 15690
f 15690 15700 15701 15691
f 15691 15701 15702 15692
f 15692 15702 15693 15683
f 15693 15703 15704 15694
f 15694 15704 15705 15695
f 15695 15705 15706 15696
f 15696 15706 15707 15697
f 15697 15707 15708 15698
f 15698 15708 15709 15699
f 15699 15709 15710 15700
f 15700 15710 15711 15701
f 15701 15711 15712 15702
f 15702 15712 15703 15693
f 15703 15713 15714 15704
f 15704 15714 15715 15705
f 15705 15715 15716 15706
f 15706 15716 15717 15707
f 15707 15717 15718 15708
f 15708 15718 15719 15709
f 15709 15719 15720 15710
f 15710 15720 15721 15711
f 15711 15721 15722 15712
f 15712 15722 15713 15703
f 15713 15723 15724 15714
f 15714 15724 15725 15715
f 15715 15725 15726 15716
f 15716 15726 15727 15717
f 15717 15727 15728 15718
f 15718 15728 15729 15719
f 15719 15729 15730 15720
f 15720 15730 15731 15721
f 15721 15731 15732 15722
f 15722 15732 15723 15713
f 15723 15733 15734 15724
f 15724 15734 15735 15725
f 15725 15735 15736 15726
f 15726 15736 15737 15727
f 15727 15737 15738 15728
f 15728 15738 15739 15729
f 15729 15739 15740 15730
f 15730 15740 15741 15731
f 15731 15741 15742 15732
f 15732 15742 15733 15723
f 15733 15743 15744 15734
f 15734 15744 15745 15735
f 15735 15745 15746 15736
f 15736 15746 15747 15737
f 15737 15747 15748 15738
f 15738 15748 15749 15739
f 15739 15749 15750 15740
f 15740 15750 15751 15741
f 15741 15751 15752 15742
f 15742 15752 15743 15733
f 15743 15753 15754 15744
f 15744 15754 15755 15745
f 15745 15755 15756 15746
f 15746 15756 15757 15747
f 15747 15757 15758 15748
f 15748 15758 15759 15749
f 15749 15759 15760 15750
f 15750 15760 15761 15751
f 15751 15761 15762 15752
f 15752 15762 15753 15743
f 15753 15763 15764 15754
f 15754 15764 15765 15755
f 15755 15765 15766 15756
f 15756 15766 15767 15757
f 15757 15767 15768 15758
f 15758 15768 15769 15759
f 15759 15769 15770 15760
f 15760 15770 15771 15761
f 15761 15771 15772 15762
f 15762 15772 15763 15753
f 15763 15773 15774 15764
f 15764 15774 15775 15765
f 15765 15775 15776 15766
f 15766 15776 15777 15767
f 15767 15777 15778 15768
f 15768 15778 15779 15769
f 15769 15779 15780 15770
f 15770 15780 15781 15771
f 15771 15781 15782 15772
f 15772 15782 15773 15763
f 15773 15783 15784 15774
f 15774 15784 15785 15775
f 15775 15785 15786 15776
f 15776 15786 15787 15777
f 15777 15787 15788 15778
f 15778 15788 15789 15779
f 15779 15789 15790 15780
f 15780 15790 15791 15781
f 15781 15791 15792 15782
f 15782 15792 15783 15773
f 15783 15793 15794 15784
f 15784 15794 15795 15785
f 15785 15795 15796 15786
f 15786 15796 15797 15787
f 15787 15797 15798 15788
f 15788 15798 15799 15789
f 15789 15799 15800 15790
f 15790 15800 15801 15791
f 15791 15801 15802 15792
f 15792 15802 15793 15783
f 15793 15803 15804 15794
f 15794 15804 15805 15795
f 15795 15805 15806 15796
f 15796 15806 15807 15797
f 15797 15807 15808 15798
f 15798 15808 15809 15799
f 15799 15809 15810 15800
f 15800 15810 15811 15801
f 15801 15811 15812 15802
f 15802 15812 15803 15793
f 15803 15813 15814 15804
f 15804 15814 15815 15805
f 15805 15815 15816 15806
f 15806 15816 15817 15807
f 15807 15817 15818 15808
f 15808 15818 15819 15809
f 15809 15819 15820 15810
f 15810 15820 15821 15811
f 15811 15821 15822 15812
f 15812 15822 15813 15803
f 15813 15823 15824 15814
f 15814 15824 15825 15815
f 15815 15825 15826 15816
f 15816 15826 15827 15817
f 15817 15827 15828 15818
f 15818 15828 15829 15819
f 15819 15829 15830 15820
f 15820 15830 15831 15821
f 15821 15831 15832 15822
f 15822 15832 15823 15813
f 15823 15833 15834 15824
f 15824 15834 15835 15825
f 15825 15835 15836 15826
f 15826 15836 15837 15827
f 15827 15837 15838 15828
f 15828 15838 15839 15829
f 15829 15839 15840 15830
f 15830 15840 15841 15831
f 15831 15841 15842 15832
f 15832 15842 15833 15823
f 15833 15843 15844 15834
f 15834 15844 15845 15835
f 15835 15845 15846 15836
f 15836 15846 15847 15837
f 15837 15847 15848 15838
f 15838 15848 15849 15839
f 15839 15849 15850 15840
f 15840 15850 15851 15841
f 15841 15851 15852 15842
f 15842 15852 15843 15833
f 15843 15853 15854 15844
f 15844 15854 15855 15845
f 15845 15855 15856 15846
f 15846 15856 15857 15847
f 15847 15857 15858 15848
f 15848 15858 15859 15849
f 15849 15859 15860 15850
f 15850 15860 15861 15851
f 15851 15861 15862 15852
f 15852 15862 15853 15843
f 15853 15863 15864 15854
f 15854 15864 15865 15855
f 15855 15865 15866 15856
f 15856 15866 15867 15857
f 15857 15867 15868 15858
f 15858 15868 15869 15859
f 15859 15869 15870 15860
f 15860 15870 15871 15861
f 15861 15871 15872 15862
f 15862 15872 15863 15853
f 15863 15873 15874 15864
f 15864 15874 15875 15865
f 15865 15875 15876 15866
f 15866 15876 15877 15867
f 15867 15877 15878 15868
f 15868 15878 15879 15869
f 15869 15879 15880 15870
f 15870 15880 15881 15871
f 15871 15881 15882 15872
f 15872 15882 15873 15863
f 15873 15883 15884 15874
f 15874 15884 15885 15875
f 15875 15885 15886 15876
f 15876 15886 15887 15877
f 15877 15887 15888 15878
f 15878 15888 15889 15879
f 15879 15889 15890 15880
f 15880 15890 15891 15881
f 15881 15891 15892 15882
f 15882 15892 15883 15873
f 15883 15893 15894 15884
f 15884 15894 15895 15885
f 15885 15895 15896 15886
f 15886 15896 15897 15887
f 15887 15897 15898 15888
f 15888 15898 15899 15889
f 15889 15899 15900 15890
f 15890 15900 15901 15891
f 15891 15901 15902 15892
f 15892 15902 15893 15883
f 15893 15903 15904 15894
f 15894 15904 15905 15895
f 15895 15905 15906 15896
f 15896 15906 15907 15897
f 15897 15907 15908 15898
f 15898 15908 15909 15899
f 15899 15909 15910 15900
f 15900 15910 15911 15901
f 15901 15911 15912 15902
f 15902 15912 15903 15893
f 15903 15913 15914 15904
f 15904 15914 15915 15905
f 15905 15915 15916 15906
f 15906 15916 15917 15907
f 15907 15917 15918 15908
f 15908 15918 15919 15909
f 15909 15919 15920 15910
f 15910 15920 15921 15911
f 15911 15921 15922 15912
f 15912 15922 15913 15903
f 15913 15923 15924 15914
f 15914 15924 15925 15915
f 15915 15925 15926 15916
f 15916 15926 15927 15917
f 15917 15927 15928 15918
f 15918 15928 15929 15919
f 15919 15929 15930 15920
f 15920 15930 15931 15921
f 15921 15931 15932 15922
f 15922 15932 15923 15913
f 15923 15933 15934 15924
f 15924 15934 15935 15925
f 15925 15935 15936 15926
f 15926 15936 15937 15927
f 15927 15937 15938 15928
f 15928 15938 15939 15929
f 15929 15939 15940 15930
f 15930 15940 15941 15931
f 15931 15941 15942 15932
f 15932 15942 15933 15923
f 15933 15943 15944 15934
f 15934 15944 15945 15935
f 15935 15945 15946 15936
f 15936 15946 15947 15937
f 15937 15947 15948 15938
f 15938 15948 15949 15939
f 15939 15949 15950 15940
f 15940 15950 15951 15941
f 15941 15951 15952 15942
f 15942 15952 15943 15933
f 15943 15953 15954 15944
f 15944 15954 15955 15945
f 15945 15955 15956 15946
f 15946 15956 15957 15947
f 15947 15957 15958 15948
f 15948 15958 15959 15949
f 15949 15959 15960 15950
f 15950 15960 15961 15951
f 15951 15961 15962 15952
f 15952 15962 15953 15943
f 15953 15963 15964 15954
f 15954 15964 15965 15955
f 15955 15965 15966 15956
f 15956 15966 15967 15957
f 15957 15967 15968 15958
f 15958 15968 15969 15959
f 15959 15969 15970 15960
f 15960 15970 15971 15961
f 15961 15971 15972 15962
f 15962 15972 15963 15953
f 15963 15973 15974 15964
f 15964 15974 15975 15965
f 15965 15975 15976 15966
f 15966 15976 15977 15967
f 15967 15977 15978 15968
f 15968 15978 15979 15969
f 15969 15979 15980 15970
f 15970 15980 15981 15971
f 15971 15981 15982 15972
f 15972 15982 15973 15963
f 15973 15983 15984 15974
f 15974 15984 15985 15975
f 15975 15985 15986 15976
f 15976 15986 15987 15977
f 15977 15987 15988 15978
f 15978 15988 15989 15979
f 15979 15989 15990 15980
f 15980 15990 15991 15981
f 15981 15991 15992 15982
f 15982 15992 15983 15973
f 15983 15993 15994 15984
f 15984 15994 15995 15985
f 15985 15995 15996 15986
f 15986 15996 15997 15987
f 15987 15997 15998 15988
f 15988 15998 15999 15989
f 15989 15999 16000 15990
f 15990 16000 16001 15991
f 15991 16001 16002 15992
f 15992 16002 15993 15983
f 15993 16003 16004 15994
f 15994 16004 16005 15995
f 15995 16005 16006 15996
f 15996 16006 16007 15997
f 15997 16007 16008 15998
f 15998 16008 16009 15999
f 15999 16009 16010 16000
f 16000 16010 16011 16001
f 16001 16011 16012 16002
f 16002 16012 16003 15993
f 16003 16013 16014 16004
f 16004 16014 16015 16005
f 16005 16015 16016 16006
f 16006 16016 16017 16007
f 16007 16017 16018 16008
f 16008 16018 16019 16009
f 16009 16019 16020 16010
f 16010 16020 16021 16011
f 16011 16021 16022 16012
f 16012 16022 16013 16003
f 16013 16023 16024 16014
f 16014 16024 16025 16015
f 16015 16025 16026 16016
f 16016 16026 16027 16017
f 16017 16027 16028 16018
f 16018 16028 16029 16019
f 16019 16029 16030 16020
f 16020 16030 16031 16021
f 16021 16031 16032 16022
f 16022 16032 16023 16013
f 16023 16033 16034 16024
f 16024 16034 16035 16025
f 16025 16035 16036 16026
f 16026 16036 16037 16027
f 16027 16037 16038 16028
f 16028 16038 16039 16029
f 16029 16039 16040 16030
f 16030 16040 16041 16031
f 16031 16041 16042 16032
f 16032 16042 16033 16023
f 16033 16043 16044 16034
f 16034 16044 16045 16035
f 16035 16045 16046 16036
f 16036 16046 16047 16037
f 16037 16047 16048 16038
f 16038 16048 16049 16039
f 16039 16049 16050 16040
f 16040 16050 16051 16041
f 16041 16051 16052 16042
f 16042 16052 16043 16033
f 16043 16053 16054 16044
f 16044 16054 16055 16045
f 16045 16055 16056 16046
f 16046 16056 16057 16047
f 16047 16057 16058 16048
f 16048 16058 16059 16049
f 16049 16059 16060 16050
f 16050 16060 16061 16051
f 16051 16061 16062 16052
f 16052 16062 16053 16043
f 16053 16063 16064 16054
f 16054 16064 16065 16055
f 16055 16065 16066 16056
f 16056 16066 16067 16057
f 16057 16067 16068 16058
f 16058 16068 16069 16059
f 16059 16069 16070 16060
f 16060 16070 16071 16061
f 16061 16071 16072 16062
f 16062 16072 16063 16053
f 16063 16073 16074 16064
f 16064 16074 16075 16065
f 16065 16075 16076 16066
f 16066 16076 16077 16067
f 16067 16077 16078 16068
f 16068 16078 16079 16069
f 16069 16079 16080 16070
f 16070 16080 16081 16071
f 16071 16081 16082 16072
f 16072 16082 16073 16063
f 16073 16083 16084 16074
f 16074 16084 16085 16075
f 16075 16085 16086 16076
f 16076 16086 16087 16077
f 16077 16087 16088 16078
f 16078 16088 16089 16079
f 16079 16089 16090 16080
f 16080 16090 16091 16081
f 16081 16091 16092 16082
f 16082 16092 16083 16073
f 16083 16093 16094 16084
f 16084 16094 16095 16085
f 16085 16095 16096 16086
f 16086 16096 16097 16087
f 16087 16097 16098 16088
f 16088 16098 16099 16089
f 16089 16099 16100 16090
f 16090 16100 16101 16091
f 16091 16101 16102 16092
f 16092 16102 16093 16083
f 16093 16103 16104 16094
f 16094 16104 16105 16095
f 16095 16105 16106 16096
f 16096 16106 16107 16097
f 16097 16107 16108 16098
f 16098 16108 16109 16099
f 16099 16109 16110 16100
f 16100 16110 16111 16101
f 16101 16111 16112 16102
f 16102 16112 16103 16093
f 16103 16113 16114 16104
f 16104 16114 16115 16105
f 16105 16115 16116 16106
f 16106 16116 16117 16107
f 16107 16117 16118 16108
f 16108 16118 16119 16109
f 16109 16119 16120 16110
f 16110 16120 16121 16111
f 16111 16121 16122 16112
f 16112 16122 16113 16103
f 16113 16123 16124 16114
f 16114 16124 16125 16115
f 16115 16125 16126 16116
f 16116 16126 16127 16117
f 16117 16127 16128 16118
f 16118 16128 16129 16119
f 16119 16129 16130 16120
f 16120 16130 16131 16121
f 16121 16131 16132 16122
f 16122 16132 16123 16113
f 16123 16133 16134 16124
f 16124 16134 16135 16125
f 16125 16135 16136 16126
f 16126 16136 16137 16127
f 16127 16137 16138 16128
f 16128 16138 16139 16129
f 16129 16139 16140 16130
f 16130 16140 16141 16131
f 16131 16141 16142 16132
f 16132 16142 16133 16123
f 16133 16143 16144 16134
f 16134 16144 16145 16135
f 16135 16145 16146 16136
f 16136 16146 16147 16137
f 16137 16147 16148 16138
f 16138 16148 16149 16139
f 16139 16149 16150 16140
f 16140 16150 16151 16141
f 16141 16151 16152 16142
f 16142 16152 16143 16133
f 16143 16153 16154 16144
f 16144 16154 16155 16145
f 16145 16155 16156 16146
f 16146 16156 16157 16147
f 16147 16157 16158 16148
f 16148 16158 16159 16149
f 16149 16159 16160 16150
f 16150 16160 16161 16151
f 16151 16161 16162 16152
f 16152 16162 16153 16143
f 16153 16163 16164 16154
f 16154 16164 16165 16155
f 16155 16165 16166 16156
f 16156 16166 16167 16157
f 16157 16167 16168 16158
f 16158 16168 16169 16159
f 16159 16169 16170 16160
f 16160 16170 16171 16161
f 16161 16171 16172 16162
f 16162 16172 16163 16153
f 16163 16173 16174 16164
f 16164 16174 16175 16165
f 16165 16175 16176 16166
f 16166 16176 16177 16167
f 16167 16177 16178 16168
f 16168 16178 16179 16169
f 16169 16179 16180 16170
f 16170 16180 16181 16171
f 16171 16181 16182 16172
f 16172 16182 16173 16163
f 16173 16183 16184 16174
f 16174 16184 16185 16175
f 16175 16185 16186 16176
f 16176 16186 16187 16177
f 16177 16187 16188 16178
f 16178 16188 16189 16179
f 16179 16189 16190 16180
f 16180 16190 16191 16181
f 16181 16191 16192 16182
f 16182 16192 16183 16173
f 16183 16193 16194 16184
f 16184 16194 16195 16185
f 16185 16195 16196 16186
f 16186 16196 16197 16187
f 16187 16197 16198 16188
f 16188 16198 16199 16189
f 16189 16199 16200 16190
f 16190 16200 16201 16191
f 16191 16201 16202 16192
f 16192 16202 16193 16183
f 16193 16203 16204 16194
f 16194 16204 16205 16195
f 16195 16205 16206 16196
f 16196 16206 16207 16197
f 16197 16207 16208 16198
f 16198 16208 16209 16199
f 16199 16209 16210 16200
f 16200 16210 16211 16201
f 16201 16211 16212 16202
f 16202 16212 16203 16193
f 16203 16213 16214 16204
f 16204 16214 16215 16205
f 16205 16215 16216 16206
f 16206 16216 16217 16207
f 16207 16217 16218 16208
f 16208 16218 16219 16209
f 16209 16219 16220 16210
f 16210 16220 16221 16211
f 16211 16221 16222 16212
f 16212 16222 16213 16203
f 16213 16223 16224 16214
f 16214 16224 16225 16215
f 16215 16225 16226 16216
f 16216 16226 16227 16217
f 16217 16227 16228 16218
f 16218 16228 16229 16219
f 16219 16229 16230 16220
f 16220 16230 16231 16221
f 16221 16231 16232 16222
f 16222 16232 16223 16213
f 16223 16233 16234 16224
f 16224 16234 16235 16225
f 16225 16235 16236 16226
f 16226 16236 16237 16227
f 16227 16237 16238 16228
f 16228 16238 16239 16229
f 16229 16239 16240 16230
f 16230 16240 16241 16231
f 16231 16241 16242 16232
f 16232 16242 16233 16223
f 16233 16243 16244 16234
f 16234 16244 16245 16235
f 16235 16245 16246 16236
f 16236 16246 16247 16237
f 16237 16247 16248 16238
f 16238 16248 16249 16239
f 16239 16249 16250 16240
f 16240 16250 16251 16241
f 16241 16251 16252 16242
f 16242 16252 16243 16233
f 16243 16253 16254 16244
f 16244 16254 16255 16245
f 16245 16255 16256 16246
f 16246 16256 16257 16247
f 16247 16257 16258 16248
f 16248 16258 16259 16249
f 16249 16259 16260 16250
f 16250 16260 16261 16251
f 16251 16261 16262 16252
f 16252 16262 16253 16243
f 16253 16263 16264 16254
f 16254 16264 16265 16255
f 16255 16265 16266 16256
f 16256 16266 16267 16257
f 16257 16267 16268 16258
f 16258 16268 16269 16259
f 16259 16269 16270 16260
f 16260 16270 16271 16261
f 16261 16271 16272 16262
f 16262 16272 16263 16253
f 16263 16273 16274 16264
f 16264 16274 16275 16265
f 16265 16275 16276 16266
f 16266 16276 16277 16267
f 16267 16277 16278 16268
f 16268 16278 16279 16269
f 16269 16279 16280 16270
f 16270 16280 16281 16271
f 16271 16281 16282 16272
f 16272 16282 16273 16263
f 16273 16283 16284 16274
f 16274 16284 16285 16275
f 16275 16285 16286 16276
f 16276 16286 16287 16277
f 16277 16287 16288 16278
f 16278 16288 16289 16279
f 16279 16289 16290 16280
f 16280 16290 16291 16281
f 16281 16291 16292 16282
f 16282 16292 16283 16273
f 16283 16293 16294 16284
f 16284 16294 16295 16285
f 16285 16295 16296 16286
f 16286 16296 16297 16287
f 16287 16297 16298 16288
f 16288 16298 16299 16289
f 16289 16299 16300 16290
f 16290 16300 16301 16291
f 16291 16301 16302 16292
f 16292 16302 16293 16283
f 16293 16303 16304 16294
f 16294 16304 16305 16295
f 16295 16305 16306 16296
f 16296 16306 16307 16297
f 16297 16307 16308 16298
f 16298 16308 16309 16299
f 16299 16309 16310 16300
f 16300 16310 16311 16301
f 16301 16311 16312 16302
f 16302 16312 16303 16293
f 16303 16313 16314 16304
f 16304 16314 16315 16305
f 16305 16315 16316 16306
f 16306 16316 16317 16307
f 16307 16317 16318 16308
f 16308 16318 16319 16309
f 16309 16319 16320 16310
f 16310 16320 16321 16311
f 16311 16321 16322 16312
f 16312 16322 16313 16303
f 16313 16323 16324 16314
f 16314 16324 16325 16315
f 16315 16325 16326 16316
f 16316 16326 16327 16317
f 16317 16327 16328 16318
f 16318 16328 16329 16319
f 16319 16329 16330 16320
f 16320 16330 16331 16321
f 16321 16331 16332 16322
f 16322 16332 16323 16313
f 16323 16333 16334 16324
f 16324 16334 16335 16325
f 16325 16335 16336 16326
f 16326 16336 16337 16327
f 16327 16337 16338 16328
f 16328 16338 16339 16329
f 16329 16339 16340 16330
f 16330 16340 16341 16331
f 16331 16341 16342 16332
f 16332 16342 16333 16323
f 16333 16343 16344 16334
f 16334 16344 16345 16335
f 16335 16345 16346 16336
f 16336 16346 16347 16337
f 16337 16347 16348 16338
f 16338 16348 16349 16339
f 16339 16349 16350 16340
f 16340 16350 16351 16341
f 16341 16351 16352 16342
f 16342 16352 16343 16333
f 16343 12753 12754 16344
f 16344 12754 12755 16345
f 16345 12755 12756 16346
f 16346 12756 12757 16347
f 16347 12757 12758 16348
f 16348 12758 12759 16349
f 16349 12759 12760 16350
f 16350 12760 12761 16351
f 16351 12761 12762 16352
f 16352 12762 12753 16343
g door_axis_beam
v -0.299253 0.181514 -38.8
v -0.339954 -0.0832541 -38.8
v -0.181514 -0.299253 -38.8
v 0.0832541 -0.339954 -38.8
v 0.299253 -0.181514 -38.8
v 0.339954 0.0832541 -38.8
v 0.181514 0.299253 -38.8
v -0.0832541 0.339954 -38.8
v -0.299253 0.181514 -19.4
v -0.339954 -0.0832541 -19.4
v -0.181514 -0.299253 -19.4
v 0.0832541 -0.339954 -19.4
v 0.299253 -0.181514 -19.4
v 0.339954 0.0832541 -19.4
v 0.181514 0.299253 -19.4
v -0.0832541 0.339954 -19.4
v -0.299253 0.181514 0
v -0.339954 -0.0832541 0
v -0.181514 -0.299253 0
v 0.0832541 -0.339954 0
v 0.299253 -0.181514 0
v 0.339954 0.0832541 0
v 0.181514 0.299253 0
v -0.0832541 0.339954 0
f 16353 16361 16362 16354
f 16354 16362 16363 16355
f 16355 16363 16364 16356
f 16356 16364 16365 16357
f 16357 16365 16366 16358
f 16358 16366 16367 16359
f 16359 16367 16368 16360
f 16360 16368 16361 16353
f 16361 16369 16370 16362
f 16362 16370 16371 16363
f 16363 16371 16372 16364
f 16364 16372 16373 16365
f 16365 16373 16374 16366
f 16366 16374 16375 16367
f 16367 16375 16376 16368
f 16368 16376 16369 16361
g resonance_window_0
v 21.378 15.4045 0.882707
v 21.3545 15.4922 0.882707
v 21.2902 15.5565 0.882707
v 21.2024 15.58 0.882707
v 21.1146 15.5565 0.882707
v 21.0504 15.4922 0.882707
v 21.0268 15.4045 0.882707
v 21.0504 15.3167 0.882707
v 21.1146 15.2524 0.882707
v 21.2024 15.2289 0.882707
v 21.2902 15.2524 0.882707
v 21.3545 15.3167 0.882707
v 21.7024 15.4045 0.748323
v 21.6354 15.6545 0.748323
v 21.4524 15.8375 0.748323
v 21.2024 15.9045 0.748323
v 20.9524 15.8375 0.748323
v 20.7694 15.6545 0.748323
v 20.7024 15.4045 0.748323
v 20.7694 15.1545 0.748323
v 20.9524 14.9714 0.748323
v 21.2024 14.9044 0.748323
v 21.4524 14.9714 0.748323
v 21.6354 15.1545 0.748323
v 21.9507 15.4045 0.500013
v 21.8505 15.7786 0.500013
v 21.5766 16.0525 0.500013
v 21.2024 16.1528 0.500013
v 20.8283 16.0525 0.500013
v 20.5544 15.7786 0.500013
v 20.4541 15.4045 0.500013
v 20.5544 15.0303 0.500013
v 20.8283 14.7564 0.500013
v 21.2024 14.6561 0.500013
v 21.5766 14.7564 0.500013
v 21.8505 15.0303 0.500013
v 22.0851 15.4045 0.175581
v 21.9669 15.8458 0.175581
v 21.6438 16.1689 0.175581
v 21.2024 16.2872 0.175581
v 20.7611 16.1689 0.175581
v 20.438 15.8458 0.175581
v 20.3197 15.4045 0.175581
v 20.438 14.9631 0.175581
v 20.7611 14.64 0.175581
v 21.2024 14.5218 0.175581
v 21.6438 14.64 0.175581
v 21.9669 14.9631 0.175581
v 22.0851 15.4045 -0.175581
v 21.9669 15.8458 -0.175581
v 21.6438 16.1689 -0.175581
v 21.2024 16.2872 -0.175581
v 20.7611 16.1689 -0.175581
v 20.438 15.8458 -0.175581
v 20.3197 15.4045 -0.175581
v 20.438 14.9631 -0.175581
v 20.7611 14.64 -0.175581
v 21.2024 14.5218 -0.175581
v 21.6438 14.64 -0.175581
v 21.9669 14.9631 -0.175581
v 21.9507 15.4045 -0.500013
v 21.8505 15.7786 -0.500013
v 21.5766 16.0525 -0.500013
v 21.2024 16.1528 -0.500013
v 20.8283 16.0525 -0.500013
v 20.5544 15.7786 -0.500013
v 20.4541 15.4045 -0.500013
v 20.5544 15.0303 -0.500013
v 20.8283 14.7564 -0.500013
v 21.2024 14.6561 -0.500013
v 21.5766 14.7564 -0.500013
v 21.8505 15.0303 -0.500013
v 21.7024 15.4045 -0.748323
v 21.6354 15.6545 -0.748323
v 21.4524 15.8375 -0.748323
v 21.2024 15.9045 -0.748323
v 20.9524 15.8375 -0.748323
v 20.7694 15.6545 -0.748323
v 20.7024 15.4045 -0.748323
v 20.7694 15.1545 -0.748323
v 20.9524 14.9714 -0.748323
v 21.2024 14.9044 -0.748323
v 21.4524 14.9714 -0.748323
v 21.6354 15.1545 -0.748323
v 21.378 15.4045 -0.882707
v 21.3545 15.4922 -0.882707
v 21.2902 15.5565 -0.882707
v 21.2024 15.58 -0.882707
v 21.1146 15.5565 -0.882707
v 21.0504 15.4922 -0.882707
v 21.0268 15.4045 -0.882707
v 21.0504 15.3167 -0.882707
v 21.1146 15.2524 -0.882707
v 21.2024 15.2289 -0.882707
v 21.2902 15.2524 -0.882707
v 21.3545 15.3167 -0.882707
f 16377 16389 16390 16378
f 16378 16390 16391 16379
f 16379 16391 16392 16380
f 16380 16392 16393 16381
f 16381 16393 16394 16382
f 16382 16394 16395 16383
f 16383 16395 16396 16384
f 16384 16396 16397 16385
f 16385 16397 16398 16386
f 16386 16398 16399 16387
f 16387 16399 16400 16388
f 16388 16400 16389 16377
f 16389 16401 16402 16390
f 16390 16402 16403 16391
f 16391 16403 16404 16392
f 16392 16404 16405 16393
f 16393 16405 16406 16394
f 16394 16406 16407 16395
f 16395 16407 16408 16396
f 16396 16408 16409 16397
f 16397 16409 16410 16398
f 16398 16410 16411 16399
f 16399 16411 16412 16400
f 16400 16412 16401 16389
f 16401 16413 16414 16402
f 16402 16414 16415 16403
f 16403 16415 16416 16404
f 16404 16416 16417 16405
f 16405 16417 16418 16406
f 16406 16418 16419 16407
f 16407 16419 16420 16408
f 16408 16420 16421 16409
f 16409 16421 16422 16410
f 16410 16422 16423 16411
f 16411 16423 16424 16412
f 16412 16424 16413 16401
f 16413 16425 16426 16414
f 16414 16426 16427 16415
f 16415 16427 16428 16416
f 16416 16428 16429 16417
f 16417 16429 16430 16418
f 16418 16430 16431 16419
f 16419 16431 16432 16420
f 16420 16432 16433 16421
f 16421 16433 16434 16422
f 16422 16434 16435 16423
f 16423 16435 16436 16424
f 16424 16436 16425 16413
f 16425 16437 16438 16426
f 16426 16438 16439 16427
f 16427 16439 16440 16428
f 16428 16440 16441 16429
f 16429 16441 16442 16430
f 16430 16442 16443 16431
f 16431 16443 16444 16432
f 16432 16444 16445 16433
f 16433 16445 16446 16434
f 16434 16446 16447 16435
f 16435 16447 16448 16436
f 16436 16448 16437 16425
f 16437 16449 16450 16438
f 16438 16450 16451 16439
f 16439 16451 16452 16440
f 16440 16452 16453 16441
f 16441 16453 16454 16442
f 16442 16454 16455 16443
f 16443 16455 16456 16444
f 16444 16456 16457 16445
f 16445 16457 16458 16446
f 16446 16458 16459 16447
f 16447 16459 16460 16448
f 16448 16460 16449 16437
f 16449 16461 16462 16450
f 16450 16462 16463 16451
f 16451 16463 16464 16452
f 16452 16464 16465 16453
f 16453 16465 16466 16454
f 16454 16466 16467 16455
f 16455 16467 16468 16456
f 16456 16468 16469 16457
f 16457 16469 16470 16458
f 16458 16470 16471 16459
f 16459 16471 16472 16460
f 16460 16472 16461 16449
g resonance_window_1
v -7.92302 24.9249 0.882707
v -7.94655 25.0127 0.882707
v -8.01081 25.077 0.882707
v -8.0986 25.1005 0.882707
v -8.18639 25.077 0.882707
v -8.25066 25.0127 0.882707
v -8.27418 24.9249 0.882707
v -8.25066 24.8371 0.882707
v -8.18639 24.7729 0.882707
v -8.0986 24.7494 0.882707
v -8.01081 24.7729 0.882707
v -7.94655 24.8371 0.882707
v -7.59859 24.9249 0.748323
v -7.66558 25.1749 0.748323
v -7.8486 25.358 0.748323
v -8.0986 25.425 0.748323
v -8.34861 25.358 0.748323
v -8.53163 25.1749 0.748323
v -8.59862 24.9249 0.748323
v -8.53163 24.6749 0.748323
v -8.34861 24.4919 0.748323
v -8.0986 24.4249 0.748323
v -7.8486 24.4919 0.748323
v -7.66558 24.6749 0.748323
v -7.35028 24.9249 0.500013
v -7.45054 25.2991 0.500013
v -7.72444 25.573 0.500013
v -8.0986 25.6733 0.500013
v -8.47276 25.573 0.500013
v -8.74667 25.2991 0.500013
v -8.84693 24.9249 0.500013
v -8.74667 24.5508 0.500013
v -8.47276 24.2769 0.500013
v -8.0986 24.1766 0.500013
v -7.72444 24.2769 0.500013
v -7.45054 24.5508 0.500013
v -7.2159 24.9249 0.175581
v -7.33416 25.3663 0.175581
v -7.65725 25.6894 0.175581
v -8.0986 25.8076 0.175581
v -8.53996 25.6894 0.175581
v -8.86305 25.3663 0.175581
v -8.98131 24.9249 0.175581
v -8.86305 24.4836 0.175581
v -8.53996 24.1605 0.175581
v -8.0986 24.0422 0.175581
v -7.65725 24.1605 0.175581
v -7.33416 24.4836 0.175581
v -7.2159 24.9249 -0.175581
v -7.33416 25.3663 -0.175581
v -7.65725 25.6894 -0.175581
v -8.0986 25.8076 -0.175581
v -8.53996 25.6894 -0.175581
v -8.86305 25.3663 -0.175581
v -8.98131 24.9249 -0.175581
v -8.86305 24.4836 -0.175581
v -8.53996 24.1605 -0.175581
v -8.0986 24.0422 -0.175581
v -7.65725 24.1605 -0.175581
v -7.33416 24.4836 -0.175581
v -7.35028 24.9249 -0.500013
v -7.45054 25.2991 -0.500013
v -7.72444 25.573 -0.500013
v -8.0986 25.6733 -0.500013
v -8.47276 25.573 -0.500013
v -8.74667 25.2991 -0.500013
v -8.84693 24.9249 -0.500013
v -8.74667 24.5508 -0.500013
v -8.47276 24.2769 -0.500013
v -8.0986 24.1766 -0.500013
v -7.72444 24.2769 -0.500013
v -7.45054 24.5508 -0.500013
v -7.59859 24.9249 -0.748323
v -7.66558 25.1749 -0.748323
v -7.8486 25.358 -0.748323
v -8.0986 25.425 -0.748323
v -8.34861 25.358 -0.748323
v -8.53163 25.1749 -0.748323
v -8.59862 24.9249 -0.748323
v -8.53163 24.6749 -0.748323
v -8.34861 24.4919 -0.748323
v -8.0986 24.4249 -0.748323
v -7.8486 24.4919 -0.748323
v -7.66558 24.6749 -0.748323
v -7.92302 24.9249 -0.882707
v -7.94655 25.0127 -0.882707
v -8.01081 25.077 -0.882707
v -8.0986 25.1005 -0.882707
v -8.18639 25.077 -0.882707
v -8.25066 25.0127 -0.882707
v -8.27418 24.9249 -0.882707
v -8.25066 24.8371 -0.882707
v -8.18639 24.7729 -0.882707
v -8.0986 24.7494 -0.882707
v -8.01081 24.7729 -0.882707
v -7.94655 24.8371 -0.882707
f 16473 16485 16486 16474
f 16474 16486 16487 16475
f 16475 16487 16488 16476
f 16476 16488 16489 16477
f 16477 16489 16490 16478
f 16478 16490 16491 16479
f 16479 16491 16492 16480
f 16480 16492 16493 16481
f 16481 16493 16494 16482
f 16482 16494 16495 16483
f 16483 16495 16496 16484
f 16484 16496 16485 16473
f 16485 16497 16498 16486
f 16486 16498 16499 16487
f 16487 16499 16500 16488
f 16488 16500 16501 16489
f 16489 16501 16502 16490
f 16490 16502 16503 16491
f 16491 16503 16504 16492
f 16492 16504 16505 16493
f 16493 16505 16506 16494
f 16494 16506 16507 16495
f 16495 16507 16508 16496
f 16496 16508 16497 16485
f 16497 16509 16510 16498
f 16498 16510 16511 16499
f 16499 16511 16512 16500
f 16500 16512 16513 16501
f 16501 16513 16514 16502
f 16502 16514 16515 16503
f 16503 16515 16516 16504
f 16504 16516 16517 16505
f 16505 16517 16518 16506
f 16506 16518 16519 16507
f 16507 16519 16520 16508
f 16508 16520 16509 16497
f 16509 16521 16522 16510
f 16510 16522 16523 16511
f 16511 16523 16524 16512
f 16512 16524 16525 16513
f 16513 16525 16526 16514
f 16514 16526 16527 16515
f 16515 16527 16528 16516
f 16516 16528 16529 16517
f 16517 16529 16530 16518
f 16518 16530 16531 16519
f 16519 16531 16532 16520
f 16520 16532 16521 16509
f 16521 16533 16534 16522
f 16522 16534 16535 16523
f 16523 16535 16536 16524
f 16524 16536 16537 16525
f 16525 16537 16538 16526
f 16526 16538 16539 16527
f 16527 16539 16540 16528
f 16528 16540 16541 16529
f 16529 16541 16542 16530
f 16530 16542 16543 16531
f 16531 16543 16544 16532
f 16532 16544 16533 16521
f 16533 16545 16546 16534
f 16534 16546 16547 16535
f 16535 16547 16548 16536
f 16536 16548 16549 16537
f 16537 16549 16550 16538
f 16538 16550 16551 16539
f 16539 16551 16552 16540
f 16540 16552 16553 16541
f 16541 16553 16554 16542
f 16542 16554 16555 16543
f 16543 16555 16556 16544
f 16544 16556 16545 16533
f 16545 16557 16558 16546
f 16546 16558 16559 16547
f 16547 16559 16560 16548
f 16548 16560 16561 16549
f 16549 16561 16562 16550
f 16550 16562 16563 16551
f 16551 16563 16564 16552
f 16552 16564 16565 16553
f 16553 16565 16566 16554
f 16554 16566 16567 16555
f 16555 16567 16568 16556
f 16556 16568 16557 16545
g resonance_window_2
v -7.92302 -24.9249 0.882707
v -7.94655 -24.8371 0.882707
v -8.01081 -24.7729 0.882707
v -8.0986 -24.7494 0.882707
v -8.18639 -24.7729 0.882707
v -8.25066 -24.8371 0.882707
v -8.27418 -24.9249 0.882707
v -8.25066 -25.0127 0.882707
v -8.18639 -25.077 0.882707
v -8.0986 -25.1005 0.882707
v -8.01081 -25.077 0.882707
v -7.94655 -25.0127 0.882707
v -7.59859 -24.9249 0.748323
v -7.66558 -24.6749 0.748323
v -7.8486 -24.4919 0.748323
v -8.0986 -24.4249 0.748323
v -8.34861 -24.4919 0.748323
v -8.53163 -24.6749 0.748323
v -8.59862 -24.9249 0.748323
v -8.53163 -25.1749 0.748323
v -8.34861 -25.358 0.748323
v -8.0986 -25.425 0.748323
v -7.8486 -25.358 0.748323
v -7.66558 -25.1749 0.748323
v -7.35028 -24.9249 0.500013
v -7.45054 -24.5508 0.500013
v -7.72444 -24.2769 0.500013
v -8.0986 -24.1766 0.500013
v -8.47276 -24.2769 0.500013
v -8.74667 -24.5508 0.500013
v -8.84693 -24.9249 0.500013
v -8.74667 -25.2991 0.500013
v -8.47276 -25.573 0.500013
v -8.0986 -25.6733 0.500013
v -7.72444 -25.573 0.500013
v -7.45054 -25.2991 0.500013
v -7.2159 -24.9249 0.175581
v -7.33416 -24.4836 0.175581
v -7.65725 -24.1605 0.175581
v -8.0986 -24.0422 0.175581
v -8.53996 -24.1605 0.175581
v -8.86305 -24.4836 0.175581
v -8.98131 -24.9249 0.175581
v -8.86305 -25.3663 0.175581
v -8.53996 -25.6894 0.175581
v -8.0986 -25.8076 0.175581
v -7.65725 -25.6894 0.175581
v -7.33416 -25.3663 0.175581
v -7.2159 -24.9249 -0.175581
v -7.33416 -24.4836 -0.175581
v -7.65725 -24.1605 -0.175581
v -8.0986 -24.0422 -0.175581
v -8.53996 -24.1605 -0.175581
v -8.86305 -24.4836 -0.175581
v -8.98131 -24.9249 -0.175581
v -8.86305 -25.3663 -0.175581
v -8.53996 -25.6894 -0.175581
v -8.0986 -25.8076 -0.175581
v -7.65725 -25.6894 -0.175581
v -7.33416 -25.3663 -0.175581
v -7.35028 -24.9249 -0.500013
v -7.45054 -24.5508 -0.500013
v -7.72444 -24.2769 -0.500013
v -8.0986 -24.1766 -0.500013
v -8.47276 -24.2769 -0.500013
v -8.74667 -24.5508 -0.500013
v -8.84693 -24.9249 -0.500013
v -8.74667 -25.2991 -0.500013
v -8.47276 -25.573 -0.500013
v -8.0986 -25.6733 -0.500013
v -7.72444 -25.573 -0.500013
v -7.45054 -25.2991 -0.500013
v -7.59859 -24.9249 -0.748323
v -7.66558 -24.6749 -0.748323
v -7.8486 -24.4919 -0.748323
v -8.0986 -24.4249 -0.748323
v -8.34861 -24.4919 -0.748323
v -8.53163 -24.6749 -0.748323
v -8.59862 -24.9249 -0.748323
v -8.53163 -25.1749 -0.748323
v -8.34861 -25.358 -0.748323
v -8.0986 -25.425 -0.748323
v -7.8486 -25.358 -0.748323
v -7.66558 -25.1749 -0.748323
v -7.92302 -24.9249 -0.882707
v -7.94655 -24.8371 -0.882707
v -8.01081 -24.7729 -0.882707
v -8.0986 -24.7494 -0.882707
v -8.18639 -24.7729 -0.882707
v -8.25066 -24.8371 -0.882707
v -8.27418 -24.9249 -0.882707
v -8.25066 -25.0127 -0.882707
v -8.18639 -25.077 -0.882707
v -8.0986 -25.1005 -0.882707
v -8.01081 -25.077 -0.882707
v -7.94655 -25.0127 -0.882707
f 16569 16581 16582 16570
f 16570 16582 16583 16571
f 16571 16583 16584 16572
f 16572 16584 16585 16573
f 16573 16585 16586 16574
f 16574 16586 16587 16575
f 16575 16587 16588 16576
f 16576 16588 16589 16577
f 16577 16589 16590 16578
f 16578 16590 16591 16579
f 16579 16591 16592 16580
f 16580 16592 16581 16569
f 16581 16593 16594 16582
f 16582 16594 16595 16583
f 16583 16595 16596 16584
f 16584 16596 16597 16585
f 16585 16597 16598 16586
f 16586 16598 16599 16587
f 16587 16599 16600 16588
f 16588 16600 16601 16589
f 16589 16601 16602 16590
f 16590 16602 16603 16591
f 16591 16603 16604 16592
f 16592 16604 16593 16581
f 16593 16605 16606 16594
f 16594 16606 16607 16595
f 16595 16607 16608 16596
f 16596 16608 16609 16597
f 16597 16609 16610 16598
f 16598 16610 16611 16599
f 16599 16611 16612 16600
f 16600 16612 16613 16601
f 16601 16613 16614 16602
f 16602 16614 16615 16603
f 16603 16615 16616 16604
f 16604 16616 16605 16593
f 16605 16617 16618 16606
f 16606 16618 16619 16607
f 16607 16619 16620 16608
f 16608 16620 16621 16609
f 16609 16621 16622 16610
f 16610 16622 16623 16611
f 16611 16623 16624 16612
f 16612 16624 16625 16613
f 16613 16625 16626 16614
f 16614 16626 16627 16615
f 16615 16627 16628 16616
f 16616 16628 16617 16605
f 16617 16629 16630 16618
f 16618 16630 16631 16619
f 16619 16631 16632 16620
f 16620 16632 16633 16621
f 16621 16633 16634 16622
f 16622 16634 16635 16623
f 16623 16635 16636 16624
f 16624 16636 16637 16625
f 16625 16637 16638 16626
f 16626 16638 16639 16627
f 16627 16639 16640 16628
f 16628 16640 16629 16617
f 16629 16641 16642 16630
f 16630 16642 16643 16631
f 16631 16643 16644 16632
f 16632 16644 16645 16633
f 16633 16645 16646 16634
f 16634 16646 16647 16635
f 16635 16647 16648 16636
f 16636 16648 16649 16637
f 16637 16649 16650 16638
f 16638 16650 16651 16639
f 16639 16651 16652 16640
f 16640 16652 16641 16629
f 16641 16653 16654 16642
f 16642 16654 16655 16643
f 16643 16655 16656 16644
f 16644 16656 16657 16645
f 16645 16657 16658 16646
f 16646 16658 16659 16647
f 16647 16659 16660 16648
f 16648 16660 16661 16649
f 16649 16661 16662 16650
f 16650 16662 16663 16651
f 16651 16663 16664 16652
f 16652 16664 16653 16641
g resonance_window_3
v 21.378 -15.4045 0.882707
v 21.3545 -15.3167 0.882707
v 21.2902 -15.2524 0.882707
v 21.2024 -15.2289 0.882707
v 21.1146 -15.2524 0.882707
v 21.0504 -15.3167 0.882707
v 21.0268 -15.4045 0.882707
v 21.0504 -15.4922 0.882707
v 21.1146 -15.5565 0.882707
v 21.2024 -15.58 0.882707
v 21.2902 -15.5565 0.882707
v 21.3545 -15.4922 0.882707
v 21.7024 -15.4045 0.748323
v 21.6354 -15.1545 0.748323
v 21.4524 -14.9714 0.748323
v 21.2024 -14.9044 0.748323
v 20.9524 -14.9714 0.748323
v 20.7694 -15.1545 0.748323
v 20.7024 -15.4045 0.748323
v 20.7694 -15.6545 0.748323
v 20.9524 -15.8375 0.748323
v 21.2024 -15.9045 0.748323
v 21.4524 -15.8375 0.748323
v 21.6354 -15.6545 0.748323
v 21.9507 -15.4045 0.500013
v 21.8505 -15.0303 0.500013
v 21.5766 -14.7564 0.500013
v 21.2024 -14.6561 0.500013
v 20.8283 -14.7564 0.500013
v 20.5544 -15.0303 0.500013
v 20.4541 -15.4045 0.500013
v 20.5544 -15.7786 0.500013
v 20.8283 -16.0525 0.500013
v 21.2024 -16.1528 0.500013
v 21.5766 -16.0525 0.500013
v 21.8505 -15.7786 0.500013
v 22.0851 -15.4045 0.175581
v 21.9669 -14.9631 0.175581
v 21.6438 -14.64 0.175581
v 21.2024 -14.5218 0.175581
v 20.7611 -14.64 0.175581
v 20.438 -14.9631 0.175581
v 20.3197 -15.4045 0.175581
v 20.438 -15.8458 0.175581
v 20.7611 -16.1689 0.175581
v 21.2024 -16.2872 0.175581
v 21.6438 -16.1689 0.175581
v 21.9669 -15.8458 0.175581
v 22.0851 -15.4045 -0.175581
v 21.9669 -14.9631 -0.175581
v 21.6438 -14.64 -0.175581
v 21.2024 -14.5218 -0.175581
v 20.7611 -14.64 -0.175581
v 20.438 -14.9631 -0.175581
v 20.3197 -15.4045 -0.175581
v 20.438 -15.8458 -0.175581
v 20.7611 -16.1689 -0.175581
v 21.2024 -16.2872 -0.175581
v 21.6438 -16.1689 -0.175581
v 21.9669 -15.8458 -0.175581
v 21.9507 -15.4045 -0.500013
v 21.8505 -15.0303 -0.500013
v 21.5766 -14.7564 -0.500013
v 21.2024 -14.6561 -0.500013
v 20.8283 -14.7564 -0.500013
v 20.5544 -15.0303 -0.500013
v 20.4541 -15.4045 -0.500013
v 20.5544 -15.7786 -0.500013
v 20.8283 -16.0525 -0.500013
v 21.2024 -16.1528 -0.500013
v 21.5766 -16.0525 -0.500013
v 21.8505 -15.7786 -0.500013
v 21.7024 -15.4045 -0.748323
v 21.6354 -15.1545 -0.748323
v 21.4524 -14.9714 -0.748323
v 21.2024 -14.9044 -0.748323
v 20.9524 -14.9714 -0.748323
v 20.7694 -15.1545 -0.748323
v 20.7024 -15.4045 -0.748323
v 20.7694 -15.6545 -0.748323
v 20.9524 -15.8375 -0.748323
v 21.2024 -15.9045 -0.748323
v 21.4524 -15.8375 -0.748323
v 21.6354 -15.6545 -0.748323
v 21.378 -15.4045 -0.882707
v 21.3545 -15.3167 -0.882707
v 21.2902 -15.2524 -0.882707
v 21.2024 -15.2289 -0.882707
v 21.1146 -15.2524 -0.882707
v 21.0504 -15.3167 -0.882707
v 21.0268 -15.4045 -0.882707
v 21.0504 -15.4922 -0.882707
v 21.1146 -15.5565 -0.882707
v 21.2024 -15.58 -0.882707
v 21.2902 -15.5565 -0.882707
v 21.3545 -15.4922 -0.882707
f 16665 16677 16678 16666
f 16666 16678 16679 16667
f 16667 16679 16680 16668
f 16668 16680 16681 16669
f 16669 16681 16682 16670
f 16670 16682 16683 16671
f 16671 16683 16684 16672
f 16672 16684 16685 16673
f 16673 16685 16686 16674
f 16674 16686 16687 16675
f 16675 16687 16688 16676
f 16676 16688 16677 16665
f 16677 16689 16690 16678
f 16678 16690 16691 16679
f 16679 16691 16692 16680
f 16680 16692 16693 16681
f 16681 16693 16694 16682
f 16682 16694 16695 16683
f 16683 16695 16696 16684
f 16684 16696 16697 16685
f 16685 16697 16698 16686
f 16686 16698 16699 16687
f 16687 16699 16700 16688
f 16688 16700 16689 16677
f 16689 16701 16702 16690
f 16690 16702 16703 16691
f 16691 16703 16704 16692
f 16692 16704 16705 16693
f 16693 16705 16706 16694
f 16694 16706 16707 16695
f 16695 16707 16708 16696
f 16696 16708 16709 16697
f 16697 16709 16710 16698
f 16698 16710 16711 16699
f 16699 16711 16712 16700
f 16700 16712 16701 16689
f 16701 16713 16714 16702
f 16702 16714 16715 16703
f 16703 16715 16716 16704
f 16704 16716 16717 16705
f 16705 16717 16718 16706
f 16706 16718 16719 16707
f 16707 16719 16720 16708
f 16708 16720 16721 16709
f 16709 16721 16722 16710
f 16710 16722 16723 16711
f 16711 16723 16724 16712
f 16712 16724 16713 16701
f 16713 16725 16726 16714
f 16714 16726 16727 16715
f 16715 16727 16728 16716
f 16716 16728 16729 16717
f 16717 16729 16730 16718
f 16718 16730 16731 16719
f 16719 16731 16732 16720
f 16720 16732 16733 16721
f 16721 16733 16734 16722
f 16722 16734 16735 16723
f 16723 16735 16736 16724
f 16724 16736 16725 16713
f 16725 16737 16738 16726
f 16726 16738 16739 16727
f 16727 16739 16740 16728
f 16728 16740 16741 16729
f 16729 16741 16742 16730
f 16730 16742 16743 16731
f 16731 16743 16744 16732
f 16732 16744 16745 16733
f 16733 16745 16746 16734
f 16734 16746 16747 16735
f 16735 16747 16748 16736
f 16736 16748 16737 16725
f 16737 16749 16750 16738
f 16738 16750 16751 16739
f 16739 16751 16752 16740
f 16740 16752 16753 16741
f 16741 16753 16754 16742
f 16742 16754 16755 16743
f 16743 16755 16756 16744
f 16744 16756 16757 16745
f 16745 16757 16758 16746
f 16746 16758 16759 16747
f 16747 16759 16760 16748
f 16748 16760 16749 16737
